Date,Symbol,Company_Name,Open,High,Low,Close,Volume,Previous_Close,Change,RSI_14,MACD,MACD_Signal,MACD_Histogram,ROC_12,SMA_20,SMA_50,BB_Upper,BB_Middle,BB_Lower,Volume_MA_20,OBV,Return_1d,Return_2d,Return_5d,Volatility_20d
2016-01-01,PTC,PTC,10.27252347397836,10.39095702982726,10.27252347397836,10.334856986999512,808000,10.334856986999512,0.0,,0.0,0.0,0.0,,,,,,,,808000.0,,,,
2016-01-04,PTC,PTC,10.347324321039109,10.403424366001124,10.16032377486142,10.19149112701416,769500,10.334856986999512,-0.14336585998535156,0.0,-0.011436592819343616,-0.0022873185638687234,-0.009149274255474894,,,,,,,,38500.0,-1.387207004080417,,,
2016-01-05,PTC,PTC,10.14162487370868,10.191491449819624,10.035658250858813,10.160324096679688,404500,10.19149112701416,-0.031167030334472656,0.0,-0.02275281362677184,-0.006380417576449347,-0.016372396050322494,,,,,,,,-366000.0,-0.3058142321476345,-1.6887789597802245,,
2016-01-06,PTC,PTC,10.191490988440616,10.222657151256673,10.048124737226113,10.066823959350586,1226500,10.160324096679688,-0.09350013732910156,0.0,-0.03881820768019395,-0.012867975597198269,-0.025950232082995683,,,,,,,,-1592500.0,-0.9202475869805832,-1.2232475710362358,,
2016-01-07,PTC,PTC,9.973324114284631,10.085524200796394,9.910990600787777,10.04189109802246,453000,10.066823959350586,-0.024932861328126776,0.0,-0.052951628338762546,-0.020884706145511127,-0.03206692219325142,,,,,,,,-2045500.0,-0.247673560487445,-1.1656419375040536,,
2016-01-08,PTC,PTC,10.066824356231908,10.066824356231908,9.904758282047077,9.923458099365234,872000,10.04189109802246,-0.11843299865722479,0.0,-0.07286903041897119,-0.031281571000203144,-0.04158745941876805,,,,,,,,-2917500.0,-1.1793893948974181,-1.4241419196785094,-3.980692603214411,
2016-01-11,PTC,PTC,10.035657293129516,10.041890763162629,9.848657353331149,9.854890823364258,574500,9.923458099365234,-0.06856727600097656,0.0,-0.0931131705283974,-0.04364789090584199,-0.04946527962255541,,,,,,,,-3492000.0,-0.6909615107395127,-1.8622017788564462,-3.3027581484881043,
2016-01-12,PTC,PTC,9.879824412700234,9.879824412700234,9.674124650936696,9.742691040039062,593000,9.854890823364258,-0.11219978332519531,0.0,-0.11686325537479014,-0.058290963799631626,-0.05857229157515852,,,,,,,,-4085000.0,-1.1385187856083483,-1.8216135697467686,-4.1104304613383755,
2016-01-13,PTC,PTC,9.723991804102209,9.854891714350154,9.630491528521404,9.66165828704834,764000,9.742691040039062,-0.08103275299072266,0.0,-0.14060324795313583,-0.07475342063033247,-0.06584982732280337,,,,,,,,-4849000.0,-0.8317286533844325,-1.9607780520287117,-4.024761671986002,
2016-01-14,PTC,PTC,9.599325752258446,9.71775932788838,9.194159633318549,9.399859428405762,1072000,9.66165828704834,-0.2617988586425781,0.0,-0.17848488045805055,-0.09549971259587609,-0.08298516786217447,,,,,,,,-5921000.0,-2.709667956209185,-3.5188595247902494,-6.393533482384928,
2016-01-15,PTC,PTC,9.412325039994034,9.487124900862264,9.194158333286024,9.318824768066406,1232000,9.399859428405762,-0.08103466033935547,0.0,-0.21259450982135952,-0.11891867204097278,-0.09367583778038674,,,,,,,,-7153000.0,-0.8620837466406575,-3.5483920958114332,-6.09297006390851,
2016-01-18,PTC,PTC,9.10065856881443,9.630491060180088,8.695491916580925,9.04455852508545,4514500,9.318824768066406,-0.27426624298095703,0.0,-0.25877463756805774,-0.1468898651463898,-0.11188477242166794,,,,,,,,-11667500.0,-2.9431419713010167,-3.7798533693665286,-8.222641050042375,
2016-01-19,PTC,PTC,9.03832450308435,9.66789069734804,8.851324566887875,9.611790657043455,6762000,9.04455852508545,0.567232131958006,37.97698978677103,-0.2467573637368492,-0.16686336486448167,-0.07989399887236753,-6.996384476975546,,,,,,,-4905500.0,6.271529233679729,3.1438072532598706,-1.3435752243158725,
2016-01-20,PTC,PTC,9.53699175326019,9.53699175326019,9.25649211819946,9.34999179840088,3340500,9.611790657043455,-0.2617988586425746,31.94670039247896,-0.25541431041338036,-0.1845735539742614,-0.07084075643911897,-8.25688133488879,,,,,,,-8246000.0,-2.723726181559418,3.3769837683984236,-3.225807406842931,
2016-01-21,PTC,PTC,9.399859123522395,9.406092594554742,9.162992574401803,9.21285915374756,2193500,9.34999179840088,-0.1371326446533203,29.320395032118228,-0.2702254703697484,-0.2017039372533588,-0.06852153311638962,-9.325144886291088,,,,,,,-10439500.0,-1.4666605876250496,-4.150438950764711,-1.9893943742722229,
2016-01-22,PTC,PTC,9.287658607793372,9.349992126418758,9.162992164999086,9.275192260742188,1303500,9.21285915374756,0.06233310699462713,32.05466542212156,-0.27377772139730716,-0.2161186940821485,-0.05765902731515865,-7.8637681736064335,,,,,,,-9136000.0,0.6765880814456127,-0.7999957569105683,-0.46821899123737043,
2016-01-25,PTC,PTC,9.368691771032086,9.437258759143766,9.244025330542412,9.29389190673828,1603000,9.275192260742188,0.018699645996091974,32.89337582802618,-0.2719491403690988,-0.22728478333953858,-0.0446643570295602,-7.448788121507138,,,,,,,-7533000.0,0.20160925477781586,0.8795614004123465,2.7567225195270066,
2016-01-26,PTC,PTC,9.23779218720146,9.287658765164116,9.106892271435362,9.21909236907959,1987500,9.29389190673828,-0.07479953765868963,31.232600996232534,-0.2733842705976155,-0.236504680791154,-0.0368795898064615,-7.0979866416798805,,,,,,,-9520500.0,-0.8048247000210782,-0.6048380463232427,-4.085589272339163,
2016-01-27,PTC,PTC,9.225324461405826,9.34999088768366,9.206624646078254,9.244024276733398,357000,9.21909236907959,0.024931907653808594,32.45672579631132,-0.26940429998834325,-0.24308460463059187,-0.026319695357751388,-6.198613029609618,,,,,,,-9163500.0,0.2704377682279121,-0.5365634817500502,-1.1333434718692028,
2016-01-28,PTC,PTC,9.22532610970364,9.300125978834904,9.212859167620172,9.250259399414062,613500,9.244024276733398,0.0062351226806640625,32.77899756281954,-0.26271856622035905,-0.24701139694854532,-0.01570716927181373,-5.054369871745678,9.609921503067017,,10.410224395965555,9.609921503067017,8.80961861016848,1572200.0,-8550000.0,0.06745030620870886,0.3380704855393947,0.40595698948994186,
2016-01-29,PTC,PTC,9.287658724607937,9.34375877318508,9.044559306715644,9.06325912475586,3808000,9.250259399414062,-0.18700027465820312,28.4020463418381,-0.2694039127712209,-0.2514899001130804,-0.017914012658140466,-6.1935450883690155,9.546341609954833,,10.305116615181802,9.546341609954833,8.787566604727864,1722200.0,-12358000.0,-2.0215678997072044,-1.9554811472370652,-2.284946015441081,0.3038717404050158
2016-02-01,PTC,PTC,9.069491798291253,9.337524481493308,9.069491798291253,9.26895809173584,1543000,9.06325912475586,0.20569896697998047,38.180614594094436,-0.25516255543493216,-0.2522244311774508,-0.002938124257481356,-1.392588236738377,9.500214958190918,,10.204029081739444,9.500214958190918,8.796400834642393,1760875.0,-10815000.0,2.2695915911542635,0.20214235638583034,-0.26828174087501555,0.3192374968696595
2016-02-02,PTC,PTC,9.337525420674584,9.630492014480645,9.31882560239741,9.53075885772705,4403000,9.26895809173584,0.26180076599121094,47.92826973342152,-0.22021256985951077,-0.2458220589138628,0.025609489054352036,2.2742576981047735,9.468736696243287,,10.10090993332361,9.468736696243287,8.836563459162964,1960800.0,-6412000.0,2.8244896934492703,5.158185665179077,3.3806634771637167,0.3398428923035589
2016-02-03,PTC,PTC,9.505824514144946,9.561924557210308,9.349991325388473,9.480891227722168,1587500,9.53075885772705,-0.04986763000488281,46.42659857946847,-0.19429860213146988,-0.23551736755738423,0.04121876542591435,4.824256501039076,9.439440059661866,,10.00579084514408,9.439440059661866,8.873089274179652,1978850.0,-7999500.0,-0.5232283257744235,2.2864828375401407,2.5623791532541524,0.33917016591007343
2016-02-04,PTC,PTC,9.505824820581145,9.69282477200846,9.412325142095716,9.630491256713867,2498500,9.480891227722168,0.14960002899169922,51.35101225100884,-0.15984750143202575,-0.22038339433231255,0.0605358929002868,0.19455895719813934,9.418870067596435,,9.919116022435142,9.418870067596435,8.918624112757728,2081125.0,-5501000.0,1.57791103598223,1.0464266327120268,4.110499402037197,0.34551829844543863
2016-02-05,PTC,PTC,9.630491256713867,9.630491256713867,9.630491256713867,9.630491256713867,0,9.630491256713867,0.0,51.35101225100884,-0.13103427437198079,-0.20251357034024622,0.07147929596826544,2.999996838082361,9.404221725463866,,9.857177292045899,9.404221725463866,8.951266158881834,2037525.0,-5501000.0,0.0,1.57791103598223,6.258588926456271,0.34355521386898386
2016-02-08,PTC,PTC,9.655424769579904,9.836191254810831,9.474658284348973,9.50582504272461,2824500,9.630491256713867,-0.12466621398925781,47.16135902389467,-0.11691142380987252,-0.1853931410341715,0.068481717224299,3.179967088261387,9.386768436431884,,9.790873631824107,9.386768436431884,8.982663241039662,2150025.0,-8325500.0,-1.2944948566600603,-1.2944948566600603,2.5554862654947055,0.3455295894167243
2016-02-09,PTC,PTC,9.50582471746521,9.536991474774418,9.26272472380112,9.318824768066406,3080500,9.50582504272461,-0.18700027465820312,41.66943144690852,-0.11943158931018516,-0.17220083068937425,0.05276924137918909,0.470421594481615,9.365575122833253,,9.733966249066695,9.365575122833253,8.99718399659981,2274400.0,-11406000.0,-1.9672177198477463,-3.2362470443050726,-2.2236853625650097,0.349873400914257
2016-02-10,PTC,PTC,9.349991203667374,9.599324064649265,9.225324773176428,9.393624305725098,13231000,9.318824768066406,0.0747995376586914,44.45567780570053,-0.11407811951218783,-0.16057628845393698,0.04649816894174916,1.0730961795941478,9.35217342376709,,9.693736860038385,9.35217342376709,9.010609987495794,2897750.0,1825000.0,0.8026713616830012,-1.1803366514239162,-0.9204506190504691,0.35076475272477015
2016-02-11,PTC,PTC,9.424792427387011,9.49335882547654,9.212859167620172,9.250259399414062,1865500,9.393624305725098,-0.14336490631103516,40.46596335780874,-0.12002028676065102,-0.1524650881152798,0.032444801354628794,0.3380704855393947,9.344693422317505,,9.688405362488226,9.344693422317505,9.000981482146784,2937425.0,-40500.0,-1.5261937421071765,-0.7357727005158677,-3.948208322547692,0.34156070461969
2016-02-12,PTC,PTC,9.250258067580692,9.337524271774496,9.100658350857229,9.169224739074709,2945000,9.250259399414062,-0.08103466033935369,38.369838296695605,-0.12977238173440142,-0.14792654683910414,0.01815416510470272,-0.8091663913838386,9.33721342086792,,9.68969517186045,9.33721342086792,8.98473166987539,3023075.0,-2985500.0,-0.876025815497527,-2.3888497064293372,-4.789646813890079,0.34160456282646834
2016-02-15,PTC,PTC,9.28765797620255,9.343758020259116,9.162991541885988,9.20039176940918,995500,9.169224739074709,0.03116703033447088,39.66436345864718,-0.13344776561325844,-0.145030790593935,0.011583024980676565,-0.5390943956451812,9.345005083084107,,9.676513645805537,9.345005083084107,9.013496520362677,2847125.0,-1990000.0,0.3399091114175922,-0.5390943956451812,-3.213116925071081,0.3242828772623324
2016-02-16,PTC,PTC,9.244024905105992,9.256491845809434,9.0383251391508,9.057024955749512,2590000,9.20039176940918,-0.14336681365966797,35.92613702681757,-0.14624323651554683,-0.14527327977825738,-0.0009699567372894458,-0.06878506859987399,9.317266798019409,,9.64762064852996,9.317266798019409,8.986912947508857,2638525.0,-4580000.0,-1.5582685743487046,-1.2236561597956805,-2.8093651166617684,0.2330807482725726
2016-02-17,PTC,PTC,9.100658550262123,9.100658550262123,8.982224992752053,9.007158279418945,646000,9.057024955749512,-0.049866676330566406,34.701084702894136,-0.1585795569979478,-0.14793453522219546,-0.010645021775752328,-2.8244794045440127,9.300125122070312,,9.65777962829861,9.300125122070312,8.942470615842016,2503800.0,-5226000.0,-0.5505856125405774,-2.100274584314177,-4.114131178001385,0.21500695654207494
2016-02-18,PTC,PTC,9.03209223943104,9.138058864279284,8.851325749005767,8.894959449768066,1329000,9.007158279418945,-0.1121988296508789,32.05275490889446,-0.1753879249036263,-0.15342521315848165,-0.021962711745144664,-6.671026068858208,9.284230136871338,,9.683992014510881,9.284230136871338,8.884468259231795,2460575.0,-6555000.0,-1.2456629068820682,-1.789390078676598,-3.8409728236215925,0.21338706031782106
2016-02-19,PTC,PTC,8.888725605537124,9.038325330405316,8.757825697663339,8.813925743103027,783000,8.894959449768066,-0.08103370666503906,30.256727221292707,-0.1930223786388634,-0.161344646254558,-0.03167773238430541,-7.034839537752849,9.26116681098938,,9.712961269132995,9.26116681098938,8.809372352845765,2434550.0,-7338000.0,-0.9110070385666793,-2.1453218686902376,-3.8749077057471673,0.21250353694842372
2016-02-22,PTC,PTC,8.845090562131977,8.876257315356208,8.626924478475113,8.732891082763672,1109000,8.813925743103027,-0.08103466033935547,28.534809346238546,-0.2111031642574872,-0.17129634985514383,-0.03980681440234338,-9.320398617510152,9.23311676979065,,9.742363855069692,9.23311676979065,8.723869684511607,2409850.0,-8447000.0,-0.919393499573851,-1.8220247986472882,-5.081312821916161,0.2130947443115408
2016-02-23,PTC,PTC,8.714192437735619,8.757826138862688,8.302792876394486,8.527193069458008,2744000,8.732891082763672,-0.20569801330566406,24.693210536019038,-0.239272246196661,-0.18489152912344725,-0.054380717073213736,-11.456302257547852,9.19852180480957,,9.797824061507418,9.19852180480957,8.599219548111721,2447675.0,-11191000.0,-2.3554400410610348,-3.2531777780110107,-5.849955022539273,0.2247352047783897
2016-02-24,PTC,PTC,8.464859730134933,8.658093167769755,8.458626259204921,8.589526176452637,1073000,8.527193069458008,0.062333106994628906,27.86256693085116,-0.2536428489107241,-0.19864179308090263,-0.055001055829821455,-9.639340742687793,9.165796899795533,,9.823290063728457,9.165796899795533,8.508303735862608,2483475.0,-10118000.0,0.7309920918512852,-1.6416660296382044,-4.636668858374389,0.22708498960326262
2016-02-25,PTC,PTC,8.645625489159569,8.651858959558385,8.427459375309072,8.464859008789062,1595000,8.589526176452637,-0.12466716766357422,25.54681658843178,-0.2719563105782594,-0.213304696580374,-0.05865161399788543,-9.16387828434868,9.126526880264283,,9.852981763489025,9.126526880264283,8.400071997039541,2532550.0,-11713000.0,-1.4513858518219238,-0.7310032757697051,-4.8353277314852585,0.22970624390409547
2016-02-26,PTC,PTC,8.508492501826513,8.645625884590372,8.48355921354731,8.583292961120605,2103000,8.464859008789062,0.11843395233154297,31.38154147068643,-0.2737575243987038,-0.22539526214403996,-0.04836226225466386,-8.626397205502698,9.10252857208252,,9.868424156359959,9.10252857208252,8.33663298780508,2447300.0,-9610000.0,1.3991249258679088,-0.07256762717737578,-2.6166862383982985,0.23041631021750816
2016-02-29,PTC,PTC,8.583293458695739,8.601993277375051,8.508492995065447,8.533426284790039,1382500,8.583292961120605,-0.049866676330566406,30.3046659704856,-0.276026956422303,-0.2355216009996926,-0.04050535542261041,-7.74932986927296,9.065751981735229,,9.867783546281759,9.065751981735229,8.263720417188699,2439275.0,-10992500.0,-0.5809737190195589,0.8100226587328054,-2.284063731967544,0.21021333271048162
2016-03-01,PTC,PTC,8.589526335284498,8.601993277375051,8.508492995065447,8.533426284790039,1697000,8.533426284790039,0.0,30.304665970485615,-0.2746593951140426,-0.2433491598225626,-0.03131023529147997,-6.934048105236319,9.015885353088379,,9.82019808813731,9.015885353088379,8.211572618039447,2303975.0,-10992500.0,0.0,-0.5809737190195589,0.07309809079328652,0.1733519476498118
2016-03-02,PTC,PTC,8.589525118834825,8.633158815515838,8.508491790091727,8.539658546447754,1574500,8.533426284790039,0.006232261657714844,30.649606934998843,-0.2699607618757405,-0.24867148023319818,-0.02128928164254229,-7.181577040646564,8.968823719024659,,9.768709328579744,8.968823719024659,8.168938109469574,2303325.0,-9418000.0,0.07303352076554775,0.07303352076554775,-0.5805632229352784,0.17473989744841645
2016-03-03,PTC,PTC,8.614459625009088,8.614459625009088,8.508492995065447,8.533426284790039,1058000,8.539658546447754,-0.006232261657714844,30.487111177255542,-0.263700181073407,-0.25167722040123996,-0.012022960672167016,-5.781133137179728,8.913970470428467,,9.672184453896195,8.913970470428467,8.155756486960739,2231300.0,-10476000.0,-0.07298022074087823,0.0,0.8100226587328054,0.1574800030579546
2016-03-04,PTC,PTC,8.658092498779297,8.788992405912685,8.508492180300811,8.658092498779297,3484000,8.533426284790039,0.12466621398925781,37.61241029602159,-0.24584515418840525,-0.250510807158673,0.004665652970267775,-3.8754262977397884,8.865350532531739,,9.551378557802934,8.865350532531739,8.179322507260544,2405500.0,-6992000.0,1.4609162817924919,1.386869881124322,0.8714550231188408,0.17264793095199527
2016-03-07,PTC,PTC,8.664324890262044,9.281424757643476,8.664324890262044,9.237791061401367,10735000,8.658092498779297,0.5796985626220703,58.773961649104194,-0.182810758850664,-0.23697079749707123,0.05416003864640723,3.8542234348492728,8.851948833465576,,9.49438267327098,8.851948833465576,8.209514993660171,2801025.0,3743000.0,6.69545356213048,8.25418481515199,8.25418481515199,0.3064946691094814
2016-03-08,PTC,PTC,9.343757866428444,9.41232485001604,9.119358288353023,9.256491661071776,2011500,9.237791061401367,0.01870059967040838,59.25410525246924,-0.1298497373576346,-0.21554658546918393,0.08569684811154932,5.02121223695423,8.848832178115845,,9.48227114177718,8.848832178115845,8.215393214454512,2747575.0,5754500.0,0.20243583716182809,6.911443396762588,8.473330080445256,0.2987834541713785
2016-03-09,PTC,PTC,9.225325312134803,9.312591521348484,9.162991796019492,9.194158554077148,1050000,9.256491661071776,-0.06233310699462713,56.87628673697869,-0.09184873204662836,-0.19080701478467282,0.09895828273804447,5.281956077797556,8.838858890533448,,9.441725007742892,8.838858890533448,8.235992773324003,2138525.0,4704500.0,-0.6733988348606129,-0.47232619826757294,7.6642409537749865,0.2980046284936551
2016-03-10,PTC,PTC,9.237791061401367,9.692824272926808,9.194157959615689,9.237791061401367,7173500,9.194158554077148,0.04363250732421875,58.142507828622584,-0.05754849958568364,-0.16415531174487502,0.10660681215919138,8.333316557455703,8.838235473632812,9.260730457305907,9.439333523756993,8.838235473632812,8.237137423508631,2403925.0,11878000.0,0.4745677058709187,-0.20202686239165374,8.25418481515199,0.293655362412767
2016-03-11,PTC,PTC,9.287659133531251,9.343759184578406,9.169226154786775,9.300126075744627,771500,9.237791061401367,0.06233501434325994,59.9516974342305,-0.025046680991055226,-0.13633358559411105,0.11128690460305582,8.272864936834722,8.844780540466308,9.24003583908081,9.463641444714723,8.844780540466308,8.225919636217894,2295250.0,12649500.0,0.6747826826666045,1.1525526892342683,7.415416005960325,0.2926136693204672
2016-03-14,PTC,PTC,9.331291981251889,9.412325314839473,9.300125223032593,9.34999179840088,1562500,9.300126075744627,0.04986572265625355,61.38940995401923,0.004681031464389918,-0.10813066218241087,0.11281169364680078,10.45655679194166,8.852260541915893,9.223205852508546,9.492467243716408,8.852260541915893,8.212053840115377,2323600.0,14212000.0,0.5361832974104169,1.2145840521152977,1.2145840521152977,0.2929217979036529
2016-03-15,PTC,PTC,9.34999179840088,9.393624903234011,9.306358693567743,9.34999179840088,1215500,9.34999179840088,0.0,61.38940995401923,0.027918629183449895,-0.08092080390923873,0.10883943309268862,8.93245565254687,8.866908884048462,9.206999206542969,9.539433336330777,8.866908884048462,8.194384431766146,2254875.0,14212000.0,0.0,0.5361832974104169,1.010103403672046,0.286396645262233
2016-03-16,PTC,PTC,9.34999233902704,9.462192437321448,9.318825579005653,9.412325859069824,1419000,9.34999179840088,0.062334060668943536,63.299494773431924,0.050779080906350416,-0.0545808269461209,0.10535990785247132,10.299492196309634,8.887167263031007,9.193909244537354,9.600642841518882,8.887167263031007,8.173691684543131,2293525.0,15631000.0,0.6666750304487375,0.6666750304487375,2.372890392410402,0.2855683596293715
2016-03-17,PTC,PTC,9.41232409871359,9.443490258449572,9.343757120599086,9.356224060058594,2058500,9.412325859069824,-0.05610179901123047,60.40320348180805,0.06363565505979274,-0.030937530544938176,0.09457318560473091,9.642056400429775,8.910230493545532,9.180195903778076,9.653946690668105,8.910230493545532,8.166514296422958,2330000.0,13572500.0,-0.5960460767215165,0.06665526336374931,1.2820488996777586,0.2820092249788294
2016-03-18,PTC,PTC,9.349991679416018,9.381158437238696,9.050792231013808,9.262724876403809,2591000,9.356224060058594,-0.09349918365478516,55.819235326244495,0.06552465258008588,-0.011645093919933364,0.07716974650001925,8.46715739304154,8.932670450210571,9.166981239318847,9.691089458929293,8.932670450210571,8.17425144149185,2420400.0,10981500.0,-0.9993260427989324,-1.5894156758486895,-0.40215798190482016,0.28251578851307524
2016-03-21,PTC,PTC,9.287658281962289,9.40609184430432,9.22532535998016,9.34999179840088,603000,9.262724876403809,0.08726692199707209,58.95047478259431,0.07321938056777277,0.005327800977607863,0.06789157959016491,9.569022879664248,8.963525485992431,9.15688325881958,9.737768989517866,8.963525485992431,8.189281982466996,2395100.0,11584500.0,0.9421301308363257,-0.0666108637171098,0.0,0.2798955848549623
2016-03-22,PTC,PTC,9.29389175249744,9.393624903234011,9.29389175249744,9.34999179840088,2310000,9.34999179840088,0.0,58.95047478259431,0.07841360471119962,0.019944961724326218,0.058468642986873404,7.991359525428201,9.004665422439576,9.149029273986816,9.768660752896396,9.004665422439576,8.240670091982755,2373400.0,11584500.0,0.0,0.9421301308363257,0.0,0.26151223007382896
2016-03-23,PTC,PTC,9.34999179840088,9.34999179840088,9.34999179840088,9.34999179840088,0,9.34999179840088,0.0,58.95047478259431,0.08158955120862821,0.032273879621186614,0.049315671587441594,1.2145840521152977,9.042688703536987,9.142795944213868,9.795300495943149,9.042688703536987,8.290076911130825,2319750.0,11584500.0,0.0,0.0,-0.6622599089987702,0.26184693493496747
2016-03-24,PTC,PTC,9.3499922410787,9.406092289638211,9.28765872168891,9.362459182739258,706500,9.34999179840088,0.01246738433837713,59.46311557235206,0.08414258210159886,0.04264762011726907,0.041494961984329795,1.1447914128538486,9.087568712234496,9.142047939300538,9.801136194743831,9.087568712234496,8.374001229725161,2275325.0,12291000.0,0.133341125930286,0.133341125930286,0.06664144253750391,0.2525620248104929
2016-03-25,PTC,PTC,9.381159000773597,9.443491925706889,9.318825481383806,9.362459182739258,431500,9.362459182739258,0.0,59.46311557235206,0.08518393015619097,0.05115488212505345,0.034029048031137515,1.8305169273753332,9.126527023315429,9.142920627593995,9.808554011516913,9.126527023315429,8.444500035113945,2191750.0,12291000.0,0.0,0.133341125930286,1.0767275036907973,0.25095706213888436
2016-03-28,PTC,PTC,9.28765697475459,9.406090520427483,9.262723690579726,9.306357383728027,246000,9.362459182739258,-0.05610179901123047,55.82477925138338,0.08055368691423581,0.05703464308288993,0.023519043831345884,0.7422372066105021,9.16517357826233,9.148156604766847,9.790972134772518,9.16517357826233,8.539375021752141,2134925.0,12045000.0,-0.5992207593776261,-0.5992207593776261,-0.4666786411547023,0.2510569964770501
2016-03-29,PTC,PTC,9.34999125051796,9.34999125051796,9.256491575795357,9.287657737731934,844500,9.306357383728027,-0.01869964599609375,54.62503631763536,0.07451630307638446,0.06053097508158884,0.01398532799479562,-0.13406633319963077,9.202885150909424,9.141673946380616,9.75494687144812,9.202885150909424,8.650823430370728,2092300.0,11200500.0,-0.20093410584886515,-0.798950826351575,-0.6666750304487755,0.2516310165806099
2016-03-30,PTC,PTC,9.318824921593338,9.349991679416018,9.250258529948614,9.262724876403809,604500,9.287657737731934,-0.024932861328125,52.98981328560645,0.06694802420201817,0.06181438490567471,0.005133639296343466,-0.9333368828408732,9.239038467407227,9.139928607940673,9.69447063893696,9.239038467407227,8.783606295877494,2043800.0,10596000.0,-0.2684515518571818,-0.46884624698068533,-0.9333368828408732,0.2525743039161678
2016-03-31,PTC,PTC,9.28765872168891,9.412325760468493,9.27519237448485,9.362459182739258,1480000,9.262724876403809,0.09973430633544922,58.3596027018497,0.06821153357561904,0.06309381463966358,0.005117718935955459,0.133341125930286,9.280490112304687,9.142920608520507,9.594451907508645,9.280490112304687,8.966528317100728,2064900.0,12076000.0,1.0767275036907973,0.8053854601406846,0.0,0.2529020666895871
2016-04-01,PTC,PTC,9.381158201930164,9.630491069344632,9.318824687848323,9.568158149719238,3765000,9.362459182739258,0.20569896697998047,66.78625923620908,0.0848331575610235,0.06744168322393557,0.01739147433708793,1.6556193759404567,9.325993394851684,9.14877992630005,9.486374636702298,9.325993394851684,9.16561215300107,2078950.0,15841000.0,2.197061295169217,3.297445162098047,2.197061295169217,0.25800185795158137
2016-04-04,PTC,PTC,9.568157535933755,9.599323696518962,9.418557230625304,9.574390411376951,762500,9.568158149719238,0.006232261657713067,67.00412965484296,0.09738619827942507,0.07343058623503347,0.023955612044391603,2.331777754764365,9.342823362350464,9.154389896392821,9.532247224614135,9.342823362350464,9.153399500086792,1580325.0,16603500.0,0.06513543735578767,2.2636277980085886,2.880106754954137,0.11498698731446069
2016-04-05,PTC,PTC,9.561925119970434,10.197724852855467,9.505825073603344,10.185257911682127,20059500,9.574390411376951,0.6108675003051758,80.50367711216691,0.15484155843038572,0.08971278067410393,0.06512877775628179,9.959629024806855,9.38926167488098,9.173713207244873,9.80716348100648,9.38926167488098,8.971359868755481,2482725.0,36663000.0,6.380223429987781,6.449514653778968,9.66444069427336,0.24829761124687982
2016-04-06,PTC,PTC,10.185257340901456,10.746256584221058,10.185257340901456,10.571722984313965,14528000,10.185257911682127,0.3864650726318377,84.75355250971987,0.2289209881782046,0.11755442217492408,0.11136656600328053,13.066655161366405,9.458139896392822,9.200267181396484,10.122228421010139,9.458139896392822,8.794051371775506,3156625.0,51191000.0,3.794357256172925,10.416669156836493,14.131890187570443,0.2702017146838263
2016-04-07,PTC,PTC,10.634055855978556,10.634055855978556,10.35355684570412,10.453289985656738,1907500,10.571722984313965,-0.11843299865722656,79.06557242993621,0.2749039946327194,0.14902433666648315,0.12587965796623626,11.799990963035428,9.518914842605591,9.224327793121338,10.30867998555653,9.518914842605591,8.729149699654652,2893325.0,49283500.0,-1.1202809497841952,2.63156884488107,11.651114110366956,0.2778959665310468
2016-04-08,PTC,PTC,10.334857042391576,10.534323333998048,10.31615663171114,10.490690231323242,2484500,10.453289985656738,0.037400245666503906,79.53271222342066,0.310781252966402,0.18137571992646695,0.12940553303993507,12.199993941357832,9.578443050384521,9.252876415252686,10.471494518345782,9.578443050384521,8.68539158242326,2978975.0,51768000.0,0.35778444602437953,-0.7665046947499178,9.641689311239846,0.27806220302237206
2016-04-11,PTC,PTC,10.478224713226664,10.565492119335188,10.129158655531684,10.241358757019045,2009500,10.490690231323242,-0.24933147430419744,68.55063289213881,0.31545885908998983,0.20819234775917153,0.1072665113308183,9.387486312358368,9.62301139831543,9.272324428558349,10.556128404331844,9.62301139831543,8.689894392299017,3001325.0,49758500.0,-2.3766927514429907,-2.0274117424130633,6.9661703459423965,0.2977309970755626
2016-04-12,PTC,PTC,10.15409101242532,10.160323293647776,9.942157189019516,10.104223251342772,1821000,10.241358757019045,-0.13713550567627308,63.36782540035767,0.30458909296090475,0.2274716967995182,0.07711739616138655,7.922748223789738,9.660722970962524,9.283793716430663,10.608234036214627,9.660722970962524,8.713211905710422,3031600.0,47937500.0,-1.3390362444073696,-3.683904218490336,-0.7956073478160195,0.30427240455664045
2016-04-13,PTC,PTC,10.0979917426677,10.14785831865243,9.84242479767537,9.998258590698242,1528500,10.104223251342772,-0.10596466064452947,59.61705930284349,0.28414877229028335,0.23880711189767123,0.045341660392612115,7.434715629769277,9.690019607543945,9.294141063690185,10.641418035374889,9.690019607543945,8.738621179713002,3037075.0,46409000.0,-1.0487165416742708,-2.3737100914875264,-5.424512110907688,0.3083856209729189
2016-04-14,PTC,PTC,10.00448991490632,10.490689875909815,9.979557223756643,10.266289710998535,5944500,9.998258590698242,0.26803112030029297,65.22415227266254,0.286277513301183,0.2483011921783736,0.03797632112280941,10.53690823780922,9.735522890090943,9.306857032775879,10.706551849541974,9.735522890090943,8.764493930639912,3231375.0,52353500.0,2.6807780361837454,1.6039477317984452,-1.7889131069241515,0.3172844467416741
2016-04-15,PTC,PTC,10.379107780390772,10.452106390838154,10.067203475964902,10.166747093200684,2879500,10.266289710998535,-0.09954261779785156,61.79264352470759,0.27674218688081886,0.25398939111886265,0.022752795761956213,9.759786983415788,9.780724000930785,9.317582149505615,10.743211505551539,9.780724000930785,8.818236496310032,3245800.0,49474000.0,-0.9696065530978446,1.6851784835730557,-3.0879106234147002,0.3171019006932612
2016-04-18,PTC,PTC,10.1601109386843,10.206564540617377,10.027385276790609,10.053930282592772,856500,10.166747093200684,-0.11281681060791193,58.064143625281154,0.2571181008120327,0.25461513305749667,0.002502967754536012,7.385571315796156,9.81592092514038,9.328544254302978,10.763455166286384,9.81592092514038,8.868386683994377,3258475.0,48617500.0,-1.1096647686196655,-2.068511939403556,-1.830113355787059,0.3215140611290293
2016-04-19,PTC,PTC,10.053929799808303,10.087111213688372,9.907932591348528,9.927841186523438,1850000,10.053930282592772,-0.12608909606933416,54.13275574974501,0.22875459436728462,0.24944302531945425,-0.02068843095216963,3.7591669282217444,9.84481339454651,9.340724582672118,10.767440205591534,9.84481339454651,8.922186583501485,3235475.0,46767500.0,-1.254127416097593,-2.3498755746272235,-1.7456271544266835,0.3265363809269876
2016-04-20,PTC,PTC,9.92120469029906,9.987567517478114,9.854842496002831,9.874751091003418,441000,9.927841186523438,-0.05309009552001953,52.52030749051621,0.1996904766341352,0.23949251558239046,-0.039802038948255264,3.137125881868754,9.871051359176636,9.350347118377686,10.763790531562057,9.871051359176636,8.978312186791216,3257525.0,46326500.0,-0.5347597178738793,-1.78218056573937,-1.2352901115172987,0.3277806590007334
2016-04-21,PTC,PTC,9.96102404811561,10.093749090043003,9.722118339763377,9.801753997802734,1181500,9.874751091003418,-0.0729970932006836,50.301677579666425,0.16882063933279312,0.225358140332471,-0.05653750099967789,-3.765284268742252,9.89301609992981,9.361377010345459,10.754124011464611,9.89301609992981,9.031908188395008,3281275.0,45145000.0,-0.7392297033916024,-1.270036318589185,-4.52486464217089,0.3298022137908423
2016-04-22,PTC,PTC,9.755298515100192,9.888023540111064,9.63584630903183,9.742026329040527,756500,9.801753997802734,-0.05972766876220703,48.496488978651385,0.1379463870805342,0.20787578968208364,-0.06992940260154945,-7.8482633011148595,9.911994457244873,9.372833042144775,10.739961043822028,9.911994457244873,9.084027870667718,3297525.0,44388500.0,-0.6093569454568664,-1.344082101307972,-4.177548239044925,0.331120459530272
2016-04-25,PTC,PTC,9.708845528944488,9.854843382136636,9.708845528944488,9.78184413909912,1304000,9.742026329040527,0.039817810058591974,49.79013557983944,0.11536146902910183,0.1893729255514873,-0.07401145652238547,-6.423296851794308,9.935768795013427,9.384462089538575,10.716470184532769,9.935768795013427,9.155067405494085,3350425.0,45692500.0,0.4087220534386869,-0.20312546823842204,-2.706266463422154,0.3297467369621519
2016-04-26,PTC,PTC,9.821662473736945,9.881388900082293,9.370396703912448,9.615938186645508,1882000,9.78184413909912,-0.1659059524536115,44.74688127092675,0.08311740917451083,0.16812182227609201,-0.08500441310158119,-8.33836502069128,9.952182817459107,9.395640354156495,10.688025321475932,9.952182817459107,9.216340313442283,3402300.0,43810500.0,-1.6960600689850183,-1.2942701870878406,-3.1417001341774373,0.33677181215351937
2016-04-27,PTC,PTC,9.65575576974824,9.761935799270994,9.589392934855068,9.688937187194824,1050500,9.615938186645508,0.0729990005493164,47.27736915376232,0.06273104427043741,0.14704366667496108,-0.08431262240452367,-5.394026153469249,9.973493432998657,9.409275932312012,10.647338342311874,9.973493432998657,9.29964852368544,3424600.0,44861000.0,0.7591459006121367,-0.9497897388585009,-1.8817072156672696,0.3368726360966687
2016-04-28,PTC,PTC,9.722117907621952,9.76193573487176,9.589392871594097,9.596029281616213,2759000,9.688937187194824,-0.0929079055786115,44.48494756080952,0.03863248050433121,0.12536142944083511,-0.0867289489365039,-5.029520400383315,9.985171937942505,9.423297328948975,10.621478161742136,9.985171937942505,9.348865714142875,3488550.0,42102000.0,-0.958907089431865,-0.20704069267982952,-2.098856145875923,0.33796341124944956
2016-04-29,PTC,PTC,9.596027850323791,9.65575426584858,9.310668590764392,9.430121421813965,2287500,9.596029281616213,-0.16590785980224787,39.947456398618165,0.006076768161998203,0.10150449718506774,-0.09542772902306954,-5.682361220511308,9.978270101547242,9.435621242523194,10.636246987814275,9.978270101547242,9.32029321528021,3414675.0,39814500.0,-1.7289219835967904,-2.6712503175571998,-3.2016430328954097,0.3350561769292688
2016-05-02,PTC,PTC,9.456668207149018,9.609301846357798,9.38366959268607,9.476576805114746,8211500,9.430121421813965,0.04645538330078125,41.73942840321622,-0.015793252448736084,0.07804494725830698,-0.09383819970704306,-7.692291257256745,9.973379421234132,9.450494956970214,10.645302584615127,9.973379421234132,9.301456257853136,3787125.0,48026000.0,0.49262762612281563,-1.2448115047992832,-3.1207544267055507,0.3355975130448007
2016-05-03,PTC,PTC,9.596028349892466,9.980931233442666,9.556210526508762,9.82829761505127,16876500,9.476576805114746,0.35172080993652344,53.140468133685374,-0.004690403388718067,0.06149787712890197,-0.06618828051762005,-3.328984925530038,9.955531406402589,9.47651704788208,10.622704343214858,9.955531406402589,9.28835846959032,3627975.0,64902500.0,3.711475326688545,4.222386705607361,2.2084109140872368,0.27607289875592556
2016-05-04,PTC,PTC,9.848207135896027,10.034022185757395,9.821662128772974,9.88802433013916,23719000,9.82829761505127,0.059726715087890625,54.75948907910855,0.00882638614837461,0.0509635789327965,-0.04213719278442189,-1.6501601641385821,9.921346473693848,9.50248701095581,10.522365198043651,9.921346473693848,9.320327749344045,4087525.0,88621500.0,0.6077015311016206,4.341731550176911,2.0547882507428694,0.23569254452607902
2016-05-05,PTC,PTC,9.954386380865213,10.412287875916562,9.954386380865213,10.266290664672852,17202000,9.88802433013916,0.3782663345336914,63.38729042794587,0.0494909700374091,0.05066905715371903,-0.0011780871163099282,3.4090944022034,9.911996507644654,9.538515644073486,10.48325289141806,9.911996507644654,9.340740123871248,4852250.0,105823500.0,3.8254996337409684,4.45644878468912,6.984778426434208,0.27552929861163117
2016-05-06,PTC,PTC,10.286200301097573,10.445470347416215,10.034022411318263,10.087112426757812,6828500,10.266290664672852,-0.17917823791503906,57.767401617401646,0.06649326641266207,0.05383389900550764,0.012659367407154426,2.15054874596151,9.891817617416383,9.568592033386231,10.4022810236194,9.891817617416383,9.381354211213365,5069450.0,98995000.0,-1.7453064964506226,2.0134264436609697,6.966941098171669,0.28119214807268056
2016-05-09,PTC,PTC,10.26629104713103,10.26629104713103,10.020749583201615,10.107020378112791,3014000,10.087112426757812,0.019907951354978692,58.210720683733726,0.08064449454794342,0.0591960181139948,0.02144847643394862,3.114405650034561,9.885100698471069,9.600063915252685,10.379480076134165,9.885100698471069,9.390721320807973,5119675.0,102009000.0,0.19736026042665497,-1.5513907774706057,6.652650909321801,0.269122204133368
2016-05-10,PTC,PTC,10.053930800021629,10.246382260212629,10.034022202866115,10.08047580718994,1610500,10.107020378112791,-0.026544570922851562,57.34633395756496,0.08869509789031049,0.06509583406925795,0.02359926382105254,3.474117875667305,9.883913326263428,9.631004905700683,10.376186388250867,9.883913326263428,9.39164026427599,5109150.0,100398500.0,-0.26263497974472305,-0.0657930563980638,2.565837971293003,0.26497784753573084
2016-05-11,PTC,PTC,10.120293699866842,10.120293699866842,9.868115813694704,9.94111442565918,3623000,10.08047580718994,-0.13936138153075994,52.904624321000966,0.08287463306047549,0.06865159386750146,0.014223039192974032,1.6282235158853056,9.881056118011475,9.659034023284912,10.37119347779122,9.881056118011475,9.39091875823173,5213875.0,96775500.0,-1.3824881304844745,-1.6414922128077265,0.5369130753268723,0.266989297946056
2016-05-12,PTC,PTC,9.954386711120604,10.053930325078666,9.894660289592624,9.954386711120604,2720000,9.94111442565918,0.013272285461424005,53.27579560933936,0.07842875736951527,0.07060702656790421,0.007821730801611054,3.5196620226316435,9.865460968017578,9.687453231811524,10.322734991598672,9.865460968017578,9.408186944436483,5052650.0,99495500.0,0.1335090302065801,-1.2508248467736254,-3.0381367890306765,0.24746917920882988
2016-05-13,PTC,PTC,10.014113442695644,10.219837086680478,9.954387019318473,9.974295616149902,4515000,9.954386711120604,0.01990890502929865,53.86319029555461,0.0756399211767178,0.07161360548966694,0.004026315687050863,2.945198461315406,9.855838394165039,9.713777294158936,10.294122741401658,9.855838394165039,9.41755404692842,5134425.0,104010500.0,0.20000132210111243,0.33377737213323005,-1.1184252324643873,0.24576269382233507
2016-05-16,PTC,PTC,10.02074973130194,10.385743411285828,10.000840501828623,10.253018379211426,9822500,9.974295616149902,0.27872276306152344,61.214535864797554,0.09482723664109649,0.07625633171995286,0.018570904921143633,6.8464682455049735,9.865792798995972,9.734081840515136,10.33122350923391,9.865792798995972,9.400362088758035,5582725.0,113833000.0,2.7944104906037563,3.000000670631008,1.4445206958798644,0.26264980184899334
2016-05-17,PTC,PTC,10.286199612292569,10.418924642003642,10.153474582581495,10.18665599822998,4546000,10.253018379211426,-0.06636238098144531,58.811736624989635,0.10348551623841651,0.08170216862364559,0.021783347614770923,8.02253271804097,9.8787335395813,9.752685127258301,10.365338583911223,9.8787335395813,9.392128495251375,5717525.0,109287000.0,-0.6472472644348204,2.1290764807114235,1.0533251909032646,0.25932887677079447
2016-05-18,PTC,PTC,10.180020481425569,10.279564104219247,10.087112636037329,10.093749046325684,2462500,10.18665599822998,-0.09290695190429688,55.52573212140728,0.10167836572841438,0.08569740804459935,0.015980957683815022,6.512607388754916,9.889683437347411,9.770676937103271,10.385676652828792,9.889683437347411,9.39369022186603,5818600.0,106824500.0,-0.9120456401044686,-1.5533897140833157,1.5353874236930227,0.26097394231552506
2016-05-19,PTC,PTC,10.10701992152578,10.757372856140137,10.040657725908735,10.757372856140137,23266000,10.093749046325684,0.6636238098144531,68.89468053746666,0.15204243074733093,0.09896641258514567,0.053076018162185254,9.453063770332525,9.937464380264283,9.801068572998046,10.564577566151996,9.937464380264283,9.310351194376569,6922825.0,130090500.0,6.574601832963391,5.602592823487151,8.066656121792738,0.34466047812932077
2016-05-20,PTC,PTC,10.896735348553063,10.91000816792505,10.472014621892434,10.518468856811523,12759000,10.757372856140137,-0.23890399932861328,61.70373444252074,0.17071090988127047,0.11331531204437065,0.05739559783689982,6.37583915272881,9.976286506652832,9.825435428619384,10.647069869994821,9.976286506652832,9.305503143310842,7522950.0,117331500.0,-2.2208396280719294,4.207750841997067,5.455756091493035,0.3560255525692588
2016-05-23,PTC,PTC,10.551648529300888,10.750737001636733,10.45210492601576,10.664464950561523,3776500,10.518468856811523,0.14599609375,64.16527458664909,0.1950381997596402,0.12965988958742458,0.06537831017221563,3.8784630096128323,10.020417547225952,9.851724891662597,10.75082403593686,10.020417547225952,9.290011058515043,7646575.0,121108000.0,1.3879975853658226,-0.8636672431185922,4.01293117921576,0.3577228056182231
2016-05-24,PTC,PTC,10.691010920361512,10.863553762134348,10.598103090280103,10.624648094177246,3948000,10.664464950561523,-0.039816856384277344,62.97639274546662,0.20869911126605878,0.14546773392315143,0.06323137734290735,5.328935027962285,10.07085304260254,9.877218017578125,10.822652428066384,10.07085304260254,9.319053657138696,7749875.0,117160000.0,-0.3733600941900122,1.0094552620837336,4.299665130768827,0.35016780558686506
2016-05-25,PTC,PTC,10.68437420969744,10.737464215993745,10.55164856107388,10.564921379089355,2811000,10.624648094177246,-0.059726715087890625,61.14620972233321,0.21225924288070352,0.15882603571466186,0.05343320716604166,4.530524168806165,10.114652252197265,9.900269927978515,10.874788996987682,10.114652252197265,9.354515507406848,7837900.0,114349000.0,-0.5621524078583212,-0.9334136492888622,4.66796163250351,0.35211967354916157
2016-05-26,PTC,PTC,10.551650404214312,10.618013240118216,10.452106783241367,10.472015380859377,1383500,10.564921379089355,-0.09290599822997869,58.30762474847982,0.20521830633388127,0.16810448983850573,0.03711381649537554,3.8841378240317783,10.158451557159424,9.92258575439453,10.893292524418,10.158451557159424,9.423610589900848,7769125.0,112965500.0,-0.8793818230759682,-1.4365907648415994,-2.652668816976837,0.3517067495753885
2016-05-27,PTC,PTC,10.485286190744556,10.545012605029545,10.418923367565062,10.458741188049316,2097500,10.472015380859377,-0.01327419281006037,57.89408656562989,0.19630432293105038,0.17374445645701467,0.02255986647403571,5.2069289239250836,10.209882545471192,9.946506080627442,10.870307379906594,10.209882545471192,9.54945771103579,7759625.0,110868000.0,-0.1267587214808983,-1.005025851401,-0.5678361515852066,0.342967728920935
2016-05-30,PTC,PTC,10.418923894440924,10.452105307708624,10.133565259257448,10.15347385406494,3696000,10.458741188049316,-0.3052673339843768,49.244338326497655,0.162731536381008,0.17154187244181335,-0.008810336060805335,1.9999940601255175,10.2437273979187,9.962575721740723,10.80835111427518,10.2437273979187,9.679103681562221,7533850.0,107172000.0,-2.91877701623586,-3.0418359332880995,-4.791530553716886,0.3643142766476001
2016-05-31,PTC,PTC,10.126929230025423,10.498559300496668,10.126929230025423,10.266290664672852,4616000,10.15347385406494,0.11281681060791193,52.093034245170934,0.14357321230760434,0.16594814041497155,-0.022374928107367215,2.927475380318233,10.26562705039978,9.980901699066163,10.795301234469168,10.26562705039978,9.735952866330393,6920825.0,111788000.0,1.111115389958342,-1.8400926069034818,-3.3728875189832355,0.3437972836226826
2016-06-01,PTC,PTC,10.299471904028676,10.545013354634966,10.29283549466241,10.452105522155762,1798500,10.266290664672852,0.18581485748291016,56.430494720591774,0.1417498050144541,0.16110847333486808,-0.01935866832041397,1.9417417933044614,10.29383111000061,10.00294397354126,10.798319605002982,10.29383111000061,9.789342614998239,5824800.0,113586500.0,1.80995126236114,2.9411772993463217,-1.0678343253636018,0.34812388029720076
2016-06-02,PTC,PTC,10.418924650700736,10.850281788725376,10.418924650700736,10.671102523803713,5461500,10.452105522155762,0.218997001647951,60.92125515009487,0.1561756734488391,0.1601219133576623,-0.003946239908823201,4.755697312816974,10.314071702957154,10.02911684036255,10.845662693144721,10.314071702957154,9.782480712769587,5237775.0,119048000.0,2.0952429267359953,3.9431170648991265,1.9011349363392362,0.3298213122045876
2016-06-03,PTC,PTC,10.783919101630412,10.843645524069933,10.49855980903398,10.584831237792969,2792500,10.671102523803713,-0.08627128601074396,58.36895377788822,0.15881617235869783,0.1598607651578694,-0.001044592799171573,4.865211025293406,10.33895764350891,10.053564281463624,10.87240949521863,10.33895764350891,9.805505791799192,5035975.0,116255500.0,-0.8084571000822188,1.269846686448609,1.2055948940368577,0.32406746835177647
2016-06-06,PTC,PTC,10.684374038091535,10.684374038091535,10.385741966367773,10.418923377990724,1470500,10.584831237792969,-0.16590785980224432,53.708862350555144,0.14584025337383544,0.15705666280106262,-0.01121640942722718,-3.1462094200465565,10.354552793502808,10.075815601348877,10.877589900063018,10.354552793502808,9.831515686942598,4958800.0,114785000.0,-1.5674114785115607,-2.363196729208249,2.6143714726710225,0.3305139615868797
2016-06-07,PTC,PTC,10.379107094286615,10.438832880950224,10.2530178457146,10.266290664672852,2313500,10.418923377990724,-0.15263271331787287,49.77189299705744,0.12183610890878249,0.1500125520226066,-0.028176443113824112,-2.3974800474440436,10.363843536376953,10.095388259887695,10.872793491807553,10.363843536376953,9.854893580946353,4993950.0,112471500.0,-1.4649566733574335,-3.009406252815569,0.0,0.33533257547856743
2016-06-08,PTC,PTC,10.279564322086316,10.385744357418751,10.219837893991086,10.292837142944336,860000,10.266290664672852,0.026546478271484375,50.45216830526091,0.10375866511413001,0.1407617746409113,-0.03700310952678129,-3.4847299826103315,10.381429672241211,10.115990505218505,10.851714990957008,10.381429672241211,9.911144353525414,4855800.0,113331500.0,0.25857906364207073,-1.2101656809640926,-1.523792300736134,0.3306582452700855
2016-06-09,PTC,PTC,10.34592613423109,10.38574332708918,10.120293265092362,10.199928283691406,1996500,10.292837142944336,-0.09290885925292969,48.001805634744905,0.08100145781194179,0.1288097112751174,-0.047808253463175604,-3.997495321455439,10.39370675086975,10.132739887237548,10.828535662162945,10.39370675086975,9.958877839576555,4819625.0,111335000.0,-0.902655487137655,-0.6464105016021386,-4.415422296442865,0.33294815437042524
2016-06-10,PTC,PTC,10.1932919791119,10.1932919791119,9.921205504536614,9.961023330688477,2436000,10.199928283691406,-0.2389049530029297,42.3111989119039,0.04319069848592605,0.11168590871727914,-0.06849521023135309,-5.716067604593305,10.39304313659668,10.140597190856933,10.830599099803006,10.39304313659668,9.955487173390352,4715675.0,108899000.0,-2.342221889784393,-3.2237351825129705,-5.893413821064961,0.3443969199554693
2016-06-13,PTC,PTC,9.987567517478114,10.0804747160694,9.821661082413303,9.874751091003418,2939000,9.961023330688477,-0.0862722396850586,40.446484280623736,0.006192566520741849,0.09058724027797169,-0.08439467375722984,-5.70343212967039,10.37412977218628,10.146604404449462,10.86644496951647,10.37412977218628,9.881814574856088,4371500.0,105960000.0,-0.866098159004068,-3.188034108121248,-5.222922438769766,0.3294041568430991
2016-06-14,PTC,PTC,9.834932400261634,10.047293048765704,9.834932400261634,9.967658042907717,3009000,9.874751091003418,0.09290695190429865,43.342343700349,-0.015453763687771627,0.06937903948482303,-0.08483280317259466,-4.6954326176723455,10.363179874420165,10.142252407073975,10.88207597999131,10.363179874420165,9.84428376884902,4294650.0,108969000.0,0.9408536078336529,0.06660673305321418,-2.9088658359611257,0.3311569430335726
2016-06-15,PTC,PTC,10.272927315949737,10.272927315949737,9.967660048512316,9.980932235717772,3458000,9.967658042907717,0.013274192810055041,43.76310520119514,-0.0311781179724111,0.049267607993376206,-0.08044572596578731,-1.699335821681276,10.35753903388977,10.13043659210205,10.891015507857976,10.35753903388977,9.824062559921565,4344425.0,112427000.0,0.13317263446351896,1.075279201833169,-3.030310330328823,0.3297842549001726
2016-06-16,PTC,PTC,10.020750644184233,10.59146865053755,9.980932814493102,10.292837142944336,13554000,9.980932235717772,0.3119049072265643,52.659412959937825,-0.018261159436919527,0.03576185450731706,-0.054023013944236586,0.25857906364207073,10.334312248229981,10.127227535247803,10.83386278982833,10.334312248229981,9.834761706631632,3858825.0,125981000.0,3.12500776340692,3.262342053036158,0.9108775735362865,0.2515158791503791
2016-06-17,PTC,PTC,10.345925043384518,10.41892364451615,10.166745795766696,10.246380805969238,1968000,10.292837142944336,-0.046456336975097656,51.356277853421524,-0.011638849466248047,0.02628171371260404,-0.03792056317885209,-1.968260995360602,10.320707845687867,10.122341346740722,10.813921308353924,10.320707845687867,9.82749438302181,3319275.0,124013000.0,-0.45134627440348785,2.6595568828884755,2.8647405573443088,0.2403334227256068
2016-06-20,PTC,PTC,10.2861997564183,10.326017582330964,10.020749693276782,10.100384712219238,2182000,10.246380805969238,-0.14599609375,47.38748824100261,-0.01796420554944156,0.01743252986019492,-0.035396735409636476,-5.34825534954229,10.292503833770752,10.119521865844726,10.767110979693035,10.292503833770752,9.817896687848469,3239550.0,121831000.0,-1.4248552392757743,-1.869770482641148,2.2849550245513344,0.23764883039559154
2016-06-21,PTC,PTC,10.100384728136056,10.18665615701372,10.020749709068108,10.060566902160645,2677500,10.100384712219238,-0.03981781005859375,46.335764474523785,-0.025891598091666523,0.008767704269822632,-0.034659302361489154,-4.95297774574286,10.264299774169922,10.118648738861085,10.722560164416326,10.264299774169922,9.806039383923519,3176025.0,119153500.0,-0.39422072716124346,-1.8134588917517496,0.9321031966885672,0.23766309683719306
2016-06-22,PTC,PTC,10.000840896115289,10.186656581228176,9.9610237013646,10.073840141296388,1368000,10.060566902160645,0.013273239135743964,46.75995468979135,-0.03074862333652284,0.0008644387485535381,-0.03161306208507638,-3.312081528723986,10.239745712280273,10.120160369873046,10.682549164777415,10.239745712280273,9.796942259783131,3103875.0,120521500.0,0.1319333121565282,-0.26280752346726666,0.9308539862252198,0.237776588356491
2016-06-23,PTC,PTC,10.120294054596194,10.173384071137212,9.994205423532003,10.093749046325684,1724500,10.073840141296388,0.0199089050292951,47.43116587370045,-0.03261539857347273,-0.005831528715851716,-0.026783869857621014,-1.6806617305401048,10.22083239555359,10.11670955657959,10.654074109992422,10.22083239555359,9.787590681114757,3120925.0,122246000.0,0.19762974943071757,0.3298238010614764,-1.9342392564243163,0.23692959305775427
2016-06-24,PTC,PTC,10.014112534832236,10.014112534832236,9.489848224659074,9.834933280944824,6288000,10.093749046325684,-0.2588157653808594,40.315426093839136,-0.05435255819321938,-0.01553573461132525,-0.03881682358189413,-4.448762334818456,10.189642000198365,10.110073280334472,10.640238806253286,10.189642000198365,9.739045194143443,3330450.0,115958000.0,-2.5641192800912087,-2.37155699316884,-4.015540050831577,0.2516358416924474
2016-06-27,PTC,PTC,9.62921109483644,9.88802476751352,9.62921109483644,9.861479759216309,1401500,9.834933280944824,0.026546478271484375,41.288355596307085,-0.06864602620192528,-0.026157792929445256,-0.042488233272480025,-3.318146118892234,10.175042295455933,10.106224269866944,10.648894888961788,10.175042295455933,9.701189701950078,3215725.0,117359500.0,0.2699202680196942,-2.3011200897046815,-2.365305479046827,0.23224910214645414
2016-06-28,PTC,PTC,9.888023626437857,9.934477860259358,9.728753595034314,9.795116424560549,1089000,9.861479759216309,-0.06636333465575994,39.5525551747494,-0.08435626257784357,-0.037797486859124915,-0.04655877571871865,-1.6655608627759424,10.151483583450318,10.103569774627685,10.652317514542233,10.151483583450318,9.650649652358403,3039375.0,116270500.0,-0.6729551373234663,-0.40485131161408794,-2.6385240531831933,0.22814431749750644
2016-06-29,PTC,PTC,9.788481185038458,10.027386260699853,9.788481185038458,9.994205474853516,1965500,9.795116424560549,0.19908905029296697,46.78096922983043,-0.0798217797996763,-0.0462023454472352,-0.03361943435244111,1.209695138127875,10.128588581085205,10.105958862304687,10.613159733164075,10.128588581085205,9.644017429006336,3047725.0,118236000.0,2.0325337817707356,1.345900603945008,-0.790509530883074,0.2308975107922118
2016-06-30,PTC,PTC,10.020749852600416,10.107020649830906,9.87475199910987,9.974295616149902,1414500,9.994205474853516,-0.01990985870361328,46.18615362128277,-0.0769477232769038,-0.05235142101316892,-0.02459630226373488,0.06659110107522753,10.093748235702515,10.109409694671632,10.509377537753293,10.093748235702515,9.678118933651737,2845375.0,116821500.0,-0.19921402210219316,1.829270667371291,-1.1834396677344041,0.21422840653677108
2016-07-01,PTC,PTC,9.974295616149902,9.974295616149902,9.974295616149902,9.974295616149902,0,9.974295616149902,0.0,46.18615362128277,-0.07381907245960839,-0.056644951302456815,-0.017174121157151577,-0.06649298293118859,10.063221454620361,10.114055080413818,10.411153807557364,10.063221454620361,9.715289101683359,2705750.0,116821500.0,0.0,-0.19921402210219316,1.4170135294673787,0.2137473817467718
2016-07-04,PTC,PTC,9.94774976768426,10.279562640251845,9.94774976768426,10.25965404510498,2085000,9.974295616149902,0.2853584289550781,55.57536119508465,-0.04776297196007562,-0.05486855543398058,0.0071055834739049625,-0.3223901960024913,10.055257987976074,10.123611278533936,10.37506514988579,10.055257987976074,9.735450826066357,2736475.0,118906500.0,2.8609381548010204,2.8609381548010204,4.037672799729143,0.23530444210408077
2016-07-05,PTC,PTC,10.25965404510498,10.25965404510498,10.25965404510498,10.25965404510498,0,10.25965404510498,0.0,55.57536119508465,-0.02680434083411498,-0.04925571251400746,0.02245137167989248,0.12954075577602572,10.05492615699768,10.136485595703125,10.373823832103207,10.05492615699768,9.736028481892154,2620800.0,118906500.0,0.0,2.8609381548010204,4.74254312464972,0.22943033363812834
2016-07-06,PTC,PTC,10.25965404510498,10.25965404510498,10.25965404510498,10.25965404510498,0,10.25965404510498,0.0,55.57536119508465,-0.010078298318514811,-0.04142022967490894,0.031341931356394126,1.5768640247243397,10.053267002105713,10.147899932861328,10.36726047142341,10.053267002105713,9.739273532788015,2577800.0,118906500.0,0.0,0.0,2.6560247427307924,0.22923725608171017
2016-07-07,PTC,PTC,10.25965404510498,10.25965404510498,10.25965404510498,10.25965404510498,0,10.25965404510498,0.0,55.57536119508465,0.0031410033483361133,-0.032507983070259934,0.03564898641859605,1.9788859303900583,10.056253290176391,10.161172428131103,10.37717933210738,10.056253290176391,9.735327248245403,2477975.0,118906500.0,0.0,0.0,2.8609381548010204,0.22678198800966448
2016-07-08,PTC,PTC,10.25965404510498,10.25965404510498,10.25965404510498,10.25965404510498,0,10.25965404510498,0.0,55.57536119508465,0.013462211168821625,-0.023313944222443622,0.03677615539126525,1.844519083113819,10.071184825897216,10.177763080596923,10.401117306259929,10.071184825897216,9.741252345534503,2356175.0,118906500.0,0.0,0.0,2.8609381548010204,0.20868331115202318
2016-07-11,PTC,PTC,10.27956398341152,10.379108237918253,10.153475353829151,10.332653999328612,1560000,10.25965404510498,0.07299995422363104,58.27313749995979,0.027218570212180992,-0.0132074413355187,0.04042601154769969,2.366860439133801,10.094079971313477,10.194884624481201,10.430112397809502,10.094079971313477,9.758047544817451,2287225.0,120466500.0,0.7115245202489094,0.7115245202489094,0.7115245202489094,0.20593098884046085
2016-07-12,PTC,PTC,10.352563144481731,10.545014608812911,10.352563144481731,10.511833190917969,2829500,10.332653999328612,0.17917919158935725,64.04471388547279,0.05197965802009463,-0.00017002146439603315,0.05214967948449067,6.882608052711833,10.121288728713989,10.208555335998534,10.499675450772207,10.121288728713989,9.74290200665577,2278250.0,123296000.0,1.7341061802804956,2.457969291209252,2.457969291209252,0.2113906928881676
2016-07-13,PTC,PTC,10.485287247331998,10.903371556573884,10.485287247331998,10.744101524353027,11658500,10.511833190917969,0.2322683334350586,69.86379479623146,0.08931553793826374,0.017727090416135922,0.07158844752212783,8.95019598161058,10.159447193145752,10.225676879882812,10.622654068474704,10.159447193145752,9.6962403178168,2688275.0,134954500.0,2.2095892240350063,3.9820120276083046,4.721869539832908,0.22212627139137395
2016-07-14,PTC,PTC,10.783919010207947,10.943189046774515,10.71091976878612,10.803828239440918,3463000,10.744101524353027,0.059726715087890625,71.15650973594126,0.12231397910124109,0.03864446815315696,0.08366951094808413,10.29810949823013,10.184996747970581,10.236427631378174,10.728579667322757,10.184996747970581,9.641413828618406,2183725.0,138417500.0,0.5559023707334817,2.7777747536483703,5.304020895281263,0.19732742083098861
2016-07-15,PTC,PTC,10.823734755112708,10.87018835134355,10.624647552476068,10.657828330993652,2934000,10.803828239440918,-0.14599990844726562,63.93659088100336,0.13512685080178244,0.05794094468288206,0.07718590611890039,6.640076170235668,10.205569124221801,10.24784194946289,10.78864239821954,10.205569124221801,9.622495850224063,2232025.0,135483500.0,-1.3513719878873314,-0.8029819260719436,3.8809718547834096,0.20404135560234288
2016-07-18,PTC,PTC,10.68437555321382,10.737465566185977,10.618012720557187,10.677739143371582,1419500,10.657828330993652,0.019910812377929688,64.4661098401581,0.1452138452776328,0.07539552480183222,0.0698183204758006,7.052563452026603,10.234436845779419,10.259256324768067,10.851747219482466,10.234436845779419,9.617126472076372,2193900.0,136903000.0,0.18681866286049814,-1.1670779401048759,3.3397532140860733,0.1947777303899685
2016-07-19,PTC,PTC,10.81709974016633,10.989642595376186,10.558286090234413,10.671102523803713,9696500,10.677739143371582,-0.006636619567869317,64.12811827766593,0.1509324855962877,0.09050291696072332,0.06042956863556437,6.9860262265094075,10.264963626861572,10.271068859100343,10.905999126796893,10.264963626861572,9.623928126926252,2544850.0,127206500.0,-0.06215379003699608,0.12454875794403783,1.515143267525875,0.19359393852784582
2016-07-20,PTC,PTC,10.817100116173126,10.8436457559431,10.472015026640982,10.551650047302246,7114500,10.671102523803713,-0.11945247650146662,58.21221038761939,0.14416390099003173,0.101235113766585,0.04292878722344673,2.84606089945675,10.288854122161865,10.283279571533203,10.935488605175983,10.288854122161865,9.642219639147747,2832175.0,120092000.0,-1.1194014511153605,-1.1808594907247594,-1.791229137350971,0.20004063796693491
2016-07-21,PTC,PTC,10.611375695483112,10.710919305813794,10.584830690536071,10.637921333312988,6753500,10.551650047302246,0.08627128601074219,61.00980096401487,0.14410002531373678,0.10980809607601537,0.03429192923772141,3.6869399937367695,10.316062736511231,10.29695026397705,10.973829690578107,10.316062736511231,9.658295782444355,3083625.0,126845500.0,0.8176094319276566,-0.3109443510331583,-1.5356307269145841,0.20107643073924067
2016-07-22,PTC,PTC,10.684373996622751,10.684373996622751,10.52510334802732,10.558284759521484,2013500,10.637921333312988,-0.0796365737915039,57.202799703637645,0.13605503962029353,0.11505748478487102,0.02099755483542251,2.9107288910875573,10.352230310440063,10.308630046844483,10.977344460047298,10.352230310440063,9.727116160832828,2869900.0,124832000.0,-0.7486102904532622,0.06287843313126733,-0.9339948850807517,0.17587970969423444
2016-07-25,PTC,PTC,10.598103802435457,10.744101650121694,10.551649567831785,10.69764804840088,2559500,10.558284759521484,0.1393632888793963,61.70612418019626,0.13931880276686215,0.11990974838126925,0.0194090543855929,4.269091349185142,10.394038724899293,10.31752264022827,10.992222821709799,10.394038724899293,9.795854628088787,2927800.0,127391500.0,1.319942510110065,0.5614509941980517,0.18645243868555733,0.1790767029908896
2016-07-26,PTC,PTC,10.684375217353448,10.777282420692767,10.624648796416537,10.71755599975586,1834500,10.69764804840088,0.019907951354978692,62.31613313313257,0.14187630217477576,0.12430305913997056,0.017573243034805203,4.463132505616504,10.440160703659057,10.32814064025879,10.983653458999145,10.440160703659057,9.896667948318969,2965075.0,129226000.0,0.1860965257494576,1.5084954030127276,0.43532030405034783,0.17470532718636936
2016-07-27,PTC,PTC,10.717556011557962,10.750738059762629,10.671102409837149,10.69764804840088,1168000,10.71755599975586,-0.019907951354978692,61.265127819387516,0.14067511838713287,0.12757747098940303,0.013097647397729839,3.532432704085374,10.475332832336425,10.340218620300293,10.987450803048205,10.475332832336425,9.963214861624646,2925200.0,128058000.0,-0.185750849871297,0.0,1.383650902409923,0.16567911108308475
2016-07-28,PTC,PTC,10.657829907300004,11.016188443966309,10.657829907300004,10.929916381835938,6791000,10.69764804840088,0.23226833343505682,68.03817500003375,0.15665941274904682,0.1333938593413318,0.023265553407715023,3.977262417740656,10.523113870620728,10.343669490814209,11.016374821037633,10.523113870620728,10.029852920203822,3194025.0,134849000.0,2.1712093385777167,1.981425448907527,2.744850609193334,0.17635875606642432
2016-07-29,PTC,PTC,10.94318855411232,11.042732164264256,10.783918524716087,10.969734191894531,2802500,10.929916381835938,0.03981781005859375,69.03768567993698,0.1705737773649183,0.1408298429460491,0.02974393441886919,2.1000608290053435,10.57288579940796,10.35269479751587,11.03273212883362,10.57288579940796,10.113039469982299,3334150.0,137651500.0,0.36430114071838315,2.543420219683923,3.8969344144843308,0.17555891049003647
2016-08-01,PTC,PTC,10.969734191894531,10.969734191894531,10.969734191894531,10.969734191894531,0,10.969734191894531,0.0,69.03768567993698,0.17953148437319655,0.1485701712314786,0.03096131314171796,1.5356218997257833,10.608389806747436,10.358800182342529,11.075991165471303,10.608389806747436,10.140788448023569,3229900.0,137651500.0,0.0,0.36430114071838315,2.543420219683923,0.15193508981846182
2016-08-02,PTC,PTC,11.056005142806942,11.14891234485493,10.929915893052032,11.09582233428955,1706500,10.969734191894531,0.12608814239501953,72.22731345771281,0.19456200140124302,0.1577685372654315,0.03679346413581153,4.109598969821869,10.650198221206665,10.368223667144775,11.135694681771096,10.650198221206665,10.164701760642235,3315225.0,139358000.0,1.1494183923634655,1.1494183923634655,3.529408519463842,0.15399297149510097
2016-08-03,PTC,PTC,11.115732321234097,11.115732321234097,10.883463034502912,11.069278717041016,5449500,11.09582233428955,-0.026543617248535156,70.57895241881411,0.2020033771680474,0.16661550524595467,0.03538787192209272,3.6668771208228055,10.690679454803467,10.37831081390381,11.17407456743021,10.690679454803467,10.207284342176724,3587700.0,133908500.0,-0.23922172191336463,0.9074470119799002,3.4739474224494375,0.1550414139308678
2016-08-04,PTC,PTC,10.976370504049871,11.089185666327287,10.916644085334967,10.936552047729492,1821500,11.069278717041016,-0.13272666931152344,62.854463149717276,0.1949435996366411,0.17228112412409197,0.02266247551254913,2.487554808265117,10.724524354934692,10.38760154724121,11.174482797150914,10.724524354934692,10.27456591271847,3678775.0,132087000.0,-1.1990543621165886,-1.4354076855382205,0.060711039881167606,0.16454158410830233
2016-08-05,PTC,PTC,10.956461200094669,10.956461200094669,10.817099135468748,10.863554000854492,800500,10.936552047729492,-0.072998046875,59.02805935094979,0.1813676494024996,0.1740984291797735,0.007269220222726108,2.9559732568271726,10.754719352722168,10.395697803497315,11.151200567073335,10.754719352722168,10.358238138371,3718800.0,131286500.0,-0.6674685637339871,-1.8585196149213663,-0.9679376836541304,0.1679606903454383
2016-08-08,PTC,PTC,10.830372600532796,10.976371083213072,10.750738215221494,10.823736190795898,3519500,10.863554000854492,-0.03981781005859375,56.990057444304185,0.16548800383657714,0.17237634411113426,-0.00688834027455712,1.746721484967416,10.779273462295532,10.409103050231934,11.123015563846037,10.779273462295532,10.435531360745026,3816775.0,127767000.0,-0.36652655342314133,-1.0315486676352914,-1.3309164884460905,0.16874395969128786
2016-08-09,PTC,PTC,11.170152683848965,11.170152683848965,10.823736722306728,10.922712326049805,8257500,10.823736190795898,0.09897613525390625,60.62888595694873,0.15905631506487872,0.16971233830188315,-0.01065602323700443,3.451579255803636,10.799817419052124,10.422231483459473,11.124864081125347,10.799817419052124,10.4747707569789,4088175.0,136024500.0,0.9144359536226674,0.5445577496154509,-1.5601368066680574,0.1614546742417682
2016-08-10,PTC,PTC,10.90857366851066,10.915642873181792,10.760109582884692,10.823737144470217,1862500,10.922712326049805,-0.09897518157958807,55.566168648227766,0.1443091790058908,0.16463170644268468,-0.020322527436793886,1.1786618469672325,10.803799200057984,10.429664115905762,11.127921863724517,10.803799200057984,10.479676536391452,3598375.0,134162000.0,-0.9061410629989778,8.810953088394523e-06,-2.21822558494973,0.14718641417580794
2016-08-11,PTC,PTC,10.788387904908712,10.830805827776674,10.668202666414942,10.717690467834473,2623000,10.823737144470217,-0.10604667663574396,50.68279366319603,0.12265104203139998,0.15623557356042775,-0.03358453152902777,0.0012546524470349804,10.79949231147766,10.430595874786377,11.125894503605508,10.79949231147766,10.473090119349813,3556375.0,131539000.0,-0.9797602733721467,-1.8770233262151481,-2.0011936023333496,0.15012586569451872
2016-08-12,PTC,PTC,10.724759372568633,10.816665762731674,10.717689494659014,10.774247169494627,641000,10.717690467834473,0.056556701660154474,53.05249613850903,0.10879632924044103,0.1467477246964304,-0.037951395455989384,0.7160370274585425,10.80531325340271,10.43438419342041,11.125164641230223,10.80531325340271,10.485461865575198,3441725.0,132180000.0,0.527694859539845,-0.45723555843069996,-0.8220774836010432,0.14293066660243145
2016-08-15,PTC,PTC,10.760109121243678,10.859084724600798,10.760109121243678,10.79545783996582,545500,10.774247169494627,0.021210670471193183,53.94624481023895,0.09839367237069396,0.13707691423128313,-0.03868324186058916,-1.23018820247856,10.811199188232422,10.441914882659912,11.125449311524957,10.811199188232422,10.496949064939887,3398025.0,132725500.0,0.19686452461613688,0.7255982281326387,-0.26126238049043526,0.1429431033279113
2016-08-16,PTC,PTC,10.767179567720136,10.81666804932845,10.731831519140952,10.788389205932615,1540000,10.79545783996582,-0.007068634033204901,53.58016754847511,0.0885582675798311,0.12737318490099273,-0.03881491732116163,-1.6531392902474387,10.817063522338866,10.452356853485107,11.12461166202563,10.817063522338866,10.509515382652102,2990200.0,131185500.0,-0.0654778531674325,0.13125776878433745,-1.2297597529584228,0.14294687864287192
2016-08-17,PTC,PTC,10.823735737620895,11.177221545621022,10.823735737620895,11.035826683044434,4593000,10.788389205932615,0.24743747711181818,63.03609351244365,0.09958185724172175,0.12181491936913853,-0.022233062127416783,0.6024985655417036,10.841272354125977,10.46721664428711,11.136844763488842,10.841272354125977,10.545699944763111,2864125.0,135778500.0,2.2935534896697134,2.2265738669159987,1.9594853029350612,0.1563542062727582
2016-08-18,PTC,PTC,11.134803820814447,11.14187369933905,10.943921145974535,11.021688461303713,2057000,11.035826683044434,-0.01413822174072088,62.25573556701953,0.10595590145628897,0.11864311578656864,-0.012687214330279667,-0.6681241890178908,10.860460710525512,10.483651847839356,11.150218851858256,10.860460710525512,10.570702569192768,2629300.0,133721500.0,-0.12811203135731555,2.1625031403465154,2.83641325882276,0.15523319016547146
2016-08-19,PTC,PTC,11.085316312267375,11.163082955429084,10.95806119234754,11.014618873596191,866500,11.021688461303713,-0.007069587707521308,61.84346497090219,0.10917838036617589,0.1167501687024901,-0.0075717883363142086,-0.4937976975923108,10.883277416229248,10.50472375869751,11.143176728683983,10.883277416229248,10.623378103774513,2571950.0,132855000.0,-0.06414251076268467,-0.19217236784649852,2.2309837552468093,0.151651676760014
2016-08-22,PTC,PTC,11.021688170673054,11.02875804901123,11.021688170673054,11.02875804901123,1817000,11.014618873596191,0.014139175415039062,62.38004675233791,0.11158682791710284,0.11571750054541265,-0.004130672628309809,0.8430993687894616,10.899832916259765,10.527803897857666,11.152013307253236,10.899832916259765,10.647652525266293,2534825.0,134672000.0,0.12836735957276682,0.06414251076265243,2.1610960137485824,0.14593897859162716
2016-08-23,PTC,PTC,11.099455395469167,11.099455395469167,10.943921434925006,11.014618873596191,605500,11.02875804901123,-0.014139175415039062,61.44943280921818,0.1110742320573177,0.11478884684779367,-0.0037146147904759674,1.390565856531085,10.914686059951782,10.548743114471435,11.156440452398007,10.914686059951782,10.672931667505557,2473375.0,134066500.0,-0.12820278903758064,0.0,2.0969735457742904,0.1462805184466744
2016-08-24,PTC,PTC,10.894433920400967,11.028758922583188,10.894433920400967,11.007549285888672,326000,11.014618873596191,-0.007069587707519531,60.959742319690534,0.10884286668557586,0.1135996508153501,-0.004756784129774247,1.698240717000117,10.930181121826172,10.569275455474854,11.15229099325877,10.930181121826172,10.708071250393573,2431275.0,133740500.0,-0.06418367978638341,-0.19230418355637097,-0.2562327043356654,0.14598392890141793
2016-08-25,PTC,PTC,11.0075484139967,11.0641060922607,10.965130492409052,11.02875804901123,594500,11.007549285888672,0.021208763122558594,61.939644160044885,0.10754613854728667,0.11238894836173742,-0.004842809814450746,0.9708735321035153,10.935123205184937,10.583993873596192,11.161564615252955,10.935123205184937,10.708681795116918,2121450.0,134335000.0,0.19267470507488485,0.12836735957276682,0.06414251076265243,0.12497741921392311
2016-08-26,PTC,PTC,11.078245998180885,11.516569021962937,11.014618440721527,11.361034393310549,5469000,11.02875804901123,0.3322763442993182,73.26256379132627,0.13181096147652482,0.1162733509846949,0.015537610491829917,4.96406409051456,10.954688215255738,10.606286945343017,11.250663413472616,10.954688215255738,10.65871301703886,2254775.0,139804000.0,3.012817425341088,3.211297067504694,3.1450522590915138,0.1633411463560445
2016-08-29,PTC,PTC,11.318616090007383,12.018517850050287,11.304476333616686,11.841774940490724,12839500,11.361034393310549,0.4807405471801758,81.73090872052045,0.18766941669213288,0.13055256412618252,0.057116852565950366,10.488122194140722,10.998290252685546,10.641114749908446,11.493483991193331,10.998290252685546,10.503096514177761,2896750.0,152643500.0,4.2314857128083245,7.371790077055721,7.371790077055721,0.2172937455951314
2016-08-30,PTC,PTC,11.884193843797918,11.947821404375352,11.551917631792485,11.594335556030272,2024000,11.841774940490724,-0.24743938446045277,69.52518136295166,0.2095557265286896,0.14635319660668394,0.06320252992200565,7.611560915899346,11.023215913772583,10.67179012298584,11.584813579967134,11.023215913772583,10.461618247578032,2912625.0,150619500.0,-2.0895464210722356,2.05352043346592,5.26315698334106,0.2322221008365662
2016-08-31,PTC,PTC,11.615544844551318,11.735730083327448,11.452941682807568,11.523637771606444,1515500,11.594335556030272,-0.07069778442382812,66.47075533699137,0.2186753115288944,0.16081761959112606,0.05785769193776835,6.745243624080781,11.045933866500855,10.700786075592042,11.650493707278766,11.045933866500855,10.441374025722943,2715925.0,149104000.0,-0.6097614139437069,-2.686566587213802,4.688495797873744,0.23358361450880175
2016-09-01,PTC,PTC,11.629685112343177,11.629685112343177,11.346895350964632,11.44587230682373,1433500,11.523637771606444,-0.07776546478271307,63.182612233680295,0.21712474632953338,0.17207904493880752,0.04504570139072586,6.094358373069821,11.071399879455566,10.727828540802001,11.69902797459517,11.071399879455566,10.443771784315961,2696525.0,147670500.0,-0.6748343389821098,-1.2804808735186615,3.7820601010455195,0.23010026252932486
2016-09-02,PTC,PTC,11.52363849057537,11.66503337387778,11.3115475140633,11.417593002319336,2235000,11.44587230682373,-0.02827930450439453,61.98186560480108,0.2111796610267831,0.17989916815640264,0.031280492870380455,3.4593359450040326,11.09910182952881,10.759481735229492,11.736928349566355,11.09910182952881,10.461275309491263,2768250.0,145435500.0,-0.24706989337575563,-0.9202369198760793,0.4978297490419478,0.22838437196826147
2016-09-05,PTC,PTC,11.452942051389572,11.558987536442132,11.31154717235849,11.346895217895508,1665000,11.417593002319336,-0.07069778442382812,58.9649081369737,0.1984755155389486,0.18361443763291185,0.014861077906036746,2.950607411319696,11.12525978088379,10.789190044403076,11.75843028936379,11.12525978088379,10.492089272403788,2675525.0,143770500.0,-0.6192004252513361,-0.8647404607966411,-4.179100895618851,0.2294753319380936
2016-09-06,PTC,PTC,11.43880156866592,11.792287395393837,11.311546455293245,11.700380325317385,3006000,11.346895217895508,0.3534851074218768,67.48646171284327,0.21445853815006544,0.18978325773634258,0.024675280413722855,6.225920838396628,11.164143180847168,10.827295322418212,11.839077568949964,11.164143180847168,10.489208792744371,2412950.0,146776500.0,3.115258408876337,2.4767682903095607,0.9146256702218568,0.2503273292297466
2016-09-07,PTC,PTC,11.700379947903992,12.329585616123865,11.665031905747972,12.18112087249756,10501500,11.700380325317385,0.4807405471801758,75.0691709760958,0.2628865506472202,0.20440391631851812,0.0584826343287021,10.448708896915583,11.232012367248535,10.871033630371095,12.025411564654975,11.232012367248535,10.438613169842094,2844900.0,157278000.0,4.108760004492719,7.352016904909562,5.705516902927268,0.2784967164022105
2016-09-08,PTC,PTC,12.265958436501789,12.478049392804994,12.159912958350183,12.195261001586914,8779500,12.18112087249756,0.014140129089353692,75.25199266249966,0.29896085505927417,0.22331530406666933,0.07564555099260484,10.7188650060413,11.305890893936157,10.915452938079834,12.169689242948342,11.305890893936157,10.442092544923971,3152725.0,166057500.0,0.11608233131713819,4.229611880211299,6.547239691957926,0.27287621202488777
2016-09-09,PTC,PTC,12.230609173773583,12.379073923504256,12.053866258843668,12.103355407714844,2198000,12.195261001586914,-0.09190559387207031,71.57795558292759,0.3164857372947729,0.24194939071229005,0.07453634658248287,9.955041702433807,11.372346305847168,10.958034133911132,12.267853125874076,11.372346305847168,10.47683948582026,3230575.0,163859500.0,-0.7536172769087193,-0.6384097620958256,6.006190667824681,0.27746232834943974
2016-09-12,PTC,PTC,12.103355407714844,12.103355407714844,12.103355407714844,12.103355407714844,0,12.103355407714844,0.0,71.57795558292759,0.326609383065664,0.2588813891829649,0.06772799388269912,9.743593557208873,11.43774118423462,10.99490816116333,12.346786190352828,11.43774118423462,10.52869617811641,3203300.0,163859500.0,0.0,-0.7536172769087193,6.666671149181861,0.27792703362882887
2016-09-13,PTC,PTC,12.103355407714844,12.103355407714844,12.103355407714844,12.103355407714844,0,12.103355407714844,0.0,71.57795558292759,0.33081897011618366,0.27326890536960863,0.057550064746575036,6.533921020795241,11.50348949432373,11.031782188415526,12.40496791828694,11.50348949432373,10.60201107036052,3126300.0,163859500.0,0.0,0.0,3.444119517427123,0.2777325712487307
2016-09-14,PTC,PTC,12.103355407714844,12.103355407714844,12.103355407714844,12.103355407714844,0,12.103355407714844,0.0,71.57795558292759,0.33034706287523896,0.2846845368707347,0.04566252600450427,2.208963339859585,11.556865930557251,11.068656215667724,12.468117312736062,11.556865930557251,10.64561454837844,2896650.0,163859500.0,0.0,0.0,-0.6384097620958256,0.2709341526698748
2016-09-15,PTC,PTC,12.089215464691874,12.188191064026912,12.01851803012053,12.117493629455566,3214500,12.103355407714844,0.014138221740722656,71.86220991522467,0.32734053143928143,0.29321573578444404,0.03412479565483739,4.512186756171617,11.611656188964844,11.105813007354737,12.519186055903411,11.611656188964844,10.704126322026276,2954525.0,167074000.0,0.11681241494165132,0.11681241494165132,-0.6376851805076426,0.27034827851876464
2016-09-16,PTC,PTC,12.145774605730884,12.725491211853562,12.145774605730884,12.598236083984377,7077500,12.117493629455566,0.48074245452881037,79.40479564811626,0.35960443587278945,0.30649347580211317,0.05311096007067628,9.325165661017907,11.690837049484253,11.152584648132324,12.6536884991344,11.690837049484253,10.727985599834106,3265075.0,174151500.0,3.967342333568117,4.088789096898612,4.088789096898612,0.2960674177333921
2016-09-19,PTC,PTC,12.619443993159791,13.050695774892905,12.619443993159791,12.873952865600586,10862500,12.598236083984377,0.27571678161620916,82.33026592935346,0.4027788685251483,0.3257505543467202,0.07702831417842815,12.476817148531975,11.78309679031372,11.203410625457764,12.828872360265464,11.78309679031372,10.737321220361977,3717350.0,185014000.0,2.1885348058107645,6.242703807214685,6.366808475231197,0.29988932009596025
2016-09-20,PTC,PTC,13.00827859954036,13.0789760369962,12.548747278739596,12.711350440979004,4244500,12.873952865600586,-0.16260242462158203,75.51746803242787,0.4190437848097428,0.3444092004393247,0.07463458437041809,11.331262538407682,11.867933368682861,11.247400970458985,12.926430089088072,11.867933368682861,10.80943664827765,3899300.0,180769500.0,-1.26303417698583,0.8978586862523144,5.023359331219968,0.30713169364777676
2016-09-21,PTC,PTC,12.796188350037,13.3829748213308,12.513399932866774,12.98707103729248,15376000,12.711350440979004,0.27572059631347656,78.73136841422466,0.44900633049578964,0.36532862645061775,0.08367770404517189,14.454842385520625,11.966909456253052,11.292260360717773,13.056405307014668,11.966909456253052,10.877413605491437,4651800.0,196145500.0,2.1690897249170726,0.878659203376052,7.301410227236195,0.309630887987051
2016-09-22,PTC,PTC,13.213301339553592,13.411252550887964,12.873953901589037,13.08604621887207,15417000,12.98707103729248,0.09897518157958984,79.7585775907753,0.4752598342733041,0.387314868015155,0.08794496625814907,11.842913264591663,12.069773864746093,11.337904720306396,13.17468853559013,12.069773864746093,10.964859193902056,5392925.0,211562500.0,0.7621054916492087,2.947725968478673,7.993010923167455,0.30869053393220863
2016-09-23,PTC,PTC,13.064836040090889,13.0789757970109,12.73255984311926,12.796187400817873,4284000,13.08604621887207,-0.28985881805419744,69.21549593398834,0.46729011147047395,0.4033099167062188,0.06398019476425515,5.049342624199755,12.14153151512146,11.38067190170288,13.239026732331045,12.14153151512146,11.044036297911877,5333675.0,207278500.0,-2.2150221174993017,-1.4697974310488,1.571262163320971,0.31638810032454845
2016-09-26,PTC,PTC,12.77497829592185,13.213301339553592,12.77497829592185,13.08604621887207,5245500,12.796187400817873,0.28985881805419744,73.05173499325431,0.4788434239743413,0.4184166181598433,0.060426805814498,7.304355496526416,12.203745079040527,11.42883804321289,13.368689016421804,12.203745079040527,11.038801141659249,4953975.0,212524000.0,2.2651967259847336,0.0,1.6474610050670708,0.29344646780874695
2016-09-27,PTC,PTC,13.071905553320622,13.149672865766416,12.866884477474525,12.972929954528809,1765500,13.08604621887207,-0.11311626434326172,69.4162856825257,0.47341473976082327,0.42941624248003935,0.04399849728078392,7.184574174031824,12.272674798965454,11.474874591827392,13.448880793460816,12.272674798965454,11.096468804470092,4941050.0,210758500.0,-0.8644036743514695,1.3812126079025628,2.0578420425458614,0.28201354315275234
2016-09-28,PTC,PTC,12.944650803153673,13.008278360852282,12.739629721579265,12.796187400817873,4511500,12.972929954528809,-0.17674255371093572,64.05257997775351,0.44966733628029054,0.4334664612400896,0.016200875040200957,5.724296856237144,12.336302280426025,11.519765338897706,13.479103770768772,12.336302280426025,11.193500790083279,5090850.0,206247000.0,-1.3623950358973105,-2.2150221174993017,-1.4697974310488,0.28743158510164135
2016-09-29,PTC,PTC,12.796187006052996,13.142602949257636,12.668931894581618,12.838604927062988,6471000,12.796187400817873,0.04241752624511541,64.75641765289745,0.4293211409315578,0.43263739717838323,-0.003316256246825411,6.074757739324803,12.405938911437989,11.563779010772706,13.488424805200054,12.405938911437989,11.323453017675924,5342725.0,212718000.0,0.33148565988025686,-1.035425520191974,-1.890878938301731,0.2839872121125768
2016-09-30,PTC,PTC,12.873952740091717,13.008277727407924,12.796186777701385,12.923441886901855,2272500,12.838604927062988,0.08483695983886719,66.18258230728887,0.4152554617032411,0.42916101008335483,-0.013905548380113708,6.775695264341965,12.481231355667115,11.611082153320313,13.480550837146314,12.481231355667115,11.481911874187915,5344600.0,214990500.0,0.6607957821027431,0.9944718852417642,0.9944718852417642,0.2822578198804178
2016-10-03,PTC,PTC,12.923442653687925,13.206231052889107,12.831535581171632,12.937581062316896,2715000,12.923441886901855,0.014139175415040839,66.42642563247105,0.40063099810501157,0.4234550076876862,-0.02282400958267461,6.7677975160460315,12.560765647888186,11.655880813598634,13.423876274733834,12.560765647888186,11.697655021042538,5397100.0,217705500.0,0.10940719615392205,0.7709259363941672,-1.1345302780687465,0.2791272918825239
2016-10-04,PTC,PTC,13.008279217978387,13.185022145799945,12.93758177716146,13.022418975830078,2328500,12.937581062316896,0.08483791351318182,67.92107991170182,0.39137518641394564,0.4170390434329381,-0.02566385701899243,3.3670022455361646,12.626867580413819,11.701978073120117,13.411460181980571,12.626867580413819,11.842274978847067,5363225.0,220034000.0,0.6557478797971591,0.765872511320206,0.38147913751737383,0.26381399777207803
2016-10-05,PTC,PTC,13.022417768800931,13.36176383513886,12.951720334536846,13.163812637329102,5417500,13.022418975830078,0.14139366149902344,70.29465216767593,0.39094263245745964,0.4118197612378424,-0.02087712878038278,2.251521150920365,12.676002168655398,11.751301364898682,13.4661210239187,12.676002168655398,11.885883313392096,5109025.0,225451500.0,1.085771097992266,1.7486388987439598,2.872927888565713,0.2292862432842051
2016-10-06,PTC,PTC,13.22037077682743,13.672832214415394,13.08604578187796,13.432461738586426,13319500,13.163812637329102,0.2686491012573242,74.20064701643028,0.4075792477490321,0.41097165854008033,-0.0033924107910482393,5.6729715772975196,12.737862205505373,11.801352272033691,13.562477306008773,12.737862205505373,11.913247105001972,5336025.0,238771000.0,2.0408152915782636,3.1487449721698932,4.6255556183649205,0.23621618389371338
2016-10-07,PTC,PTC,13.43953104722254,13.510228480958212,12.90223243864938,12.951720237731934,4662500,13.432461738586426,-0.4807415008544922,59.19945861221611,0.3776191058409406,0.4043011480002524,-0.026682042159311803,-0.27219993991745145,12.780280447006227,11.840991992950439,13.553122507695766,12.780280447006227,12.007438386316688,5459250.0,234108500.0,-3.57895306318649,-1.6111775930001453,0.2188143923078166,0.2742478949379928
2016-10-10,PTC,PTC,13.07897679562943,13.1708825257439,12.881024228959326,12.930513381958008,1863500,12.951720237731934,-0.02120685577392578,58.63629595090114,0.3481509935624274,0.39307111711268744,-0.04492012355026004,-1.1885395658297497,12.821638345718384,11.880207576751708,13.527588388884324,12.821638345718384,12.115688302552444,5552425.0,232245000.0,-0.16373775363170956,-3.736830719469005,-0.05462907111341257,0.2745891676950046
2016-10-11,PTC,PTC,12.930513381958008,12.930513381958008,12.930513381958008,12.930513381958008,0,12.930513381958008,0.0,58.63629595090114,0.32109590851729664,0.37867607539360926,-0.05758016687631262,1.0497344008227751,12.862996244430542,11.916901397705079,13.483513826375768,12.862996244430542,12.242478662485317,5552425.0,232245000.0,0.0,-0.16373775363170956,-0.7057490166968925,0.2745891676950046
2016-10-12,PTC,PTC,12.930513381958008,12.930513381958008,12.930513381958008,12.930513381958008,0,12.930513381958008,0.0,58.63629595090114,0.2962396919318824,0.3621887987012639,-0.06594910676938154,-1.1885395658297497,12.904354143142701,11.954126091003419,13.411616076410247,12.904354143142701,12.397092209875154,5552425.0,232245000.0,0.0,0.0,-1.772277240634059,0.2745891676950046
2016-10-13,PTC,PTC,12.944651528137914,13.078976529518211,12.61944519141263,12.690142631530762,3579500,12.930513381958008,-0.2403707504272461,51.67689419130562,0.2542146225852182,0.34059396347805476,-0.08637934089283655,-2.1798261764245996,12.93298659324646,11.989197902679443,13.297919301449891,12.93298659324646,12.568053885043028,5570675.0,228665500.0,-1.8589420491427378,-1.8589420491427378,-5.52630725106225,0.2855085466957254
2016-10-14,PTC,PTC,12.62651496380244,12.852745691519685,12.520468130298667,12.72549057006836,1108000,12.690142631530762,0.035347938537597656,52.56843250761334,0.22121174429000057,0.3167175196404439,-0.09550577535044336,-0.5524835526009481,12.93934931755066,12.026436634063721,13.283556246798739,12.93934931755066,12.59514238830258,5272200.0,229773500.0,0.27854642429132237,-1.58557364145895,-1.7467152124279584,0.24950274935800457
2016-10-17,PTC,PTC,12.824465908742486,12.83153578739132,12.63358457898988,12.676002502441406,908000,12.72549057006836,-0.049488067626953125,51.145725070795045,0.1888860907233365,0.29115123385702246,-0.10226514313368595,-1.2665116307054993,12.9294517993927,12.063481960296631,13.292447545333596,12.9294517993927,12.566456053451803,4774475.0,228865500.0,-0.38888927192601963,-0.11142608479609974,-1.9682967875948494,0.2368190561815721
2016-10-18,PTC,PTC,12.690142790622444,12.725490836903898,12.513399862332111,12.58409595489502,1594500,12.676002502441406,-0.09190654754638672,48.51946794609137,0.1540755994839511,0.2637361069824082,-0.10966050749845707,-2.625816984179495,12.923089075088502,12.096709632873536,13.306091301696988,12.923089075088502,12.540086848480016,4641975.0,227271000.0,-0.7250436210365646,-1.1111132761035891,-2.6790693983298897,0.23396761948343434
2016-10-19,PTC,PTC,12.640652884232011,12.654792641278034,12.273028640125588,12.322516441345217,3522500,12.58409595489502,-0.2615795135498029,41.92154626745601,0.10417983347779369,0.23182485228148528,-0.12764501880369158,-4.754092886522423,12.889861345291138,12.126685218811035,13.355816619382107,12.889861345291138,12.423906071200168,4049300.0,223748500.0,-2.0786516130151766,-2.788624103128001,-4.7020324920828855,0.22931409870275482
2016-10-20,PTC,PTC,12.414423012139824,12.725490946165271,12.414423012139824,12.548748016357422,3336500,12.322516441345217,0.22623157501220525,48.450582288733045,0.08194743779328384,0.201849369383845,-0.11990193159056117,-3.637350021926041,12.862996435165405,12.163306369781495,13.343068433830439,12.862996435165405,12.382924436500371,3445275.0,227085000.0,1.8359202528887693,-0.28089374607675216,-1.1142082424040018,0.23859448046452827
2016-10-21,PTC,PTC,12.513400055491756,12.584096149145944,12.372005171300277,12.379075050354004,1553500,12.548748016357422,-0.16967296600341797,44.41754117802505,0.0500598548516642,0.17149146647740887,-0.12143161162574467,-5.961324493101556,12.842140817642212,12.195402927398682,13.368447844805614,12.842140817642212,12.31583379047881,3308750.0,225531500.0,-1.3521107108234822,0.4589858676838003,-2.722217409277406,0.23075965975463963
2016-10-24,PTC,PTC,12.372003536399363,12.372003536399363,12.13870295222206,12.18112087249756,448500,12.379075050354004,-0.19795417785644354,40.211963739796076,0.008715006679773651,0.13893617451788184,-0.1302211678381082,-9.315796988233602,12.796894550323488,12.223116188049316,13.386677506208976,12.796894550323488,12.207111594438,3068900.0,225083000.0,-1.5991031401880276,-2.9295922061759128,-3.904082772534412,0.2173755872407325
2016-10-25,PTC,PTC,12.131634448594138,12.131634448594138,11.912473595825276,12.082146644592283,1135000,12.18112087249756,-0.09897422790527699,38.2613403210664,-0.03167237695366332,0.10481446422357282,-0.13648684117723614,-6.7139621392248925,12.75235538482666,12.24899133682251,13.416070614099638,12.75235538482666,12.088640155553684,3037375.0,223948000.0,-0.8125215153946976,-2.3986315985153452,-3.988759399974899,0.21722007831706286
2016-10-26,PTC,PTC,11.969030855801092,12.244749381749298,11.969030855801092,11.990239143371582,679500,12.082146644592283,-0.09190750122070135,36.49115287846677,-0.07028562773873404,0.06979444583111145,-0.14008007356984548,-7.271747151960678,12.712057971954346,12.268079586029053,13.457413039815068,12.712057971954346,11.966702904093625,2845775.0,223268500.0,-0.7606885094532205,-1.5670292670434756,-2.6965052110521732,0.21451951125881277
2016-10-27,PTC,PTC,11.983170421138148,12.03265822259833,11.72159030828103,11.771078109741213,2165000,11.990239143371582,-0.21916103363036932,32.61601596108014,-0.11722013029312173,0.03239153060626482,-0.14961166089938654,-8.966660781114532,12.658681631088257,12.283067378997803,13.511087592636008,12.658681631088257,11.806275669540506,2630475.0,221103500.0,-1.8278287114192,-2.574613137892168,-6.197191190726824,0.21951034391794308
2016-10-28,PTC,PTC,11.707451027223822,11.884193953020734,11.59433566258912,11.749870300292969,1588000,11.771078109741213,-0.021207809448243964,32.25901634925032,-0.1543481255804,-0.004956400631068149,-0.14939172494933187,-9.130674450346223,12.600003051757813,12.297772407531738,13.533396088402393,12.600003051757813,11.666610015113234,2596250.0,219515500.0,-0.18016879380566966,-2.004704328282672,-5.082809075004693,0.21600004773659223
2016-10-31,PTC,PTC,11.665033368727311,11.877124345145738,11.48829043889811,11.608475685119627,1695500,11.749870300292969,-0.14139461517334162,29.90855052962594,-0.19295740029986952,-0.04255660056482843,-0.15040079973504109,-8.523678399985466,12.53354778289795,12.309366760253907,13.551197160471835,12.53354778289795,11.515898405324064,2545275.0,217820000.0,-1.2033717101525463,-1.3813724036630355,-4.701087801130412,0.21638776262683213
2016-11-01,PTC,PTC,11.6296848264319,12.315446879500175,11.558987387825333,12.258889198303224,3765000,11.608475685119627,0.6504135131835973,48.498055183111774,-0.16912304866885464,-0.06786989018563368,-0.10125315848322096,-3.6666670663575722,12.495371294021606,12.334252166748048,13.492888435224295,12.495371294021606,11.497854152818917,2617100.0,221585000.0,5.6029192016772065,4.3321235469089725,1.4628406599422241,0.30535868413769796
2016-11-02,PTC,PTC,12.372003940352633,12.90223268065346,12.258888583630435,12.5770263671875,4205000,12.258889198303224,0.31813716888427557,54.81116649242556,-0.12314361954645037,-0.07892463605779702,-0.04421898348865334,-0.780815049814351,12.466031980514526,12.365641708374023,13.414058178065858,12.466031980514526,11.518005782963193,2556475.0,225790000.0,2.5951549421648212,8.343478578409856,4.893874232194146,0.31874764304062675
2016-11-03,PTC,PTC,12.59116477544671,12.725489767219852,12.463909662023886,12.5770263671875,1000500,12.5770263671875,0.0,54.81116649242557,-0.08571650419930776,-0.08028300968609918,-0.005433494513208584,-0.05617874921535044,12.42326021194458,12.396607074737549,13.258134892898017,12.42326021194458,11.588385530991143,1940525.0,225790000.0,0.0,2.5951549421648212,6.84685166415913,0.3076838126962107
2016-11-04,PTC,PTC,12.534608579177652,12.619445780971157,12.428563088266952,12.48512077331543,433500,12.5770263671875,-0.09190559387207031,52.64891529653631,-0.06274793978664839,-0.07677599570620902,0.014028055919560634,1.3195708258471757,12.399930238723755,12.419088802337647,13.197887592609877,12.399930238723755,11.601972884837632,1729075.0,225356500.0,-0.7307418398346129,-0.7307418398346129,6.257519906446357,0.2831954465112399
2016-11-07,PTC,PTC,12.506329694112711,12.718420663778778,12.456841891086732,12.59116554260254,677000,12.48512077331543,0.10604476928711115,54.861579201431574,-0.03557813775625718,-0.06853642411621866,0.03295828635996148,0.3380219778883701,12.382962846755982,12.434076614379883,13.147132892617364,12.382962846755982,11.6187928008946,1669750.0,226033500.0,0.8493691908352354,0.11242065494852477,8.465279026621719,0.2854918655492772
2016-11-08,PTC,PTC,12.64772300902151,12.78911788535196,12.33665643860088,12.42856216430664,19817500,12.59116554260254,-0.1626033782959002,50.93153629592975,-0.026857016624925123,-0.06020054261795996,0.033343525993034834,0.3997642291636445,12.357865285873412,12.45076114654541,13.07802028207426,12.357865285873412,11.637710289672565,2660625.0,206216000.0,-1.2914084700556705,-0.4530081048929244,1.384081079930969,0.2884499734535527
2016-11-09,PTC,PTC,12.42856216430664,12.42856216430664,12.42856216430664,12.42856216430664,0,12.42856216430664,0.0,50.93153629592975,-0.019718166546248028,-0.052104067403617574,0.032385900857369546,2.031350763194143,12.332767724990845,12.468859634399415,13.002085483458806,12.332767724990845,11.663449966522883,2660625.0,206216000.0,0.0,-1.2914084700556705,-1.1804396249672429,0.2884499734535527
2016-11-10,PTC,PTC,12.881024100051397,12.937581783042342,12.584095927238543,12.640653610229492,2917500,12.42856216430664,0.21209144592285156,55.728995779988374,0.0030186338060627094,-0.04107952716168152,0.04409816096774423,4.62258058990854,12.330293273925781,12.49275526046753,12.994393643622068,12.330293273925781,11.666192904229494,2627525.0,209133500.0,1.7064841702441904,1.7064841702441904,0.5059005299375916,0.2887287583495591
2016-11-11,PTC,PTC,12.654793730886723,12.902234106731534,12.513400193576526,12.84567642211914,9913500,12.640653610229492,0.20502281188964844,59.818739785121124,0.03715306199572588,-0.025433009330200044,0.06258607132592592,7.134447182568994,12.336302566528321,12.521316928863525,13.017417107403123,12.336302566528321,11.65518802565352,3067800.0,219047000.0,1.6219320472774685,3.356094231160566,2.887882747392641,0.2943559669619822
2016-11-14,PTC,PTC,12.86688571550923,13.08604656896764,12.725490833537757,12.774978637695312,8082500,12.84567642211914,-0.07069778442382812,57.8346860284836,0.057833453848450844,-0.008779716694469867,0.06661317054292071,8.528535097590737,12.341251373291016,12.549878597259521,13.034095499407242,12.341251373291016,11.64840724717479,3426525.0,210964500.0,-0.550362488518648,1.0626430531813427,1.4598576634612197,0.2947403469019136
2016-11-15,PTC,PTC,12.774977950153795,12.944650990322948,12.654792711478796,12.82446575164795,2868000,12.774978637695312,0.04948711395263672,58.86321730920568,0.07732465936064514,0.008441158516553136,0.068883500844092,9.145594154585575,12.353269863128663,12.572360305786132,13.071717082355804,12.353269863128663,11.634822643901522,3490200.0,213832500.0,0.38737531667265873,-0.1651191402787359,3.185433536940394,0.2934780099457045
2016-11-16,PTC,PTC,12.824464737229084,13.07897495157171,12.824464737229084,12.99413776397705,5502000,12.82446575164795,0.16967201232910156,62.26214657298772,0.1052494434735376,0.02780281550795003,0.07744662796558757,11.936641092625454,12.386850929260254,12.588620643615723,13.159951666988121,12.386850929260254,11.613750191532386,3589175.0,219334500.0,1.323033766980107,1.7155341898972911,4.550611665238931,0.2845255077008382
2016-11-17,PTC,PTC,13.001208081302462,13.078975393521947,12.810326762536793,12.838604927062988,5611000,12.99413776397705,-0.1555328369140625,57.566671997671584,0.11352123385404411,0.04494649917716885,0.06857473467687526,4.728941744901352,12.401343774795532,12.601487522125245,13.197739963159622,12.401343774795532,11.604947586431441,3702900.0,213723500.0,-1.196946190190763,0.11025157452053838,1.5659895677649398,0.2829004801663406
2016-11-18,PTC,PTC,12.866884424167152,12.895162588658485,12.584094688605452,12.647722244262695,4960000,12.838604927062988,-0.19088268280029297,52.348823669443725,0.10348118342901635,0.05665343602753835,0.046827747401478007,0.5621032747425532,12.414776134490968,12.612374858856201,13.218618304176564,12.414776134490968,11.61093396480537,3873225.0,208763500.0,-1.4867867956426017,-2.665936947926661,-1.5410179374873978,0.28387439863827196
2016-11-21,PTC,PTC,12.619444532210473,12.718420134140755,12.548747095785366,12.683072090148926,1159000,12.647722244262695,0.03534984588623047,53.19491844243804,0.09725570503646708,0.0647738898293241,0.03248181520714298,0.8431700774524172,12.439873695373535,12.623969192504882,13.244342895661024,12.439873695373535,11.635404495086046,3908750.0,209922500.0,0.2794957479578269,-1.2114465535597942,-0.7194262327390258,0.2765016254936478
2016-11-22,PTC,PTC,12.683072936011566,12.930513305781076,12.683072936011566,12.71842098236084,3441500,12.683072090148926,0.03534889221191406,54.073102326160544,0.09408972100181323,0.07063705606382192,0.023452664937991308,1.8686259691139309,12.471687412261963,12.636270503997803,13.266862135741071,12.471687412261963,11.676512688782854,4024075.0,213364000.0,0.2787092272334391,0.5589839556305496,-0.8268942452708612,0.27381678195510123
2016-11-23,PTC,PTC,12.746700498193483,12.881024153073946,12.65479342017892,12.71842098236084,4267000,12.71842098236084,0.0,54.073102326160544,0.09053700164700729,0.074617045180459,0.015919956466548285,1.0106724379703125,12.508096504211426,12.648571815490723,13.27669208927481,12.508096504211426,11.739500919148043,4203450.0,213364000.0,0.0,0.2787092272334391,-2.1218551521022486,0.2713362184498175
2016-11-24,PTC,PTC,12.796186990276729,12.796186990276729,12.619444079771364,12.647722244262695,1596500,12.71842098236084,-0.07069873809814453,51.81793993431921,0.08108198598915273,0.07591003334219776,0.005171952646954969,1.7633582795720046,12.5519287109375,12.659176387786864,13.239240033964872,12.5519287109375,11.864617387910126,4175025.0,211767500.0,-0.5558766940974552,-0.5558766940974552,-1.4867867956426017,0.26163462392868064
2016-11-25,PTC,PTC,12.69014159589656,12.796187073198697,12.612374283269004,12.66893196105957,2241000,12.647722244262695,0.021209716796875,52.45852538803845,0.07444214217275835,0.07561645510830987,-0.001174312935551522,1.9340113005448312,12.59788179397583,12.66059030532837,13.173169988985261,12.59788179397583,12.022593598966399,4207675.0,214008500.0,0.1676959407176753,-0.389112936031177,0.1676959407176753,0.2609506174870321
2016-11-28,PTC,PTC,12.69014241811825,12.93051290141263,12.69014241811825,12.760838508605955,2303500,12.66893196105957,0.09190654754638494,55.23579986228853,0.07572321827845485,0.07563780774233887,8.541053611597904e-05,0.9507807276611315,12.655499935150146,12.658328018188477,12.996790627271185,12.655499935150146,12.314209243029108,4238075.0,216312000.0,0.7254482684797552,0.8943607564956777,0.6131512767906717,0.25422688122023085
2016-11-29,PTC,PTC,12.80325750786199,12.83153567376544,12.485119713689032,12.520467758178713,4438000,12.760838508605955,-0.24037075042724254,47.43151672373762,0.05668909304765535,0.07184806480340217,-0.01515897175574682,-2.531658538280217,12.668578863143921,12.65451036453247,12.96265701015008,12.668578863143921,12.374500716137762,4271725.0,211874000.0,-1.8836595280563706,-1.1718762350069543,-1.5564292490134441,0.18341411809309383
2016-11-30,PTC,PTC,12.26595949303734,12.58409595489502,12.26595949303734,12.58409595489502,6707500,12.520467758178713,0.06362819671630682,49.466876520927364,0.04620604090348657,0.06671966002341906,-0.02051361911993249,-1.4941917964312887,12.668932342529297,12.646450862884521,12.962563796786272,12.668932342529297,12.375300888272323,4396850.0,218581500.0,0.5081934472834941,-1.38503871506359,-1.0561454731850402,0.1593162157065006
2016-12-01,PTC,PTC,12.39321281579342,12.52753645089212,12.30837562923094,12.357863426208496,2767500,12.58409595489502,-0.22623252868652344,43.08008916535813,0.019419219517494923,0.05725957192223423,-0.037840352404739305,-3.638376322845999,12.657974195480346,12.63188720703125,12.980940004189044,12.657974195480346,12.335008386771648,4485200.0,215814000.0,-1.7977654453478833,-1.2987081242551741,-2.291786714289097,0.1717269902727479
2016-12-02,PTC,PTC,12.30837810987442,12.449772999828314,12.294238351190709,12.34372615814209,3373000,12.357863426208496,-0.01413726806640625,42.708996422554804,-0.00291666727759754,0.045224324082267876,-0.048140991359865416,-5.005423350505503,12.65090446472168,12.622837982177735,12.995282390884025,12.65090446472168,12.306526538559336,4632175.0,212441000.0,-0.11439896670506977,-1.9101077869596943,-2.566955161785254,0.17002539002770797
2016-12-05,PTC,PTC,12.322515142263748,12.72548873650238,12.322515142263748,12.499258041381836,6974500,12.34372615814209,0.1555318832397461,48.014501135085276,-0.007975953513572165,0.034584268563099874,-0.04256022207667204,-2.6431757002338316,12.646309089660644,12.611102218627929,12.996448096820039,12.646309089660644,12.296170082501249,4947050.0,219415500.0,1.2600075637384027,1.1441671614000106,-2.049868956869163,0.17350032334136495
2016-12-06,PTC,PTC,12.548747936441371,12.584095982801212,12.442702448920317,12.527538299560549,1799000,12.499258041381836,0.028280258178712714,48.940405766682254,-0.009592912692587774,0.025748832311962344,-0.03534174500455012,-0.950241809402993,12.65125789642334,12.602194385528565,12.991084556231137,12.65125789642334,12.311431236615544,4046125.0,221214500.0,0.22625549520686777,1.4891138952982508,0.056471862860053824,0.16712310665908303
2016-12-07,PTC,PTC,12.478049835102803,12.626514588530672,12.45684154778558,12.520467758178713,1408000,12.527538299560549,-0.0070705413818359375,48.70682994400225,-0.01131447190099344,0.01833617146937119,-0.02965064337036463,-1.2820579337123656,12.655853176116944,12.596679992675782,12.985328226893941,12.655853176116944,12.326378125339946,4116525.0,219806500.0,-0.05643999014622021,0.16968780648144752,-0.5056238997570297,0.16715524193240852
2016-12-08,PTC,PTC,12.58409486099812,12.58409486099812,12.38614366152282,12.44270133972168,1087000,12.520467758178713,-0.07776641845703303,46.100723355865455,-0.018737920936617414,0.010921352988173469,-0.029659273924790883,-2.1678763662687004,12.645955562591553,12.588761920928954,12.988968226662488,12.645955562591553,12.302942898520618,4025000.0,218719500.0,-0.6211143222363548,-0.677203755520308,0.6865095574147532,0.1564959254361353
2016-12-09,PTC,PTC,12.513398810476088,12.718419888869535,12.478049418724517,12.5770263671875,3261500,12.44270133972168,0.1343250274658203,50.97969038095698,-0.013625089118976419,0.006012064566743492,-0.01963715368571991,-1.1117308930836605,12.63252305984497,12.581833610534668,12.963431915569325,12.63252305984497,12.301614204120616,3692400.0,221981000.0,1.0795487555182683,0.4517292013458654,1.890030660567775,0.1497372907597507
2016-12-12,PTC,PTC,12.5770263671875,12.5770263671875,12.5770263671875,12.5770263671875,0,12.5770263671875,0.0,50.97969038095698,-0.009464037533998493,0.0029168441465950955,-0.012380881680593588,-0.5589613347752369,12.62262544631958,12.57462251663208,12.9473780557901,12.62262544631958,12.29787283684906,3288275.0,221981000.0,0.0,1.0795487555182683,0.6221835372003129,0.1488201408523262
2016-12-13,PTC,PTC,12.591165009207732,12.711350246511538,12.428561849455946,12.492189407348633,3288000,12.5770263671875,-0.08483695983886719,47.80969626222023,-0.012863722831671254,-0.00023926924905817454,-0.01262445358261308,-1.3950864544398072,12.606011629104614,12.564017925262451,12.921141976541124,12.606011629104614,12.290881281668105,3309275.0,218693000.0,-0.6745390950296513,-0.6745390950296513,-0.28216950023737575,0.149228168969258
2016-12-14,PTC,PTC,12.569956159351394,12.577026037516392,12.336655573672,12.4497709274292,2065000,12.492189407348633,-0.042418479919433594,46.26077667915187,-0.01876450916579664,-0.003944317232405867,-0.01482019193339077,-2.437673519392718,12.578793287277222,12.549737091064452,12.842635901073583,12.578793287277222,12.31495067348086,3137425.0,216628000.0,-0.3395600125505668,-1.011808642544477,-0.5646500762987261,0.13912994453035948
2016-12-15,PTC,PTC,12.386145434193224,12.463911410070418,12.301308230532564,12.34372615814209,2744500,12.4497709274292,-0.10604476928710938,42.549477614625644,-0.03163320359673705,-0.009482094505272104,-0.022151109091464942,-1.4116213822855812,12.554049348831176,12.527962379455566,12.807933122610885,12.554049348831176,12.300165575051468,2994100.0,213883500.0,-0.8517808874175563,-1.1884485926799047,-0.7954476996375751,0.13639535061891223
2016-12-16,PTC,PTC,12.372003837576862,12.690141618491117,12.336655794560349,12.612374305725098,3733500,12.34372615814209,0.2686481475830078,52.86586916961368,-0.0199244002400345,-0.011570555652224583,-0.008353844587809918,0.22471499686140176,12.552281951904297,12.52117546081543,12.803902102430394,12.552281951904297,12.3006618013782,2932775.0,217617000.0,2.1763942600573962,1.3060752622978182,0.2810516373712766,0.1514530145223305
2016-12-19,PTC,PTC,12.48511987476212,12.718420477351662,12.470980117407244,12.56288719177246,1749000,12.612374305725098,-0.049487113952638495,51.04742231874664,-0.014471467666306026,-0.012150738055040872,-0.0023207296112651536,1.6590551173202777,12.546272706985473,12.513822937011719,12.790369114202356,12.546272706985473,12.30217629976859,2962275.0,215868000.0,-0.3923695313274595,1.7754852207719118,-0.11242065494852477,0.1516292523317487
2016-12-20,PTC,PTC,12.584095982801212,12.619445377602588,12.442702448920317,12.527538299560549,1547000,12.56288719177246,-0.03534889221191051,49.73151503796526,-0.01285416468479994,-0.012291423380992688,-0.0005627413038072522,1.4891138952982508,12.536728572845458,12.50576343536377,12.767020678180858,12.536728572845458,12.306436467510059,2867550.0,214321000.0,-0.28137554427027567,-0.6726410436934118,0.2829679494862731,0.15135498921378077
2016-12-21,PTC,PTC,12.548746817789365,12.654792295857048,12.336655861653997,12.44270133972168,4029500,12.527538299560549,-0.08483695983886896,46.62506149704854,-0.018208181484899555,-0.013474775001774063,-0.004733406483125492,-0.4524804710240522,12.522942590713502,12.496007194519043,12.74007295576525,12.522942590713502,12.305812225661754,2855675.0,210291500.0,-0.677203755520308,-0.9566738140376696,-0.05678488181612959,0.15283374382882034
2016-12-22,PTC,PTC,12.48511893005892,12.499258686343891,12.301306143678406,12.31544589996338,1487500,12.44270133972168,-0.127255439758299,42.35160766806287,-0.03234685444022922,-0.017249190889465096,-0.015097663550764126,-1.6930093888007345,12.506328773498534,12.488513259887695,12.733858350321551,12.506328773498534,12.278799196675518,2850225.0,208804000.0,-1.022731610153278,-1.6930093888007345,-0.2291063315598193,0.155534499178571
2016-12-23,PTC,PTC,12.301307333621091,12.336656727752978,12.131634287112565,12.230609893798828,766000,12.31544589996338,-0.08483600616455256,39.73679276135076,-0.04982308184069062,-0.023763969079710203,-0.026059112760980416,-2.3150721680549156,12.484412670135498,12.478615646362305,12.729739908887268,12.484412670135498,12.239085431383728,2776475.0,208038000.0,-0.6888585833892122,-1.7045450190609144,-3.0269036001649297,0.15634097131790786
2016-12-26,PTC,PTC,12.372003514986902,12.372003514986902,12.166981095200976,12.237678527832031,646500,12.230609893798828,0.007068634033203125,40.068812497553076,-0.062383618749052516,-0.031487899013578666,-0.03089571973547385,-1.6477355382238439,12.458254671096801,12.469849166870118,12.690707306398751,12.458254671096801,12.225802035794851,2693625.0,208684500.0,0.05779461608686472,-0.6314620904759987,-2.588645897842733,0.153022831131462
2016-12-27,PTC,PTC,12.202331998370228,12.230610165863265,12.018519190120111,12.046798706054688,2231500,12.237678527832031,-0.19087982177734375,34.53548445303308,-0.08674045118372042,-0.04253840944760702,-0.044202041736113404,-4.215842804592793,12.4345712184906,12.45910322189331,12.728678254429582,12.4345712184906,12.140464182551618,2583300.0,206453000.0,-1.5597714986811237,-1.502878346543754,-3.837462572536896,0.1486797250722071
2016-12-28,PTC,PTC,12.089214988310324,12.280097649598703,12.025587434547532,12.096284866333008,1287500,12.046798706054688,0.04948616027832031,36.965810489749,-0.10088733046293896,-0.054208193650673406,-0.046679136812265556,-3.822378094942299,12.4101806640625,12.454578590393066,12.731707296224533,12.4101806640625,12.088654031900466,2312300.0,207740500.0,0.41078266090267374,-1.155396108644734,-2.784093774579183,0.14811346407519674
2016-12-29,PTC,PTC,12.19526091965443,12.273028232382462,12.096285320503412,12.17405128479004,1058500,12.096284866333008,0.07776641845703303,40.691999557204824,-0.10461776568555159,-0.06429010805764905,-0.04032765762790254,-2.5466962770468773,12.400990056991578,12.447084655761719,12.738903991023747,12.400990056991578,12.063076122959409,2226850.0,208799000.0,0.6428950650251009,1.0563186273826968,-1.148107963949241,0.13804337543452805
2016-12-30,PTC,PTC,12.152844720598628,12.336657536814707,12.053867758979756,12.145774841308594,3444500,12.17405128479004,-0.02827644348144709,39.77138715194124,-0.10860391679938708,-0.07315286980599665,-0.035451046993390425,-2.441780558796023,12.391092491149902,12.44241865158081,12.747176187217663,12.391092491149902,12.03500879508214,2230425.0,205354500.0,-0.23226814821106415,0.40913367635156256,-0.6936289623074929,0.13815551766647313
2017-01-02,PTC,PTC,12.174050405815072,12.54874583738429,12.174050405815072,12.499258041381836,2335500,12.145774841308594,0.3534832000732422,53.832825932156204,-0.08229122815852286,-0.07498054147650189,-0.007310686682020964,1.2600075637384027,12.391092491149902,12.448781394958496,12.747176187217663,12.391092491149902,12.03500879508214,1998475.0,207690000.0,2.910338818986024,2.6713108806934334,2.137492931808079,0.16844188659755005
2017-01-03,PTC,PTC,12.527538061749134,12.937581594570451,12.372004772900189,12.803257942199709,7475000,12.499258041381836,0.30399990081787287,62.040758387768626,-0.036487377697634216,-0.06728190872072835,0.030794531023094138,1.5134631422091867,12.40487847328186,12.463203620910644,12.802169544548647,12.40487847328186,12.007587402015073,2282275.0,215165000.0,2.4321435705336047,5.413266007986341,6.279338225887571,0.18920004792513057
2017-01-04,PTC,PTC,12.831536055749842,13.262789223257585,12.831536055749842,12.916373252868652,14112500,12.803257942199709,0.11311531066894354,64.56518790873511,0.008838084086596254,-0.052057910159263435,0.06089599424585969,2.813732669092931,12.424673748016357,12.481726303100587,12.881244465762371,12.424673748016357,11.968103030270342,2917500.0,229277500.0,0.8834884931601195,3.3371197722765222,6.779671573527142,0.19099972394498319
2017-01-05,PTC,PTC,12.937582088041184,13.340557105848386,12.937582088041184,13.14967441558838,6859000,12.916373252868652,0.23330116271972834,69.12578623831197,0.0628596858258259,-0.02907439096224557,0.09193407678807147,4.966148186109763,12.460022401809692,12.50929822921753,13.020187851778097,12.460022401809692,11.899856951841286,3206100.0,236136500.0,1.8062435805493116,2.705690027902028,8.013956143073418,0.1971261295820625
2017-01-06,PTC,PTC,13.078976288091166,13.40418261881341,13.064836530640246,13.199161529541016,3614500,13.14967441558838,0.04948711395263494,70.00757227575093,0.10841564287898642,-0.0015763841939991745,0.1099920270729856,6.0795495219710585,12.491129159927368,12.53828405380249,13.140625229859877,12.491129159927368,11.84163308999486,3223750.0,239751000.0,0.3763371805918637,2.1893783273068363,8.672865272043271,0.19493005429606464
2017-01-09,PTC,PTC,13.22037031505209,13.397113226491603,13.07897544652392,13.163812637329102,2987000,13.199161529541016,-0.03534889221191406,68.50255174269569,0.14005227147205979,0.026749346939212618,0.11330292453284717,6.8886400399699985,12.520468473434448,12.56939079284668,13.235962158321405,12.520468473434448,11.804974788547492,3373100.0,236764000.0,-0.2678116494960667,0.10751765628478693,5.3167523523964055,0.19561401952650603
2017-01-10,PTC,PTC,13.185021156538356,13.32641602756347,13.043627633954667,13.078975677490234,1122500,13.163812637329102,-0.08483695983886719,64.89665180657528,0.15647514583593214,0.05269450671855652,0.10378063911737562,6.936414382095084,12.549807786941528,12.58579252243042,13.30730893473979,12.549807786941528,11.792306639143266,3264825.0,235641500.0,-0.6444710372000582,-0.9105567181808749,2.1534966844786925,0.1954313355825795
2017-01-11,PTC,PTC,13.078976994270445,13.333487248362951,13.071907115163256,13.2839994430542,3892000,13.078975677490234,0.20502376556396484,69.12625843493466,0.18391404983169224,0.07893841534118368,0.10497563449050856,8.549995106036906,12.591519212722778,12.599931983947753,13.41483997277477,12.591519212722778,11.768198452670786,3356175.0,239533500.0,1.5675827421013102,0.9130090881442627,2.8462029006780147,0.19964953138049726
2017-01-12,PTC,PTC,13.283998778647936,13.418322429641549,13.071906461364902,13.08604621887207,4007000,13.2839994430542,-0.1979532241821289,61.43007297311364,0.1875247396391213,0.1006556802007712,0.0868690594383501,8.626752535468697,12.628635215759278,12.610112380981445,13.471615481428806,12.628635215759278,11.78565495008975,3419300.0,235526500.0,-1.4901628461421883,0.0540603603537913,-0.4838765942438989,0.2058603509148849
2017-01-13,PTC,PTC,13.114324516070056,13.255719395667109,13.050696955095532,13.227439880371094,1648000,13.08604621887207,0.14139366149902344,64.47268711488096,0.1994958600392902,0.12042371616847501,0.0790721438708152,9.351259717654086,12.659388494491576,12.624958763122558,13.543733275501703,12.659388494491576,11.77504371348145,3315025.0,237174500.0,1.080491839430555,-0.4257720946584257,0.21424353938534965,0.19605620396614462
2017-01-16,PTC,PTC,13.156743765401892,13.255719371877293,12.796188036673849,12.85981559753418,2766000,13.227439880371094,-0.36762428283691406,52.8083603341715,0.1772753322628109,0.1317940393873422,0.045481292875468704,5.633000031804662,12.674234914779664,12.630331764221191,13.561722466523282,12.674234914779664,11.786747363036046,3365875.0,234408500.0,-2.779254989338121,-1.7287927732643311,-2.3093388531895873,0.22283528406299696
2017-01-17,PTC,PTC,12.8668851852417,12.94465115352376,12.654792871025192,12.8668851852417,2586000,12.85981559753418,0.007069587707519531,52.98451712410757,0.15840981086175,0.13711719368222375,0.02129261717952624,5.937129193936322,12.69120225906372,12.639098224639893,13.579855722779378,12.69120225906372,11.802548795348063,3417825.0,236994500.0,0.05497425413219065,-2.725808609906751,-1.6216139358188169,0.2223386085698646
2017-01-18,PTC,PTC,12.930511951520206,13.07190547055016,12.79618696226657,12.951720237731934,1197500,12.8668851852417,0.08483505249023438,55.14813592833375,0.1485913602662734,0.13941202699903368,0.009179333267239714,3.6199124368191407,12.716653203964233,12.649561386108399,13.60449630847677,12.716653203964233,11.828810099451696,3276225.0,238192000.0,0.6593285886124178,0.7146653037184784,-2.5013491362046416,0.22085568065469088
2017-01-19,PTC,PTC,12.97293042248097,13.602134777681911,12.97293042248097,13.432461738586426,7765500,12.951720237731934,0.4807415008544922,64.98249411559493,0.1775552425144351,0.14704067010211397,0.03051457241232114,4.91440381211764,12.772503995895386,12.665397548675537,13.69397751664609,12.772503995895386,11.851030475144682,3590125.0,245957500.0,3.711796518380312,4.395598042589532,2.647213023096094,0.2480747844674878
2017-01-20,PTC,PTC,13.503161220604447,13.75767014357668,13.255720828778912,13.708182334899902,5967500,13.432461738586426,0.27572059631347656,69.15919613017886,0.2202191266881215,0.16167636141931546,0.05854276526880603,6.130274083364645,12.84638261795044,12.682647666931153,13.8203568535464,12.84638261795044,11.872408382354479,3850200.0,251925000.0,2.052643824187749,5.84063030456901,3.634433109329101,0.2505073250238768
2017-01-23,PTC,PTC,13.750600071825602,13.877853844833496,13.573857147243997,13.722320556640623,3777000,13.708182334899902,0.01413822174072088,69.36100168082972,0.25226346244240005,0.1797937816239324,0.07246968081846766,4.354831328549054,12.92061471939087,12.701594505310059,13.92507960552857,12.92061471939087,11.916149833253169,4006725.0,255702000.0,0.10313710012979715,2.1578979616338065,6.706977658931794,0.2503862246752343
2017-01-24,PTC,PTC,13.715249876094736,13.793017189865896,13.51022879675453,13.573856353759766,2512500,13.722320556640623,-0.1484642028808576,64.58206792632265,0.2626513279751421,0.19636529089417434,0.06628603708096778,2.83877747370654,12.996967601776124,12.716582317352294,13.95273525304826,12.996967601776124,12.041199950503987,4020775.0,253189500.0,-1.08191761202526,-0.9798963703462992,5.494501259162251,0.24548148146229723
2017-01-25,PTC,PTC,13.644553345869548,13.701111028243789,13.446602131780462,13.496089935302734,1397500,13.573856353759766,-0.07776641845703125,62.165922519119,0.26159320259852237,0.20941087323504395,0.052182329363478414,2.524172191811527,13.06695785522461,12.72662136077881,13.947030467974125,13.06695785522461,12.186885242475094,4026275.0,251792000.0,-0.5729132269437274,-1.648632389865061,4.20306868569398,0.24899750522299144
2017-01-26,PTC,PTC,13.467810100239817,13.56678705337668,13.26985889084905,13.368834495544434,1532500,13.496089935302734,-0.12725543975830078,58.32085521981421,0.24763163678029798,0.2170550259440948,0.030576610836203194,2.2162195664379514,13.126697015762328,12.737225952148437,13.908258083052308,13.126697015762328,12.345135948472349,4049975.0,250259500.0,-0.9429059851285458,-1.5104171789658278,-0.4736826672598291,0.2546022586886674
2017-01-27,PTC,PTC,13.418322305020046,13.920272904330728,13.418322305020046,13.75059986114502,14405500,13.368834495544434,0.38176536560058594,65.26240128284945,0.26432529230646296,0.22650907921656843,0.037816213089894524,3.512499530665002,13.20693826675415,12.759283504486085,13.887457010835435,13.20693826675415,12.526419522672866,4598025.0,264665000.0,2.855636859950811,1.885804903956252,0.30943217130345324,0.2664420960941065
2017-01-30,PTC,PTC,13.785948723690469,13.785948723690469,13.086046873377631,13.2839994430542,2871000,13.75059986114502,-0.4666004180908203,53.52820447953988,0.23717042733189508,0.22864134883963377,0.00852907849226131,1.5127046081852458,13.24617533683777,12.77130205154419,13.839841650182791,13.24617533683777,12.652509023492748,4624800.0,261794000.0,-3.393309548693145,-0.634573286987046,-3.1942200430109313,0.28813972212245453
2017-01-31,PTC,PTC,13.361763181622416,13.496088165310276,13.0789748068385,13.100184440612791,2843000,13.2839994430542,-0.18381500244140803,49.734458676510755,0.19852914629003315,0.22261890832971368,-0.024089762039680523,-0.9620564592181117,13.261021661758424,12.778937320709229,13.822001592188023,13.261021661758424,12.700041731328824,4393200.0,258951000.0,-1.3837323859383277,-4.730087611451069,-3.4895898468512527,0.2828382674202623
2017-02-01,PTC,PTC,13.185022483995134,13.39711481188608,13.185022483995134,13.2839994430542,1137500,13.100184440612791,0.18381500244140803,53.29894480426507,0.18065550297575328,0.2142262272589216,-0.03357072428316832,3.298521991258997,13.2794029712677,12.790248889923095,13.816413368704103,13.2794029712677,12.742392573831298,3744450.0,260088500.0,1.4031482020325636,0.0,-1.571495842612564,0.28526607566036233
2017-02-02,PTC,PTC,13.298137889444943,13.70111156057334,13.298137889444943,13.59506607055664,3021500,13.2839994430542,0.3110666275024414,58.643673556285655,0.18940761592942224,0.20926250499302174,-0.0198548890635995,5.659340818166031,13.301672554016113,12.809195766448974,13.852786411927354,13.301672554016113,12.750558696104871,3552575.0,263110000.0,2.341663960736529,3.777669178531812,1.6922310997836463,0.2899691486126789
2017-02-03,PTC,PTC,13.573857744241083,13.573857744241083,13.234510289303886,13.2839994430542,1341500,13.59506607055664,-0.3110666275024414,52.20896682426632,0.16929176130968848,0.2012683562563551,-0.03197659494666663,2.565521793423584,13.305914449691773,12.821497116088867,13.855008393518144,13.305914449691773,12.756820505865402,3438925.0,261768500.0,-2.288084705789922,0.0,-3.393309548693145,0.30274928951186997
2017-02-06,PTC,PTC,13.291066647053594,13.397113474634637,13.22743908988154,13.269858360290527,656000,13.2839994430542,-0.014141082763671875,51.93000812584303,0.1504741619277823,0.19110951739064055,-0.040635355462858264,-1.210525527340978,13.311216735839844,12.831677513122559,13.856568305242174,13.311216735839844,12.765865166437514,3322375.0,261112500.0,-0.1064519975651295,-2.3921009914797557,-0.1064519975651295,0.30257926183828066
2017-02-07,PTC,PTC,13.262788447116552,13.64455244070654,13.248648690350628,13.573856353759766,2481500,13.269858360290527,0.3039979934692383,57.221662257002116,0.1582667754303575,0.18454096899858397,-0.026274193568226467,-0.9798963703462992,13.33596076965332,12.85274528503418,13.881852199617782,13.33596076965332,12.79006933968886,3390325.0,263594000.0,2.290891019447043,2.1820003226296714,3.615765222957558,0.31136160692187337
2017-02-08,PTC,PTC,13.573854715993466,13.708178343738531,12.866883144294668,13.01534652709961,10179500,13.573856353759766,-0.5585098266601562,46.98765040517561,0.11801499897737244,0.17123577499434167,-0.05322077601696923,-5.152000542640646,13.32252812385559,12.861370296478272,13.886717844991805,13.32252812385559,12.758338402719376,3704700.0,253414500.0,-4.114599507349707,-1.9179694785027512,-2.022379759245325,0.34216505352172377
2017-02-09,PTC,PTC,12.866885047934888,12.965860651114838,12.654792735981689,12.767908096313477,19109500,13.01534652709961,-0.2474384307861328,43.29338567480231,0.06539512837198203,0.15006764566986974,-0.08467251729788772,-5.937503952022101,13.306621217727661,12.869571189880372,13.915086376897118,13.306621217727661,12.698156058558205,4459825.0,234305000.0,-1.9011282586363296,-5.937503952022101,-6.0842512272490685,0.34471295864062945
2017-02-10,PTC,PTC,12.774978106642124,12.866885180635489,12.654792866494905,12.676002502441406,1106000,12.767908096313477,-0.09190559387207031,41.97337438353271,0.01609199002899686,0.12327251454169517,-0.10718052451269831,-6.076481683158941,13.279049348831176,12.876216716766358,13.949445603677137,13.279049348831176,12.608653093985215,4432725.0,233199000.0,-0.7198171633034118,-2.6072607744376657,-4.576911819510021,0.3424482331763927
2017-02-13,PTC,PTC,12.718421332700654,12.77497901748234,12.562888036661407,12.598236083984377,1271500,12.676002502441406,-0.07776641845702947,40.838721378351764,-0.028922798350588863,0.09283345196323838,-0.12175625031382724,-5.764140560023254,13.265970373153687,12.878196277618407,13.979615792878716,13.265970373153687,12.552324953428657,4358000.0,231927500.0,-0.6134932400183072,-1.328894373684361,-5.061261831670721,0.329103015931345
2017-02-14,PTC,PTC,12.626514777317912,12.654792943644166,12.442701976652058,12.506329536437988,1045000,12.598236083984377,-0.0919065475463885,39.48037814375082,-0.07119276684712084,0.060028208201166534,-0.13122097504828736,-9.048843957876759,13.247942590713501,12.877772102355957,14.01987273126688,13.247942590713501,12.476012450160123,4280950.0,230882500.0,-0.7295191718404574,-1.3385368610548858,-7.8645801863527725,0.32984642351893084
2017-02-15,PTC,PTC,12.64772380123543,12.64772380123543,12.089216836474115,12.209402084350586,2568500,12.506329536437988,-0.29692745208740234,35.385412746563986,-0.1271854703445694,0.02258547249201935,-0.14977094283658876,-8.089411350175023,13.210826683044434,12.871550788879395,14.104509608437258,13.210826683044434,12.31714375765161,4349500.0,228314000.0,-2.374217401055084,-3.0864162017736723,-6.192262657555406,0.3378026125228932
2017-02-16,PTC,PTC,12.294236660385485,12.336655930602763,12.23060910350098,12.273028373718262,651000,12.209402084350586,0.06362628936767578,36.895833333995185,-0.1645293890856685,-0.01483749982351822,-0.14969188926215027,-6.31407955089705,13.152855014801025,12.868157329559326,14.132307906944618,13.152855014801025,12.173402122657432,3993775.0,228965000.0,0.5211253501858937,-1.8654646996146131,-3.8759655760531615,0.30530398174947615
2017-02-17,PTC,PTC,12.265959131513847,12.442702054594909,12.21647132880179,12.33665657043457,3595000,12.273028373718262,0.0636281967163086,38.44545315480426,-0.1868367127022008,-0.04923734239925474,-0.13759937030294608,-7.131458238015553,13.08427872657776,12.863349933624267,14.091677165462322,13.08427872657776,12.076880287693196,3875150.0,232560000.0,0.5184392537750784,1.0422663223377084,-2.6770737221097716,0.29336286006065104
2017-02-20,PTC,PTC,12.329586744379064,12.407352713926787,12.19526174469991,12.223541259765623,2272000,12.33665657043457,-0.11311531066894709,36.719153254524464,-0.21120821082888952,-0.08163151608518171,-0.1295766947437078,-10.08840121609546,13.009339761734008,12.85628023147583,14.039618192215238,13.009339761734008,11.979061331252778,3799900.0,230288000.0,-0.9169041062554478,-0.40321844328667333,-2.974184812230085,0.2927718772566037
2017-02-21,PTC,PTC,12.237678692212535,12.47804915732204,12.15991272887103,12.28009796142578,949500,12.223541259765623,0.05655670166015625,38.21303254267828,-0.22338411252415824,-0.10998203537297703,-0.11340207715118121,-7.557223153553575,12.94465184211731,12.852038402557373,13.988069696776574,12.94465184211731,11.901233987458046,3721750.0,231237500.0,0.4626867162163175,-0.45845978353921635,-1.8089366216767975,0.29425279128032134
2017-02-22,PTC,PTC,12.336657658325295,12.37200570668203,12.202332647374812,12.287168502807615,548000,12.28009796142578,0.0070705413818359375,38.40878861748734,-0.22981391696122522,-0.13394841169062668,-0.09586550527059853,-7.405428383648529,12.884205770492553,12.848786354064941,13.93317014313623,12.884205770492553,11.835241397848876,3679275.0,231785500.0,0.05757723923738971,0.5205303576912227,0.6369387945434828,0.2948482549024984
2017-02-23,PTC,PTC,12.195261391307112,12.230609435673449,11.940751156856829,11.961960792541504,1844000,12.287168502807615,-0.3252077102661115,33.19883289054903,-0.2581750464193444,-0.15879373863637025,-0.09938130778297416,-11.875000878227134,12.813862085342407,12.84115104675293,13.91345586957272,12.813862085342407,11.714268301112094,3694850.0,229941500.0,-2.6467262184269846,-2.5906728910763372,-2.534562552164264,0.30465318480260006
2017-02-24,PTC,PTC,12.01851964427946,12.039729282031868,11.813497191330969,11.933682441711426,1323000,11.961960792541504,-0.028278350830078125,32.78242170846288,-0.2797089616288826,-0.1829767832348727,-0.09673217839400988,-8.310682186878553,12.723016214370727,12.827577209472656,13.796665664954045,12.723016214370727,11.649366763787409,3040725.0,228618500.0,-0.23640230327213732,-2.8768715999574526,-3.266477642645031,0.2775514605237304
2017-02-27,PTC,PTC,11.947821271272357,12.011448831140958,11.8064277425744,11.877123832702637,663000,11.933682441711426,-0.05655860900878906,31.920053954227512,-0.2979044940743325,-0.20596232540276468,-0.09194216867156782,-6.976744012341686,12.65267243385315,12.81386194229126,13.75552058557617,12.65267243385315,11.54982428213013,2930325.0,227955500.0,-0.4739409590044187,-0.7092228549333195,-2.834018552407854,0.2585539588553627
2017-02-28,PTC,PTC,11.877123728867272,11.947821166818924,11.806427639357096,11.870055198669434,412500,11.877123832702637,-0.007068634033203125,31.807437559372715,-0.30932920974137446,-0.22663570227048663,-0.08269350747088783,-6.358055732607711,12.59116597175598,12.800712280273437,13.725683124823682,12.59116597175598,11.45664881868828,2808800.0,227543000.0,-0.05951469507912556,-0.5331735895669377,-3.3390838089758845,0.25712858394346094
2017-03-01,PTC,PTC,11.912473280874092,11.997309128793878,11.884193765939836,11.954891204833984,249000,11.870055198669434,0.08483600616455078,34.781422248251374,-0.30798753394896394,-0.2429060686061821,-0.06508146534278184,-5.106626632979601,12.524710559844971,12.790956077575684,13.643955087475643,12.524710559844971,11.4054660322143,2764375.0,227792000.0,0.7147060796655809,0.6547660294424303,-2.7042625638096016,0.25154454922454705
2017-03-02,PTC,PTC,11.983170774047712,12.145773940331743,11.961961137750947,12.032658576965332,2822500,11.954891204833984,0.07776737213134766,37.473381921893015,-0.297222868996295,-0.2537694286842047,-0.04345344031209031,-3.7874498516338124,12.446590185165405,12.785300331115723,13.464820110677694,12.446590185165405,11.428360259653116,2754425.0,230614500.0,0.6505067323398331,1.3698620231700807,0.5910217032972509,0.23252769704507872
2017-03-03,PTC,PTC,12.0892161484118,12.15991358698152,11.841775787638518,11.877123832702637,2505000,12.032658576965332,-0.1555347442626953,34.41391354664333,-0.2978091895130657,-0.26257738084997695,-0.035231808663088726,-2.7214948721677965,12.376246404647826,12.778230609893798,13.344025802409947,12.376246404647826,11.408467006885706,2812600.0,228109500.0,-1.2926049822475856,-0.6505067323398331,-0.4739409590044187,0.2255116411668228
2017-03-06,PTC,PTC,11.92661219085326,12.01851791097592,11.884192921466129,11.91954231262207,568500,11.877123832702637,0.042418479919433594,35.94978903327619,-0.2914909101578367,-0.2683600867115489,-0.023130823446287807,-2.8801861311846584,12.308730602264404,12.7718678855896,13.199348862026957,12.308730602264404,11.418112342501852,2808225.0,228678000.0,0.35714437701354906,-0.9400770712451307,0.35714437701354906,0.22731008020342178
2017-03-07,PTC,PTC,11.98317133297778,11.98317133297778,11.841776447953944,11.884194374084473,299000,11.91954231262207,-0.035347938537597656,35.209839650663696,-0.2860386361285876,-0.27189579659495666,-0.014142839533630935,-3.667624155433219,12.22424750328064,12.768615798950195,12.905522494303742,12.22424750328064,11.542972512257538,2699100.0,228379000.0,-0.2965544952188839,0.059530754090210046,0.1191163408964095,0.20193178798801292
2017-03-08,PTC,PTC,11.919542975379615,11.976100655932482,11.912473096755322,11.926612854003906,191000,11.884194374084473,0.042418479919433594,36.888601772635106,-0.27512340154083326,-0.272541317584132,-0.002582083956701231,-2.429152071822845,12.169810819625855,12.765222358703614,12.75166372779448,12.169810819625855,11.58795791145723,2199675.0,228570000.0,0.3569318927661969,0.059318899974445026,-0.23654210101588974,0.15789296279693152
2017-03-09,PTC,PTC,11.976100378244388,11.976100378244388,11.629684424335188,11.68624210357666,2345000,11.926612854003906,-0.2403707504272461,31.85209611916018,-0.28261114482906,-0.27455528303311766,-0.008055861795942365,-4.835921176806067,12.115727519989013,12.755466175079345,12.663593065692659,12.115727519989013,11.567861974285368,1361450.0,226225000.0,-2.01541505010411,-1.6656768164233449,-2.878968693185002,0.15934962972235128
2017-03-10,PTC,PTC,11.66503246819557,11.827635627459625,11.523637595871168,11.68624210357666,1170000,11.68624210357666,0.0,31.852096119160166,-0.2852569705411572,-0.2766956205347256,-0.0085613500064316,-4.890682496082346,12.066239500045777,12.746275520324707,12.578676916279884,12.066239500045777,11.55380208381167,1364650.0,226225000.0,0.0,-2.01541505010411,-1.6071376523026575,0.1597020986654637
2017-03-13,PTC,PTC,11.764007964053862,11.841775277977655,11.665032363380975,11.721590042114258,488000,11.68624210357666,0.035347938537597656,33.40285606398646,-0.28125934065400493,-0.27760836455858146,-0.003650976095423475,-2.0094594406054362,12.02240719795227,12.730722160339356,12.491370213167322,12.02240719795227,11.55344418273722,1325475.0,226713000.0,0.30247480947514477,0.30247480947514477,-1.6607371769484225,0.1613850431055461
2017-03-14,PTC,PTC,11.700380161250742,11.700380161250742,11.537777006861916,11.615544319152832,453000,11.721590042114258,-0.10604572296142578,31.115260412924613,-0.2833815476663606,-0.2787630011801373,-0.004618546486223285,-2.665883930735542,11.977867937088012,12.706967887878418,12.421852675583624,11.977867937088012,11.5338831985924,1295875.0,226260000.0,-0.9047042472942348,-0.6049659402674068,-2.26056597927646,0.16204269838140842
2017-03-15,PTC,PTC,11.66503299538759,11.66503299538759,11.594335556030272,11.594335556030272,76000,11.615544319152832,-0.02120876312256037,30.662970653046045,-0.28350669326511735,-0.2797117395971333,-0.0037949536679840468,-2.380949130914438,11.947114610671997,12.68052713394165,12.408441144722167,11.947114610671997,11.485788076621828,1171250.0,226184000.0,-0.18258948990956292,-1.085641842333473,-2.7860156277487045,0.1436036475902634
2017-03-16,PTC,PTC,11.558987511619854,11.848845799413766,11.523638117717244,11.785218238830566,462000,11.594335556030272,0.19088268280029475,39.22547422831297,-0.2651467877044045,-0.27679874921858755,0.011651961514183073,-0.7147141139527046,11.922724103927612,12.653238010406493,12.362580068444823,11.922724103927612,11.482868139410401,1161800.0,226646000.0,1.64634430216241,1.4607487605893734,0.8469457878475226,0.15662523763356942
2017-03-17,PTC,PTC,11.700380600050272,12.018518390952051,11.686242191464654,11.940751075744627,731000,11.785218238830566,0.15553283691406072,45.167244450697495,-0.23533345262290162,-0.2685056898994504,0.03317223727654878,-0.11827902778102786,11.902928829193115,12.628069801330566,12.297669478780598,11.902928829193115,11.508188179605632,1018600.0,227377000.0,1.3197281014415398,2.987799672006069,2.1778512708552618,0.16389972470404293
2017-03-20,PTC,PTC,11.912472584024831,11.983170018783362,11.700380279749249,11.813495635986328,172500,11.940751075744627,-0.127255439758299,41.58488830726961,-0.21944499494577308,-0.25869355090871493,0.039248555962941856,-1.8214008116091445,11.882426548004151,12.601063461303712,12.248614579026771,11.882426548004151,11.516238516981531,913625.0,227204500.0,-1.0657239142753283,0.23993952918573747,0.784071047885693,0.1648959298154708
2017-03-21,PTC,PTC,11.771079034290167,11.919543798773203,11.693313060933876,11.82763671875,212000,11.813495635986328,0.014141082763671875,42.13412391756421,-0.2033679118734728,-0.24762842310166652,0.044260511228193716,-0.41665907209267466,11.859803485870362,12.576036682128906,12.17488685506712,11.859803485870362,11.544720116673604,876750.0,227416500.0,0.11970278061131406,-0.9472968348230415,1.8259359507367168,0.16360788323483516
2017-03-22,PTC,PTC,11.834706358364784,12.018519166249824,11.806428190927912,11.912473678588867,457000,11.82763671875,0.08483695983886719,45.447964070099246,-0.18168670284821786,-0.2344400790509768,0.05275337620275894,-0.059302898113108515,11.841068744659424,12.5486061668396,12.085880915955666,11.841068744659424,11.596256573363181,872200.0,227873500.0,0.7172773551996037,0.837838736749787,2.743909912052962,0.16654109297594835
2017-03-23,PTC,PTC,11.912473678588867,11.912473678588867,11.912473678588867,11.912473678588867,0,11.912473678588867,0.0,45.447964070099246,-0.16262949688429096,-0.22007796261763962,0.057448465733348664,0.23795727008691825,11.838594388961791,12.525134716033936,12.079226484163787,11.838594388961791,11.597962293759796,780000.0,227873500.0,0.0,0.7172773551996037,1.0797885722558176,0.13794822367732965
2017-03-24,PTC,PTC,11.926613910902212,11.98317159646704,11.912474152400607,11.933682441711426,219500,11.912473678588867,0.021208763122558594,46.33894385482896,-0.14415344276734565,-0.20489305864758084,0.06073961588023519,0.0592757373284418,11.838594388961791,12.499259567260742,12.079226484163787,11.838594388961791,11.597962293759796,724825.0,228093000.0,0.1780382789905224,0.1780382789905224,-0.05919756628676348,0.13785889280098332
2017-03-27,PTC,PTC,11.947821619495308,11.947821619495308,11.749870403860522,11.756938934326172,133500,11.933682441711426,-0.1767435073852539,40.414983971486706,-0.14213432468631382,-0.19234131185532743,0.05020698716901362,0.6049577796088482,11.83258514404297,12.477202033996582,12.075160775067523,11.83258514404297,11.590009513018416,698350.0,227959500.0,-1.4810475161253485,-1.3056460686435674,-0.4787465404217271,0.14682902668006922
2017-03-28,PTC,PTC,11.771078615548358,11.841776055718563,11.679172887236152,11.693312644958496,201500,11.756938934326172,-0.06362628936767578,38.50654472817906,-0.1440082316129967,-0.1826746958068613,0.0386664641938646,0.06050312255358758,11.823748016357422,12.453730583190918,12.073351861273814,11.823748016357422,11.57414417144103,687800.0,227758000.0,-0.5411807420544573,-2.0142131142418593,-1.1356797387813236,0.1478762181933744
2017-03-29,PTC,PTC,11.735730115091265,11.862985232780003,11.601405118815212,11.657962799072266,420500,11.693312644958496,-0.03534984588623047,37.44849540724209,-0.14665520358792605,-0.17547079736307425,0.028815593775148196,-0.542820921166729,11.808901596069337,12.427855434417724,12.060972077280253,11.808901596069337,11.55683111485842,696375.0,227337500.0,-0.3023082248764754,-0.8418529330362545,-2.1365073819558735,0.14509092395569148
2017-03-30,PTC,PTC,11.6791735299955,11.693313288496022,11.488290835563236,11.566058158874512,275500,11.657962799072266,-0.0919046401977539,34.77332083425598,-0.15438918194772988,-0.17125447428000537,0.01686529233227549,-0.42603393279402973,11.785571575164795,12.390527362823486,12.03681383887216,11.785571575164795,11.53432931145743,569025.0,227062000.0,-0.7883421982189516,-1.088267199790039,-2.908006590914804,0.143918836062095
2017-03-31,PTC,PTC,11.55898729653284,11.55898729653284,11.34689498238824,11.431732177734377,398000,11.566058158874512,-0.13432598114013494,31.258573028851274,-0.16940460870863916,-0.17088450116573212,0.0014798924570929572,-1.4024380915155077,11.763301992416382,12.344998359680176,12.055925164356957,11.763301992416382,11.470678820475808,463675.0,226664000.0,-1.1613808204575562,-1.9405673635868192,-4.206164077423394,0.14265970275021572
2017-04-03,PTC,PTC,11.523637827551733,11.615544900942798,11.438801981204634,11.601405143737791,268500,11.431732177734377,0.16967296600341442,39.56768389492025,-0.16570312972379675,-0.16984822687734505,0.0041450971535482994,-1.5596919069953072,11.747395133972168,12.302580051422119,12.03884288595182,11.747395133972168,11.455947381992516,448675.0,226932500.0,1.4842279662034683,0.3056096068145578,-1.3229105931160035,0.153556111866591
2017-04-04,PTC,PTC,11.629685112343177,11.629685112343177,11.4317325490665,11.44587230682373,168500,11.601405143737791,-0.15553283691406072,35.34960497805014,-0.17332193369492366,-0.17054296824086077,-0.0027789654540628927,-4.144452604209706,11.725479030609131,12.260020370483398,12.038719877612923,11.725479030609131,11.41223818360534,442150.0,226764000.0,-1.3406379226227978,0.12369192060757397,-2.11608417261851,0.15941233197309368
2017-04-05,PTC,PTC,11.44587230682373,11.44587230682373,11.44587230682373,11.44587230682373,0,11.44587230682373,0.0,35.34960497805014,-0.17731590337378478,-0.17189755526744557,-0.005418348106339205,-3.111892876505932,11.701442003250122,12.219016017913818,12.02335690390026,11.701442003250122,11.379527102599985,432600.0,226764000.0,0.0,-1.3406379226227978,-1.81927576802195,0.1583087800563441
2017-04-06,PTC,PTC,11.311546441577184,11.551916911336011,11.240849006629045,11.26912784576416,205500,11.44587230682373,-0.1767444610595703,30.99491179317377,-0.19252366108848484,-0.17602277643165343,-0.016500884656831416,-4.722066514779342,11.680586290359496,12.177021884918213,12.056213203272597,11.680586290359496,11.304959377446396,325625.0,226558500.0,-1.5441764185522135,-1.5441764185522135,-2.567255922732155,0.1518984339858671
2017-04-07,PTC,PTC,11.240849785797131,11.481220272217422,11.240849785797131,11.424662590026855,260000,11.26912784576416,0.1555347442626953,38.20874806875234,-0.18983723911650152,-0.17878566896862305,-0.01105157014787847,-4.09496047356469,11.667507314682007,12.13050313949585,12.060136174969422,11.667507314682007,11.274878454394592,280125.0,226818500.0,1.3801843975100319,-0.18530450304106852,-0.06184178913227837,0.1616234038578296
2017-04-10,PTC,PTC,11.45294215972649,11.460010690147556,11.276198559265763,11.31154727935791,651500,11.424662590026855,-0.11311531066894531,35.31707893903257,-0.19459254880302268,-0.18194704493550298,-0.012645503867519697,-5.044513972870678,11.647005176544189,12.091054096221924,12.069435141128114,11.647005176544189,11.224575211960264,288300.0,226167000.0,-0.9900976048753438,0.3764216199720781,-2.4984720453137577,0.16376554485318304
2017-04-11,PTC,PTC,11.37517348599056,11.410521527652287,11.27619721636396,11.353963851928713,389500,11.31154727935791,0.04241657257080256,37.23530624287872,-0.19271698167082363,-0.18410103228256713,-0.008615949388256494,-4.857834893917077,11.633926153182983,12.056129684448242,12.07618966631805,11.633926153182983,11.191662640047916,285125.0,226556500.0,0.37498470830959824,-0.6188256111813677,-0.8029834024989456,0.16247513727496982
2017-04-12,PTC,PTC,11.38224461187403,11.452942051389572,11.325686929949898,11.346895217895508,290500,11.353963851928713,-0.007068634033204901,37.03817988920754,-0.1896151949611138,-0.18520386481827647,-0.004411330142837316,-3.487674119268231,11.621554136276245,12.017387599945069,12.081953008622135,11.621554136276245,11.161155263930356,295850.0,226266000.0,-0.06225697144529963,0.3124942827415221,-0.8647404607966411,0.1624588483005435
2017-04-13,PTC,PTC,11.311546464715402,11.48828937822658,11.170152268750602,11.212570190429688,952500,11.346895217895508,-0.1343250274658203,33.417652620368614,-0.1957395500723056,-0.18731100186908228,-0.008428548203223307,-4.111259735589794,11.592921733856201,11.96973768234253,12.080866827402579,11.592921733856201,11.104976640309824,320375.0,225313500.0,-1.1838042467685128,-1.2453242175419335,-0.5018813887689769,0.15281844764867616
2017-04-14,PTC,PTC,11.240849029622646,11.2620586646829,11.184291351236729,11.212570190429688,114000,11.212570190429688,0.0,33.4176526203686,-0.19830718384805657,-0.18951023826487715,-0.008796945583179422,-3.820501200072642,11.556512689590454,11.92830909729004,12.043846821895977,11.556512689590454,11.06917855728493,289525.0,225313500.0,0.0,-1.1838042467685128,-1.8564434435229076,0.1416777332501358
2017-04-17,PTC,PTC,11.311547334155197,11.58019599002711,11.170153127322408,11.198431968688965,2091000,11.212570190429688,-0.014138221740722656,33.023600359532836,-0.19918678715768579,-0.19144554804343888,-0.007741239114246901,-3.1784916272746844,11.525759506225587,11.886880569458008,12.022351162179385,11.525759506225587,11.029167850271788,385450.0,223222500.0,-0.1260926041095387,-0.1260926041095387,-0.9999985667333585,0.1389324278344657
2017-04-18,PTC,PTC,11.297407632207236,11.304477511139012,10.943921776267524,11.08531665802002,2664500,11.198431968688965,-0.11311531066894531,29.977879611487396,-0.2066294437395868,-0.1944823271826685,-0.012147116556918303,-3.0302977215392777,11.488643503189087,11.837109775543214,12.000949670506564,11.488643503189087,10.976337335871609,508075.0,220558000.0,-1.0100995477332713,-1.1349184910189745,-2.366109293742887,0.14057942383706576
2017-04-19,PTC,PTC,10.993409917317674,11.488289965607382,10.781318275416158,11.396384239196776,1519500,11.08531665802002,0.31106758117675604,45.00041178240425,-0.18529132554048644,-0.1926441268542321,0.0073528013137456605,-1.7672075235790026,11.462839031219483,11.804730529785155,11.935732917576358,11.462839031219483,10.989945144862608,561200.0,222077500.0,2.8061226464983697,1.7676784666039775,0.4361459267132143,0.17608769981682582
2017-04-20,PTC,PTC,11.4105224609375,11.650892939533335,11.219640458313044,11.4105224609375,691000,11.396384239196776,0.014138221740724433,45.57196315880605,-0.1653340092565685,-0.1871821033346994,0.021848094078130903,-0.30884361574744995,11.437741470336913,11.777582817077636,11.860813925994359,11.437741470336913,11.014669014679468,595750.0,222768500.0,0.12405883694318913,2.9336627265600046,1.7654495547931688,0.176343846877752
2017-04-21,PTC,PTC,11.389315077673912,12.02558936922429,11.389315077673912,11.848846435546877,3249000,11.4105224609375,0.4383239746093768,59.591979815046436,-0.11284777192276252,-0.17231523705231205,0.059467465129549535,3.520693905373238,11.433499670028686,11.761039695739747,11.836878537499947,11.433499670028686,11.030120802557425,747225.0,226017500.0,3.8414014442364426,3.97022587913367,5.674669003724702,0.22752924396972352
2017-04-24,PTC,PTC,11.877123297924989,11.947820733311495,11.665032340206889,11.77814769744873,1110000,11.848846435546877,-0.07069873809814631,57.03983541419296,-0.07607984688646852,-0.15306815901914333,0.07698831213267482,4.516940961637069,11.434560108184815,11.744637928009034,11.841613897586544,11.434560108184815,11.027506318783086,796050.0,224907500.0,-0.5966719079593106,3.22180897298743,5.176758053097632,0.22212980790844897
2017-04-25,PTC,PTC,11.778148816739536,11.877124426621558,11.594336006643246,11.629685401916504,971500,11.77814769744873,-0.14846229553222656,52.00324043779338,-0.05824920729209637,-0.13410436867373396,0.07585516138163759,1.7945633866563626,11.431378746032715,11.727105045318604,11.830841365093864,11.431378746032715,11.031916126971566,834550.0,223936000.0,-1.260489334535897,-1.8496402567332086,4.910718932892583,0.22596660698951443
2017-04-26,PTC,PTC,11.665032646087116,11.700380690486552,11.488289727207006,11.523637771606444,779000,11.629685401916504,-0.10604763031006037,48.695602330284736,-0.05207516436064452,-0.11769852781111607,0.06562336345047155,1.8749909893898484,11.424662494659424,11.713389759063721,11.812430346584682,11.424662494659424,11.036894642734167,852475.0,223157000.0,-0.9118701550824784,-2.1608654635687445,1.1166132146719974,0.22801132486118647
2017-04-27,PTC,PTC,11.573127643640294,11.580196174208028,11.382244955714503,11.417593002319336,725500,11.523637771606444,-0.1060447692871076,45.573999201104215,-0.0551039138661924,-0.10517960502213135,0.05007569115593895,0.5604135368091246,11.417239236831666,11.696281051635742,11.7992515559812,11.417239236831666,11.035226917682131,874975.0,222431500.0,-0.9202369198760793,-1.8237157091301575,0.06196509761968441,0.22862637469770045
2017-04-28,PTC,PTC,11.417592445947008,11.523637929035512,11.31861684152327,11.375174522399902,427500,11.417593002319336,-0.042418479919433594,44.34931148905018,-0.06023271129156349,-0.09619022627601778,0.03595751498445429,0.24922504316241897,11.414411354064942,11.677051410675048,11.796809097771096,11.414411354064942,11.032013610358788,876450.0,222004000.0,-0.3715185846160117,-1.2883366533122533,-3.9976204917800704,0.22525025039656982
2017-05-01,PTC,PTC,11.375174522399902,11.375174522399902,11.375174522399902,11.375174522399902,0,11.375174522399902,0.0,44.34931148905018,-0.0635645872084023,-0.0896650984624947,0.026100511254092393,1.4501967810110408,11.403099822998048,11.660084075927735,11.775459863886953,11.403099822998048,11.030739782109142,863025.0,222004000.0,0.0,-0.3715185846160117,-3.421362895085076,0.2181957207463123
2017-05-02,PTC,PTC,11.346894555171737,11.438801625706487,11.042897201139905,11.099454879760742,1052000,11.375174522399902,-0.27571964263916016,36.878562045404934,-0.08744537786992268,-0.08922115434398029,0.0017757764740576054,-1.0088258869094358,11.385778951644898,11.636471214294433,11.781271320254099,11.385778951644898,10.990286583035697,907200.0,220952000.0,-2.4238717577142683,-2.4238717577142683,-4.559285172652932,0.22952717394766348
2017-05-03,PTC,PTC,11.12773383885136,11.13480371731024,10.781317885014678,10.81666660308838,2145000,11.099454879760742,-0.2827882766723615,31.093306190340158,-0.12771747948606205,-0.09692041937239665,-0.030797060113665398,-3.409096618776697,11.35431866645813,11.607061176300048,11.82301229948637,11.35431866645813,10.885625033429891,1014450.0,218807000.0,-2.547767252858613,-4.909884399678548,-6.134965212634483,0.24472478337924572
2017-05-04,PTC,PTC,10.95099102449914,11.035827544132191,10.887363466219169,11.021688461303713,376500,10.81666660308838,0.20502185821533203,38.61220242820489,-0.14145920597171724,-0.10582817669226077,-0.035631029279456466,-0.5739862800425553,11.341946697235107,11.588255729675293,11.83265493787407,11.341946697235107,10.851238456596144,1023000.0,219183500.0,1.8954255108204414,-0.7006327725051826,-3.467495652850827,0.2513596065159257
2017-05-05,PTC,PTC,11.021688726509115,11.106525248183516,10.993409885950983,11.071176528930664,452500,11.021688461303713,0.04948806762695135,40.305419344262006,-0.1466656790945482,-0.11399567717271827,-0.03267000192182992,-2.8536042962432826,11.324272394180298,11.571005611419677,11.827734343435232,11.324272394180298,10.820810444925364,1032625.0,219636000.0,0.44900622804482354,2.352942317456799,-2.6724688299999957,0.24621164633149728
2017-05-08,PTC,PTC,11.09945554233776,11.17015298194442,10.993410057148528,11.106525421142578,459500,11.071176528930664,0.03534889221191406,41.545663745314144,-0.1462535663038551,-0.12044725499894565,-0.025806311304909457,-2.664181599358117,11.31402130126953,11.555593643188477,11.826836299357439,11.31402130126953,10.801206303181623,1023025.0,220095500.0,0.31928758537579127,0.7697274345643261,-2.361714105821432,0.24463755410737972
2017-05-09,PTC,PTC,11.17015251459324,11.31154671366997,10.9651307573768,11.078246116638184,1173500,11.106525421142578,-0.02827930450439453,40.81507898253001,-0.1465198775388039,-0.12566177950691731,-0.020858098031886596,-6.503589384000034,11.300235414505005,11.539757461547852,11.823251932833386,11.300235414505005,10.777218896176624,1062225.0,218922000.0,-0.254618824808716,0.06385579426943132,-0.19107932193347288,0.24410399029086538
2017-05-10,PTC,PTC,11.06410648310053,11.276198121193024,11.06410648310053,11.226710319519045,323500,11.078246116638184,0.14846420288086115,46.16724105919738,-0.13321548551256868,-0.12717252070804758,-0.0060429648045211,-4.681868423581857,11.294226169586182,11.525193843841553,11.817746923603178,11.294226169586182,10.770705415569186,1063875.0,219245500.0,1.3401417635765098,1.0821106855586042,3.790851021640883,0.24949700938217972
2017-05-11,PTC,PTC,11.240849213630074,11.665032482688863,11.18429153431833,11.438801765441896,9561500,11.226710319519045,0.21209144592285156,52.7419969848413,-0.10435471561198639,-0.12260895968883534,0.018254244076848947,-1.6413482383895877,11.305537748336793,11.513316707611084,11.831400802786963,11.305537748336793,10.779674693886623,1494325.0,228807000.0,1.8891682415115314,3.254627537676761,3.7844773566467227,0.2546298064576306
2017-05-12,PTC,PTC,11.417592711197845,11.488290151046431,11.346895271349258,11.424662590026855,451000,11.438801765441896,-0.014139175415040839,52.283555695331465,-0.08168168520319163,-0.11442350479170661,0.03274181958851498,-0.8588883436049769,11.316142368316651,11.504267482757568,11.842665297083247,11.316142368316651,10.789619439550055,1511175.0,228356000.0,-0.12360713739927832,1.7632259573282645,3.192850011672009,0.2547397399453782
2017-05-15,PTC,PTC,11.488290071215047,11.66503299538759,11.488290071215047,11.594335556030272,1475000,11.424662590026855,0.1696729660034162,57.10230532693431,-0.04945190414528078,-0.10142918466242146,0.05197728051714068,1.547984357780425,11.335937547683717,11.497763347625732,11.873480515942619,11.335937547683717,10.798394579424814,1480375.0,229831000.0,1.4851464073130003,1.359703522953454,4.392103888396001,0.2591754572688049
2017-05-16,PTC,PTC,11.594335022255112,11.594335022255112,11.396383819297624,11.495359420776367,1423000,11.594335556030272,-0.09897613525390447,53.6957995819235,-0.03153262887349051,-0.08744987350463528,0.055917244631144766,1.0565543248571503,11.356439685821533,11.48998664855957,11.884937428257963,11.356439685821533,10.827941943385103,1418300.0,228408000.0,-0.8536593992436806,0.6188089161707622,3.7651565035347065,0.2582754581911389
2017-05-17,PTC,PTC,11.52363846215514,11.580196145648308,11.396384685626662,11.474150657653809,701500,11.495359420776367,-0.021208763122558594,52.96663196175024,-0.018825831586298136,-0.07372506512096784,0.0548992335346697,0.8701065206428547,11.360328006744385,11.480937404632568,11.891202117624939,11.360328006744385,10.829453895863832,1377400.0,227706500.0,-0.18449847757023163,-1.0365828882186725,2.2040324466603343,0.23928135888292798
2017-05-18,PTC,PTC,11.523637903288003,11.573127053830776,11.34689498238824,11.431732177734377,602000,11.474150657653809,-0.04241847991943182,51.46143478601533,-0.012039634598894011,-0.061387979016553074,0.04934834441765906,2.9936361882016778,11.36138849258423,11.475847206115724,11.892769287240245,11.36138849258423,10.830007697928213,1372950.0,227104500.0,-0.369687318783257,-0.5535037288785633,-0.0618035686996314,0.23970576520037618
2017-05-19,PTC,PTC,11.460010635730391,11.523638196749973,11.417592711197845,11.424662590026855,109000,11.431732177734377,-0.007069587707521308,51.20028654963376,-0.007149565498835386,-0.05054029631300953,0.04339073081417415,5.620918248186363,11.340179300308227,11.470615615844727,11.821105627070887,11.340179300308227,10.859252973545567,1215950.0,226995500.0,-0.06184178913227837,-0.4313004866634047,0.0,0.19258665920412513
2017-05-22,PTC,PTC,11.45294239736571,11.52363849057537,11.417593002319336,11.417593002319336,109500,11.424662590026855,-0.007069587707519531,50.921998007496605,-0.003800793964073179,-0.04119239584322227,0.03739160187914909,3.5920498243587007,11.322151565551758,11.464535675048829,11.758959292946297,11.322151565551758,10.885343838157219,1165925.0,226886000.0,-0.06188005686654517,-0.12368357826454121,-1.5243870841655178,0.19196862105127246
2017-05-23,PTC,PTC,11.431732258434623,11.523637984637045,11.424662379735746,11.45294189453125,486500,11.417593002319336,0.03534889221191406,52.31755586828891,0.001686055978515455,-0.03261670547887473,0.03430276145739018,3.448281802778369,11.313314390182494,11.461283626556396,11.730642190700634,11.313314390182494,10.895986589664355,1141675.0,227372500.0,0.30960021262566806,0.2475285749714912,-0.36899695514046327,0.1879527661734168
2017-05-24,PTC,PTC,11.417592711197845,11.523638196749973,11.417592711197845,11.424662590026855,955000,11.45294189453125,-0.02827930450439453,51.06650573103333,0.003709756788129681,-0.025351413025473845,0.029061169813603526,2.864416699381661,11.308365631103516,11.457890167236329,11.717458217371364,11.308365631103516,10.899273044835669,1150475.0,226417500.0,-0.2469173838897919,0.06191837199034364,-0.4313004866634047,0.18546744579740418
2017-05-25,PTC,PTC,11.389313201530127,11.79228680818277,11.318615770016724,11.467079162597656,1636000,11.424662590026855,0.04241657257080078,52.88631500516461,0.008636659145608405,-0.018553798591257397,0.027190457736865802,3.5098791078083424,11.310839939117432,11.45152738571167,11.723298921349969,11.310839939117432,10.898380956884896,1196000.0,228053500.0,0.3712719936939606,0.12343787471022409,0.3092006033182348,0.18295533465959332
2017-05-26,PTC,PTC,11.417592154086185,11.516569104421317,11.311546673708456,11.382244110107422,622000,11.467079162597656,-0.08483505249023438,48.96417970427698,0.005630875789476519,-0.013716863715110614,0.01934773950458713,1.38539061008782,11.311193418502807,11.440357246398925,11.723896593395406,11.311193418502807,10.898490243610208,1205725.0,227431500.0,-0.7398139603582936,-0.37128868870458154,-0.37128868870458154,0.18448260934553645
2017-05-29,PTC,PTC,11.389314651489258,11.488290259143673,11.353965257011597,11.389314651489258,612000,11.382244110107422,0.0070705413818359375,49.30164965724948,0.0037757795860482446,-0.010218335054878843,0.013994114640927088,-0.4326249808974353,11.311900424957276,11.431873626708985,11.725113234514529,11.311900424957276,10.898687615400023,1236325.0,228043500.0,0.062119045360811614,-0.6781544803671026,-0.24767348796137456,0.18449152425099327
2017-05-30,PTC,PTC,11.417591426278916,11.417591426278916,11.240848520768589,11.297406196594238,318000,11.389314651489258,-0.09190845489501953,45.12467730469754,-0.005052400788160938,-0.009185148201535263,0.004132747413374325,-1.113874413619055,11.32179799079895,11.42126901626587,11.72289009472617,11.32179799079895,10.920705886871731,1199625.0,227725500.0,-0.8069708995440007,-0.7453531368023254,-1.358041447946921,0.1639538992556185
2017-05-31,PTC,PTC,11.311547269665,11.332756906234568,10.753039650194122,10.93685245513916,3289000,11.297406196594238,-0.3605537414550781,33.23046284883918,-0.040673610932026705,-0.015482840747633552,-0.025190770184393155,-5.670726862387135,11.327807283401489,11.401756591796875,11.69956237392777,11.327807283401489,10.956052192875207,1256825.0,224436500.0,-3.191473646081453,-3.9726902820349603,-4.269799051339412,0.17864201564474685
2017-06-01,PTC,PTC,10.965130188532388,11.170151935112797,10.42783158569384,10.597504615783691,2254000,10.93685245513916,-0.33934783935546875,26.224235104331044,-0.09518893243569693,-0.03142405908524623,-0.0637648733504507,-7.810584881495049,11.306598091125489,11.375457210540771,11.784993530105483,11.306598091125489,10.828202652145494,1350700.0,222182500.0,-3.1027925150074713,-6.195241355679873,-7.583226159720508,0.19766898016342863
2017-06-02,PTC,PTC,10.597504931618843,11.16308238966148,10.54094725323665,10.972200393676758,899500,10.597504615783691,0.3746957778930664,41.0127456737119,-0.10692533101905966,-0.046524313472008916,-0.06040101754705074,-4.374618034514179,11.301649284362792,11.356227569580078,11.792192297235232,11.301649284362792,10.811106271490353,1373050.0,223082000.0,3.5356981806358703,0.32320028712637405,-3.602485700219218,0.2372730977010837
2017-06-05,PTC,PTC,10.986339121620762,11.170151907541404,10.958060283342254,11.148942947387695,187000,10.972200393676758,0.1767425537109375,46.46408201996653,-0.10080287170977975,-0.05738002511956308,-0.04342284659021667,-2.473721619348912,11.303770160675048,11.344067649841309,11.791117452071212,11.303770160675048,10.816422869278885,1359425.0,223269000.0,1.6108214156642056,5.203473379787009,-2.110501917427768,0.2441547481638515
2017-06-06,PTC,PTC,11.000479499950629,11.064106384009872,10.943921145974535,11.021688461303713,191000,11.148942947387695,-0.1272544860839826,43.357213870270364,-0.10500867744613451,-0.06690575558487738,-0.03810292186125713,-3.5272300214355434,11.300942277908325,11.330635166168213,11.794417413273129,11.300942277908325,10.807467142543521,1310300.0,223078000.0,-1.1414040477604162,0.45103138706320667,-2.4405401602152232,0.24753309447667107
2017-06-07,PTC,PTC,11.064106452001758,11.134803889240784,11.028758407602972,11.092385292053224,267500,11.021688461303713,0.07069683074951172,45.53605750663241,-0.10146751108353236,-0.07381810668460838,-0.02764940439892398,-2.848303580273441,11.294226026535034,11.319323616027832,11.795549032162343,11.294226026535034,10.792903020907724,1307500.0,223345500.0,0.6414337603328453,-0.5072916383317118,1.4220987030046321,0.2436758413370329
2017-06-08,PTC,PTC,11.064105965268462,11.23377967233368,11.064105965268462,11.1206636428833,214000,11.092385292053224,0.02827835083007635,46.42381039975245,-0.09528094522230113,-0.07811067439214693,-0.017170270830154197,-2.901248034853047,11.278319120407104,11.310415725708008,11.780515088520694,11.278319120407104,10.776123152293515,840125.0,223559500.0,0.2549348051436281,0.8980038033835033,4.936624668418901,0.2331119460230015
2017-06-09,PTC,PTC,11.099455919183407,11.099455919183407,10.852016220600609,10.92978286743164,165500,11.1206636428833,-0.19088077545166016,41.505848972735635,-0.10457505439586079,-0.08340355039288971,-0.021171504002971075,-4.3316791082059565,11.253575134277344,11.300376739501953,11.773852300470894,11.253575134277344,10.733297968083795,825850.0,223394000.0,-1.7164512980645257,-1.4658923246930033,-0.3865908817119515,0.23980851490605884
2017-06-12,PTC,PTC,10.98634019284056,10.98634019284056,10.392483856867434,10.484390258789062,1492500,10.92978286743164,-0.4453926086425781,32.77982402431796,-0.14619492005721924,-0.09596182432575562,-0.05023309573146362,-8.569653090159566,11.198077869415282,11.278036441802978,11.796267831392617,11.198077869415282,10.599887907437948,826725.0,221901500.0,-4.075036201951921,-5.721541488231444,-5.9606788888837565,0.2673110802020364
2017-06-13,PTC,PTC,10.675272428721058,10.781317908956938,10.53387755611226,10.760108947753906,1262000,10.484390258789062,0.27571868896484375,41.04305684225165,-0.1551423846886415,-0.1077979363983328,-0.047344448290308705,-5.465839217075481,11.16131534576416,11.264321174621582,11.772803459528603,11.16131534576416,10.549827231999718,818675.0,223163500.0,2.629801849790061,-1.5523997295804064,-2.373316161749551,0.28873672200595574
2017-06-14,PTC,PTC,10.753039971533276,10.958061744953904,10.604575882213457,10.682342529296877,1092500,10.760108947753906,-0.07776641845702947,39.56571847377962,-0.16658809110369432,-0.1195559673394051,-0.047032123764289224,-6.207328042341318,11.121724939346313,11.249050579071046,11.75022526953926,11.121724939346313,10.493224609153366,838225.0,222071000.0,-0.7227289131980642,1.8880665982637466,-3.6966148574924578,0.2890480814820663
2017-06-15,PTC,PTC,10.710620030386918,10.950990494831572,10.625783514857162,10.67527198791504,1556500,10.682342529296877,-0.0070705413818359375,39.42676268279042,-0.17422111691115028,-0.13048899725375415,-0.043732119657396124,-5.5068765153079875,11.083901929855347,11.237173461914063,11.724775397627782,11.083901929855347,10.443028462082912,885950.0,220514500.0,-0.06618905321978408,-0.7884395989928569,-4.00508161447082,0.28920894047026513
2017-06-16,PTC,PTC,10.745967934627457,10.85201407668752,10.427830856888544,10.519737243652344,990000,10.67527198791504,-0.1555347442626971,36.39845512938395,-0.19062331197884497,-0.14251586019877233,-0.04810745178007264,-3.8138505863340644,11.038655662536621,11.219074954986572,11.705483783618586,11.038655662536621,10.371827541454657,930000.0,219524500.0,-1.4569628243549246,-1.522187527675504,-3.7516355883074586,0.2917482656261664
2017-06-19,PTC,PTC,10.533878377702912,10.675273261339816,10.533878377702912,10.611645698547363,894500,10.519737243652344,0.09190845489501953,39.36235752710543,-0.19396996057895777,-0.15280668027480943,-0.04116328030414834,0.13343785425307064,10.998358297348023,11.205076923370362,11.66617488556332,10.998358297348023,10.330541709132726,969250.0,220419000.0,0.8736763358845061,-0.5960156278894421,1.213760997227498,0.2950393027972429
2017-06-20,PTC,PTC,10.675272847637329,10.710620892955925,10.463181204622003,10.470251083374023,1335500,10.611645698547363,-0.14139461517333984,36.54111683774494,-0.20566083735265828,-0.1633775116903792,-0.042283325662279075,-4.574736992517982,10.949223756790161,11.187402667999267,11.620807454550107,10.949223756790161,10.277640059030215,1011700.0,219083500.0,-1.332447569302992,-0.4704125125195544,-2.6938190476258,0.29593483749394206
2017-06-21,PTC,PTC,10.187461312460655,10.604574691536405,10.07434595695958,10.576295852661133,3901000,10.470251083374023,0.10604476928710938,40.01369638605936,-0.20401723115128512,-0.1715054555825604,-0.03251177556872473,-5.136335322809588,10.906805419921875,11.17199068069458,11.55883286222223,10.906805419921875,10.25477797762152,1159000.0,222984500.0,1.012819735101678,-0.3331231261430971,-0.9927286673770802,0.300319843195889
2017-06-22,PTC,PTC,10.576295716019978,10.703550826424957,10.533877121144751,10.67527198791504,357000,10.576295852661133,0.09897613525390803,43.14110151566867,-0.19250899064675053,-0.17570616259539842,-0.01680282805135211,-3.143043596313878,10.867215061187744,11.161244716644287,11.470324044006901,10.867215061187744,10.264106078368588,1095050.0,223341500.0,0.9358298655100912,1.958127870176631,0.0,0.3028212124124924
2017-06-23,PTC,PTC,10.67527198791504,10.67527198791504,10.67527198791504,10.67527198791504,0,10.67527198791504,0.0,43.14110151566867,-0.18129872824978754,-0.17682467572627625,-0.004474052523511296,-3.760357156336886,10.831866455078124,11.150498752593995,11.388995157503597,10.831866455078124,10.274737752652651,1063950.0,223341500.0,0.0,0.9358298655100912,1.478504079144633,0.3026635459936284
2017-06-26,PTC,PTC,10.67527198791504,10.67527198791504,10.67527198791504,10.67527198791504,0,10.67527198791504,0.0,43.14110151566867,-0.1704496767621393,-0.17554967593344886,0.005099999171309572,-4.00508161447082,10.796164321899415,11.140035552978516,11.290903880552825,10.796164321899415,10.301424763246004,1033350.0,223341500.0,0.0,0.0,0.599589273663626,0.30257223723132487
2017-06-27,PTC,PTC,10.67527198791504,10.67527198791504,10.67527198791504,10.67527198791504,0,10.67527198791504,0.0,43.14110151566867,-0.1600072611890564,-0.1724411929845704,0.012433931795513997,-2.3285995943705933,10.765057611465455,11.131834659576416,11.201951754382398,10.765057611465455,10.328163468548512,1017450.0,223341500.0,0.0,0.0,1.958127870176631,0.3021552959446205
2017-06-28,PTC,PTC,10.67527198791504,10.67527198791504,10.67527198791504,10.67527198791504,0,10.67527198791504,0.0,43.14110151566867,-0.1500024368946029,-0.1679534417665769,0.017951004871973986,1.820627851638413,10.75197858810425,11.117412414550781,11.182838220977553,10.75197858810425,10.321118955230945,853000.0,223341500.0,0.0,0.0,0.9358298655100912,0.28171091246700214
2017-06-29,PTC,PTC,10.74596952540176,11.240849572279464,10.569226603358242,11.071176528930664,3878500,10.67527198791504,0.3959045410156232,56.332102045507646,-0.10887234123365985,-0.1561372216599935,0.047264880426333644,2.890933378901251,10.775662183761598,11.110625495910645,11.222545419100197,10.775662183761598,10.328778948423,934225.0,227220000.0,3.7086131525623665,3.7086131525623665,3.7086131525623665,0.28926051761262744
2017-06-30,PTC,PTC,10.958060048003848,11.099454236359763,10.816665859647934,11.035826683044434,305000,11.071176528930664,-0.03534984588623047,55.10286621617909,-0.07822712759582551,-0.1405552028471599,0.06232807525133438,3.3090509200403213,10.778843498229982,11.094365100860596,11.232472805999938,10.778843498229982,10.325214190460025,904500.0,226915000.0,-0.31929619940442605,3.3774754923111967,3.3774754923111967,0.2619924805643684
2017-07-03,PTC,PTC,10.929781556824928,10.929781556824928,10.604574576186383,10.618714332580566,1384000,11.035826683044434,-0.4171123504638672,43.14055301752211,-0.08659978728870499,-0.12976411973546892,0.04316433244676393,-0.5298006027246951,10.752332067489625,11.071176433563233,11.175866937824127,10.752332067489625,10.328797197155124,964350.0,225531000.0,-3.779620344207863,-4.0868483595013165,-0.5298006027246951,0.28778030965170115
2017-07-04,PTC,PTC,10.906525543671146,10.982265595321769,10.679306833340606,10.91409969329834,1569500,10.618714332580566,0.29538536071777344,51.217155395648184,-0.06860916667984363,-0.11753312912434387,0.048923962444500244,3.748786119957095,10.746952629089357,11.05686471939087,11.158650171638612,10.746952629089357,10.335255086540101,1033275.0,227100500.0,2.7817431702768927,-1.1030165047183682,2.2372048754698173,0.30446864381697614
2017-07-05,PTC,PTC,11.679144824631225,11.898891390973487,11.614034673405794,11.654727935791016,428500,10.91409969329834,0.7406282424926758,64.74081712268449,0.00534937498383492,-0.09295662830270811,0.09830600328654303,9.829599167511226,10.775069761276246,11.059486522674561,11.335900242548046,10.775069761276246,10.214239280004445,1041325.0,227529000.0,6.785976519414137,9.756488128056427,9.174997592424527,0.38889735881697224
2017-07-06,PTC,PTC,11.67914536803408,11.784948786567512,11.524508169548112,11.532647132873535,446500,11.654727935791016,-0.12208080291748047,61.70430889871391,0.05349450027126146,-0.0636664025879142,0.11716090285917566,10.14680585059242,10.795668935775758,11.061787605285645,11.434751050520717,10.795668935775758,10.1565868210308,1052950.0,227082500.0,-1.0474787879224292,5.667416066897449,4.168216473985202,0.39172736000942227
2017-07-07,PTC,PTC,11.565201671899608,11.801226164135343,11.524507633340155,11.654727935791016,303000,11.532647132873535,0.12208080291748047,63.54563417963845,0.1003440556406261,-0.030864310942206142,0.13120836658283225,10.196689825564357,10.831916189193727,11.067378673553467,11.576544929018773,10.831916189193727,10.08728744936868,1059825.0,227385500.0,1.0585670532612765,0.0,5.608109573680318,0.3859636365881532
2017-07-10,PTC,PTC,11.638450648474947,11.874475137920262,11.557062572318268,11.858197212219238,237500,11.654727935791016,0.20346927642822266,66.44175080248503,0.1521371930879294,0.005735989863820963,0.14640120322410843,11.080984406236487,10.900606536865237,11.077039127349854,11.755543037982546,10.900606536865237,10.045670035747927,997075.0,227623000.0,1.7458088901704854,2.822856501156013,11.67262665533495,0.3512041454775291
2017-07-11,PTC,PTC,11.679144655309653,11.679144655309653,11.394287165697529,11.459397315979004,823500,11.858197212219238,-0.3987998962402344,56.90015852709413,0.1591690077059642,0.036422593432249614,0.12274641427371459,7.345249179146288,10.935570955276491,11.084237976074219,11.822898148315714,10.935570955276491,10.048243762237268,975150.0,226799500.0,-3.3630735693052265,-1.6759775164906454,4.996267562183777,0.37009657966581927
2017-07-12,PTC,PTC,11.557063102722168,11.679145222560068,11.402426682336598,11.557063102722168,162000,11.459397315979004,0.09766578674316406,58.47299124829775,0.17065537527845542,0.06326914980149079,0.10738622547696464,8.260127852530223,10.979306983947755,11.099045906066895,11.899693790526666,10.979306983947755,10.058920177368844,928625.0,226961500.0,0.8522768174464003,-2.5394594482436816,-0.8379846668829087,0.36831225855281513
2017-07-13,PTC,PTC,11.719839191948536,11.719839191948536,11.50009260488883,11.6303129196167,78000,11.557063102722168,0.07324981689453125,59.66195996908747,0.18355316574673886,0.08732595299054041,0.09622721275619844,8.946291324312993,11.027059030532838,11.111218395233154,11.979567927089585,11.027059030532838,10.074550133976091,854700.0,227039500.0,0.6338099588404763,1.4914885916327405,0.8468635658223693,0.3679258741484031
2017-07-14,PTC,PTC,11.679146039416038,11.679146039416038,11.524508832040668,11.581480026245115,88000,11.6303129196167,-0.04883289337158381,58.460273367333684,0.1876709968048207,0.10739496175339647,0.08027603505142422,8.488851987621008,11.080146169662475,11.121424465179443,12.0319522145684,11.080146169662475,10.12834012475655,809600.0,226951500.0,-0.41987600599479996,0.21127273690489967,-0.6284823631185761,0.36258261883190657
2017-07-17,PTC,PTC,11.434981914231704,11.88261480736323,11.434981914231704,11.75239372253418,125000,11.581480026245115,0.17091369628906428,61.39135149607977,0.20239265791549776,0.12639450098581673,0.07599815692968104,6.153069566033851,11.137183570861817,11.134341831207275,12.107321795089671,11.137183570861817,10.167045346633962,771125.0,227076500.0,1.4757500414606075,1.0496777151332561,-0.8922392484418605,0.36401857028129875
2017-07-18,PTC,PTC,11.801227230037052,11.850060235953896,11.638451837271402,11.78494930267334,557000,11.75239372253418,0.032555580139160156,61.94221065440704,0.21421728018806263,0.14395905682626592,0.07025822336179671,6.788096996665112,11.202918481826782,11.148475894927978,12.160869008740098,11.202918481826782,10.244967954913465,732200.0,227633500.0,0.277012333893628,1.7568503849865218,2.8409171766859473,0.35748342122792787
2017-07-19,PTC,PTC,11.858198260185764,11.898892301860434,11.638451677021402,11.768671989440918,622000,11.78494930267334,-0.016277313232421875,61.46997262287557,0.21974188769146785,0.15911562299930632,0.060626264692161536,10.829537558346653,11.262537288665772,11.159315128326416,12.204568892390995,11.262537288665772,10.32050568494055,568250.0,227011500.0,-0.138119501530053,0.13851022430882431,1.830991877762676,0.3581268646288889
2017-07-20,PTC,PTC,11.719838995405388,11.882615162259748,11.557063604725313,11.589618682861328,253000,11.768671989440918,-0.17905330657958984,56.37819170531364,0.20728264817135944,0.16874902803371694,0.0385336201376425,6.189415605006631,11.308254623413086,11.162331466674805,12.218496006958818,11.308254623413086,10.398013239867355,563050.0,226758500.0,-1.5214401993720272,-1.6574582952826298,-0.3498980383127323,0.3652523386903937
2017-07-21,PTC,PTC,11.524508476257324,11.671006715316722,11.475676247353716,11.524508476257324,462000,11.589618682861328,-0.0651102066040039,54.606838631739954,0.18996496371088156,0.1729922151691499,0.01697274854173167,-1.1173101616022691,11.3507164478302,11.164328384399415,12.214685333586695,11.3507164478302,10.486747562073704,586150.0,226296500.0,-0.561797660351747,-2.0746904442800513,-0.4919194253125367,0.366684451888301
2017-07-24,PTC,PTC,11.662867835639023,11.679145762840134,11.524508559126756,11.614035606384276,262500,11.524508476257324,0.08952713012695135,56.62485731442859,0.18137389978518215,0.17466855209235635,0.006705347692825797,0.7057223946334447,11.397654628753662,11.164722385406494,12.207417235051434,11.397654628753662,10.58789202245589,599275.0,226559000.0,0.7768412016130166,0.21067926556595923,-1.1772760461948668,0.36657360471444145
2017-07-25,PTC,PTC,11.63845178811739,11.801227180195577,11.59775774605427,11.719839096069336,557500,11.614035606384276,0.10580348968506037,58.947611216962805,0.18101623463553373,0.17593808860099183,0.005078146034541903,0.5586673548883762,11.449882984161377,11.169211978912353,12.195686493231879,11.449882984161377,10.704079475090875,627150.0,227116500.0,0.9109967738251106,1.694914973722566,-0.5524860984275434,0.3665256055764171
2017-07-26,PTC,PTC,11.646590847044832,11.768672198058637,11.557063798538698,11.6303129196167,293500,11.719839096069336,-0.08952617645263672,56.20495355028707,0.17153146028975463,0.17505676293874442,-0.0035253026489897865,-1.9217448362868892,11.497635030746459,11.172335224151611,12.15120599241785,11.497635030746459,10.844064069075067,641825.0,226823000.0,-0.7638857130953487,0.1401520865277523,-1.1756557574920705,0.36888330272837305
2017-07-27,PTC,PTC,11.6791459257268,11.719839191948536,11.516369756142662,11.6303129196167,81500,11.6303129196167,0.0,56.20495355028707,0.16214559480186708,0.17247452931136897,-0.010328934509501897,1.4914885916327405,11.52559185028076,11.176306838989257,12.149516804011904,11.52559185028076,10.901666896549616,451975.0,226823000.0,0.0,-0.7638857130953487,0.35112662348028356,0.3484156455163863
2017-07-28,PTC,PTC,11.321037946908074,11.597756471108356,11.231511685150304,11.508230209350586,651500,11.6303129196167,-0.12208271026611328,52.35267434312808,0.14320539173683322,0.16662070179646182,-0.023415310059628602,-0.42253722193556126,11.549212026596068,11.177978191375733,12.129296304579045,11.549212026596068,10.969127748613092,469300.0,226171500.0,-1.0496941149381969,-1.0496941149381969,-0.14124912086510763,0.3510069297263043
2017-07-31,PTC,PTC,11.6547290345846,11.801227276740605,11.6058968046488,11.6303129196167,578000,11.508230209350586,0.12208271026611328,55.627876138131555,0.13647302272720196,0.16059116598260986,-0.024118143255407898,0.0,11.599791955947875,11.18223258972168,11.980359182636594,11.599791955947875,11.219224729259157,429000.0,226749500.0,1.0608295806154406,0.0,0.1401520865277523,0.3181349169112697
2017-08-01,PTC,PTC,11.768671878030329,11.866337111420394,11.687283795451464,11.8175048828125,312500,11.6303129196167,0.18719196319580078,60.15096446361037,0.1445758187412327,0.15738809653433444,-0.012812277793101734,2.037950728512436,11.644962215423583,11.189523849487305,11.86229882521286,11.644962215423583,11.427625605634304,366150.0,227062000.0,1.609517856394616,2.687421678535978,0.8333372663445504,0.30946330337516853
2017-08-02,PTC,PTC,11.882614996289131,12.037251421231744,11.80122691399874,11.97214126586914,579500,11.8175048828125,0.15463638305664062,63.4642023067433,0.16161224140356723,0.15823292550818102,0.0033793158953862035,1.869810938290932,11.660832881927488,11.20047342300415,11.922921822209183,11.660832881927488,11.398743941645794,373700.0,227641500.0,1.3085366546498776,2.9391156421585523,2.9391156421585523,0.20253039488495517
2017-08-03,PTC,PTC,12.037251421231744,12.118639503522136,11.882614996289131,11.97214126586914,467000,11.97214126586914,0.0,63.4642023067433,0.17311813105179397,0.16120996661690362,0.011908164434890345,1.5883985445176034,11.682807588577269,11.21057466506958,11.971945683043668,11.682807588577269,11.39366949411087,374725.0,227641500.0,0.0,1.3085366546498776,2.9391156421585523,0.19772545315083823
2017-08-04,PTC,PTC,12.037251179556218,12.370940913133536,11.923308021872195,12.26513671875,1904000,11.97214126586914,0.2929954528808594,69.1083071305926,0.20353271740426848,0.16967451677437662,0.033858200629891866,4.21852805273628,11.713328027725218,11.228232517242432,12.101791338672301,11.713328027725218,11.324864716778135,454775.0,229545500.0,2.4473103547161394,2.4473103547161394,6.577088706345288,0.21144288255217558
2017-08-07,PTC,PTC,12.289553391426963,12.36280173131385,12.004695890339049,12.183749198913574,670000,12.26513671875,-0.08138751983642578,66.0557169359067,0.21854989638402422,0.17944959269630614,0.03910030368771808,5.126402622122878,11.729605627059936,11.244121208190919,12.167736243646766,11.729605627059936,11.291475010473105,476400.0,228875500.0,-0.6635679789203393,1.7675028079371022,4.758567401599326,0.20628196860975415
2017-08-08,PTC,PTC,12.126777844021827,12.281415047092407,12.086084578536788,12.167471885681152,358500,12.183749198913574,-0.016277313232421875,65.43320734212418,0.22652642021134106,0.18886495819931315,0.03766146201202791,5.579096156234818,11.765009355545043,11.261522521972656,12.225089079964718,11.765009355545043,11.304929631125368,453150.0,228517000.0,-0.133598557937103,-0.7962800196066723,2.9614288831616897,0.160166730272731
2017-08-09,PTC,PTC,12.045390840951608,12.20816623552373,12.004696798265002,12.15933322906494,154500,12.167471885681152,-0.008138656616212714,65.10284518362565,0.22954509823530955,0.19700098620651246,0.03254411202879709,4.695160589837628,11.79512286186218,11.285972137451171,12.276253467571893,11.79512286186218,11.313992256152469,452775.0,228362500.0,-0.0668886412286713,-0.2003978369056691,1.56356293363708,0.1593224628342072
2017-08-10,PTC,PTC,12.126777124939798,12.208165203432376,12.00469578337517,12.053528785705566,165000,12.15933322906494,-0.10580444335937322,60.80484770625999,0.220854020313908,0.20177159302799158,0.019082427285916415,2.8472207416921376,11.816283655166625,11.31509262084961,12.304075102139452,11.816283655166625,11.328492208193799,457125.0,228197500.0,-0.870150043313762,-0.93645665300181,0.6798075467790372,0.16351971082450426
2017-08-11,PTC,PTC,12.00469665144183,12.15933308035049,11.898892452220409,11.96400260925293,115000,12.053528785705566,-0.08952617645263672,57.35448774129966,0.20438622700816644,0.20229451982402658,0.0020917071841398682,2.8691376744765,11.835409784317017,11.334928665161133,12.314353649543381,11.835409784317017,11.356465919090653,458475.0,228082500.0,-0.7427383137692171,-1.6064254193240084,-2.4552038546518573,0.16549055409597532
2017-08-14,PTC,PTC,11.96400260925293,11.96400260925293,11.96400260925293,11.96400260925293,0,11.96400260925293,0.0,57.35448774129966,0.18915492197366035,0.19966660025395333,-0.01051167828029298,2.8691376744765,11.845990228652955,11.351229858398437,12.326558939057511,11.845990228652955,11.365421518248398,452225.0,228082500.0,0.0,-0.7427383137692171,-1.8036040144378491,0.15814821575437774
2017-08-15,PTC,PTC,11.980279182571936,12.00469529465602,11.394287059334529,11.508230209350586,397500,11.96400260925293,-0.45577239990234375,42.96095301368225,0.13870803943904875,0.18747488809097243,-0.04876684865192368,0.0,11.832154273986816,11.360960693359376,12.33551602920106,11.832154273986816,11.328792518772573,444250.0,227685000.0,-3.8095310974761114,-3.8095310974761114,-5.418066156424582,0.20992457933542366
2017-08-16,PTC,PTC,11.402426730339734,11.833781692764738,11.402426730339734,11.801226615905762,1435500,11.508230209350586,0.2929964065551758,51.404005418542305,0.1209763429398194,0.17417517906074184,-0.05319883612092244,1.469553721128041,11.83378200531006,11.375137519836425,12.336489526911935,11.83378200531006,11.331074483708184,484925.0,229120500.0,2.545972762320243,-1.36054795926973,-2.9451171903339355,0.23010482479603608
2017-08-17,PTC,PTC,11.719838578811755,11.719838578811755,11.43498184929072,11.467536926269531,328500,11.801226615905762,-0.33368968963623047,43.50562859603864,0.07908621980915775,0.15515738721042502,-0.07607116740126726,-2.961436953175841,11.827677917480468,11.38207498550415,12.345602943640635,11.827677917480468,11.3097528913203,488700.0,228792000.0,-2.8275847968759584,-0.35360157331568554,-4.861579292289661,0.24586938893063537
2017-08-18,PTC,PTC,11.434981543706156,11.638450963429843,11.3128994261674,11.475675582885742,557000,11.467536926269531,0.008138656616210938,43.73271517528736,0.046014292872078144,0.13332876834275564,-0.0873144754706775,-4.1468411703322525,11.825236272811889,11.392992839813232,12.349599501947276,11.825236272811889,11.300873043676502,493450.0,229349000.0,0.0709712701911351,-2.7586202995308975,-4.081635906611359,0.24511810873833453
2017-08-21,PTC,PTC,11.47567609354114,11.483814280799807,11.011765268129109,11.329177856445312,659500,11.475675582885742,-0.1464977264404297,40.57139102834148,0.0078924312780142,0.10824150092980736,-0.10034906965179316,-5.370496347690323,11.81099338531494,11.409888591766357,12.373591833381496,11.81099338531494,11.248394937248385,513300.0,228689500.0,-1.276593481423518,-1.2065282258413266,-5.306123490115635,0.24720593855326314
2017-08-22,PTC,PTC,11.272206272383452,11.35359357535698,11.036181774263996,11.24778938293457,338000,11.329177856445312,-0.08138847351074219,38.88944879297706,-0.0285575941401639,0.08088168191581312,-0.10943927605597702,-8.294626950714598,11.787390899658202,11.419642200469971,12.403183741219067,11.787390899658202,11.171598058097338,502325.0,228351500.0,-0.7183969970463413,-1.9858194692348234,-2.263083216778233,0.24501473550660108
2017-08-23,PTC,PTC,11.247790128416248,11.451259563597002,11.182679971252352,11.386149406433104,500000,11.24778938293457,0.13836002349853338,43.20036083939051,-0.04575259686232691,0.05555482616018511,-0.10130742302251203,-6.546423268065897,11.775182723999023,11.433718338012696,12.413361772570932,11.775182723999023,11.137003675427115,512650.0,228851500.0,1.2301085910130634,0.5028745307884752,-3.5172378514722746,0.24905330337567644
2017-08-24,PTC,PTC,11.40242759525929,11.40242759525929,10.99548871556702,11.093153953552246,248000,11.386149406433104,-0.2929954528808576,37.213627621500116,-0.08207592461677038,0.02802867600479401,-0.1101046006215644,-8.829426048587614,11.748324775695801,11.44207597732544,12.453835917228307,11.748324775695801,11.042813634163295,520975.0,228603500.0,-2.573261973141833,-1.3748072987296598,-3.264720010272289,0.26405936640071836
2017-08-25,PTC,PTC,11.23151328033156,11.467537800464155,11.109431150223744,11.378010749816896,821000,11.093153953552246,0.2848567962646502,45.169297116836525,-0.08687541504011698,0.005047857795811812,-0.09192327283592878,-6.425701677296063,11.741813802719117,11.459241447448731,12.45896204152671,11.741813802719117,11.024665563911523,529450.0,229424500.0,2.567861200316556,-0.07147856861608626,-0.8510595508163233,0.27979101601774214
2017-08-28,PTC,PTC,11.312900022971004,11.394288105623744,11.231512716492546,11.239651679992676,72000,11.378010749816896,-0.13835906982422053,42.36160502117481,-0.10068285709521341,-0.016098285182393233,-0.08458457191282018,-6.752189505517073,11.722280740737915,11.471801567077637,12.47272427602807,11.722280740737915,10.97183720544776,504150.0,229352500.0,-1.2160216127977126,1.3206138403363477,-0.7902265953191311,0.2795601046318042
2017-08-29,PTC,PTC,11.304762258551026,11.353594489030035,11.166402978569982,11.182680130004885,69000,11.239651679992676,-0.05697154998779119,41.22527420432564,-0.11489800962064933,-0.035858230070044454,-0.07903977955060487,-6.530611073619896,11.690539503097535,11.486050148010253,12.476868372546198,11.690539503097535,10.904210633648871,491975.0,229283500.0,-0.5068800316045765,-1.7167378736670216,-0.5788626610351641,0.2718206304809404
2017-08-30,PTC,PTC,11.272206469280611,11.329177659974652,11.239651392287698,11.28848361968994,59500,11.182680130004885,0.10580348968505504,44.217909569795445,-0.11628569393640831,-0.05194372284331723,-0.06434197109309107,-5.6462624727325395,11.656356620788575,11.50029390335083,12.450541694491248,11.656356620788575,10.862171547085902,465975.0,229343000.0,0.9461371375647926,0.434461325738305,-0.8577595748742195,0.26933701104861113
2017-08-31,PTC,PTC,11.312900478593592,11.378010636868355,11.052459845494532,11.207097053527832,382000,11.28848361968994,-0.0813865661621076,42.4283081204486,-0.12254009354788131,-0.06606299698423006,-0.056477096563651255,-2.616676503204457,11.618104410171508,11.510930404663085,12.421887145676093,11.618104410171508,10.814321674666923,461725.0,228961000.0,-0.7209698742898387,0.21834589954364345,1.0271479189117279,0.2695592338622583
2017-09-01,PTC,PTC,11.207097053527832,11.207097053527832,11.207097053527832,11.207097053527832,0,11.207097053527832,0.0,42.4283081204486,-0.1260437958811096,-0.07805915676360597,-0.047984639117503614,-5.034472955354984,11.5652024269104,11.521566905975341,12.327901319033005,11.5652024269104,10.802503534787794,366525.0,228961000.0,0.0,-0.7209698742898387,-1.5021404008764427,0.24954067283298279
2017-09-04,PTC,PTC,11.207097053527832,11.207097053527832,11.207097053527832,11.207097053527832,0,11.207097053527832,0.0,42.4283081204486,-0.12735246527744337,-0.08791781846637346,-0.03943464681106991,-2.2711055950043675,11.516369819641113,11.532203407287598,12.236174980244652,11.516369819641113,10.796564659037575,333025.0,228961000.0,0.0,0.0,-0.2896408838255472,0.24985748005679576
2017-09-05,PTC,PTC,11.272206957586398,11.557063699570692,11.231512915538843,11.500092506408691,521500,11.207097053527832,0.2929954528808594,51.292103044442264,-0.10355360927236745,-0.09104497662757227,-0.012508632644795181,0.21277112050259958,11.48300085067749,11.548699817657472,12.134336121701576,11.48300085067749,10.831665579653404,341175.0,229482500.0,2.614374190581571,2.614374190581571,2.838428468969077,0.27188670339768106
2017-09-06,PTC,PTC,11.483813568314588,11.548923719389965,11.190817888475408,11.25592803955078,367500,11.500092506408691,-0.24416446685791193,45.06537420916042,-0.10320519113429505,-0.09347701952891682,-0.009728171605378227,-0.6465589809136969,11.437830591201783,11.560312938690185,12.012462426884566,11.437830591201783,10.863198755518999,351825.0,229115000.0,-2.123152198313585,0.4357148491685111,-0.28839639792164007,0.2795616574392984
2017-09-07,PTC,PTC,11.231512520495436,11.386148943428,11.13384728872104,11.198957443237305,174500,11.25592803955078,-0.056970596313474786,43.73137501554299,-0.10630074938007716,-0.09604176549914889,-0.010258983880928274,-0.434146995776385,11.39510202407837,11.56286855697632,11.89979991211387,11.39510202407837,10.890404136042868,352300.0,228940500.0,-0.5061385974865247,-2.6185447030410605,-0.07262906934463562,0.27899679669799954
2017-09-08,PTC,PTC,11.361733338239494,11.361733338239494,11.15012493849992,11.231513023376465,113000,11.198957443237305,0.032555580139160156,44.73807019552008,-0.10491761341475936,-0.09781693508227099,-0.007100678332488369,-1.3581095551870264,11.358477544784545,11.56678228378296,11.79041473248382,11.358477544784545,10.92654035708527,352200.0,229053500.0,0.2907018827794496,-0.2169080691394419,0.21786167936278397,0.2794897973140998
2017-09-11,PTC,PTC,11.35359437451698,11.35359437451698,11.174541053493163,11.231513023376465,65500,11.231513023376465,0.0,44.73807019552008,-0.10263831756256003,-0.09878121157832881,-0.003857105984231224,1.2472473599801925,11.321853065490723,11.579038257598876,11.649150957610729,11.321853065490723,10.994555173370717,355475.0,229053500.0,0.0,0.2907018827794496,0.21786167936278397,0.2794897973140998
2017-09-12,PTC,PTC,11.23151328033156,11.418704793186166,11.198958200871008,11.378010749816896,674000,11.231513023376465,0.14649772644043146,49.457238497000226,-0.08799644870234147,-0.09662425900313135,0.008627810300789879,0.0,11.315342092514038,11.588316478729247,11.632038182516293,11.315342092514038,10.998646002511784,369300.0,229727500.0,1.3043454264400673,1.3043454264400673,-1.0615719527800513,0.2519256748061965
2017-09-13,PTC,PTC,11.491953638555271,11.52450871722982,11.353594360144871,11.410566329956056,1755500,11.378010749816896,0.032555580139160156,50.46949691213474,-0.07292506415742395,-0.09188442003398987,0.018959355876565928,1.5206400948137928,11.295809078216553,11.583433246612548,11.521412865107031,11.295809078216553,11.070205291326076,385300.0,231483000.0,0.28612716981027697,1.5942046829035672,1.3738386551683086,0.23317375415296776
2017-09-14,PTC,PTC,11.475675582885742,11.679145002609433,11.39428750452657,11.475675582885742,1638000,11.410566329956056,0.06510925292968572,52.51766888081585,-0.05509204396222955,-0.08452594481963781,0.029433900857408254,2.6200825694254175,11.296216011047363,11.582293815612793,11.523149467535669,11.296216011047363,11.069282554559058,450775.0,233121000.0,0.5706049204477694,0.8583647459677218,2.4709276827865687,0.2117907798200901
2017-09-15,PTC,PTC,11.443121110450242,11.516369453428572,11.00362717170887,11.239651679992676,3026500,11.475675582885742,-0.2360239028930664,45.218002510524904,-0.05932059254194222,-0.07948487436409869,0.020164281822156474,-0.432581924573897,11.28441481590271,11.573992290496825,11.49608869189153,11.28441481590271,11.072740939913892,574250.0,230094500.0,-2.05673209553833,-1.497862989628131,0.07246269135130522,0.22411296568610886
2017-09-18,PTC,PTC,11.29662272008761,11.671006498137135,11.29662272008761,11.443120956420898,3179000,11.239651679992676,0.20346927642822266,51.47914454853703,-0.045726372454369724,-0.0727331739821529,0.027006801527783175,2.106021762511368,11.290111970901489,11.56569076538086,11.512710239762482,11.290111970901489,11.067513702040495,700225.0,233273500.0,1.8102809786393244,-0.28368374680610625,1.8840554483087721,0.22924365256781917
2017-09-19,PTC,PTC,11.410565735600176,11.768671582367103,11.410565735600176,11.467536926269531,838000,11.443120956420898,0.024415969848632812,52.18535870211485,-0.0326068192644513,-0.06470790303861258,0.03210108377416128,2.323883441874152,11.301099348068238,11.56585355758667,11.536241595439632,11.301099348068238,11.065957100696844,725225.0,234111500.0,0.2133681007272117,2.0275116415084846,0.7868350489480391,0.22742643404672022
2017-09-20,PTC,PTC,11.467536978618686,11.557063246675538,11.418703974840415,11.532647132873535,187000,11.467536926269531,0.0651102066040039,54.10378286774019,-0.01676240277101293,-0.055118802985092655,0.038356400214079725,2.9048564297319497,11.308424234390259,11.565365238189697,11.563042296509478,11.308424234390259,11.05380617227104,709575.0,234298500.0,0.5677784778250957,0.7823580367067807,1.0698925836571413,0.22427995775570883
2017-09-21,PTC,PTC,11.45125885636044,11.711700245105314,11.45125885636044,11.491952896118164,178000,11.532647132873535,-0.040694236755371094,52.68110323861358,-0.0074039255128095505,-0.04557582749063604,0.03817190197782649,-0.07077865057164852,11.328364181518555,11.562598037719727,11.574313960059827,11.328364181518555,11.082414402977284,706075.0,234120500.0,-0.35286119731673005,0.21291381057340525,0.14184187340305313,0.20229882103408003
2017-09-22,PTC,PTC,11.49195228384506,11.557062433518748,11.47567513451374,11.508230209350586,29000,11.491952896118164,0.016277313232421875,53.211080207816835,0.0013110651383740901,-0.03619844896483401,0.0375095141032081,2.2415048222880767,11.33487515449524,11.561133041381837,11.592954210222292,11.33487515449524,11.076796098768188,666475.0,234149500.0,0.1416409672016681,-0.21172002612782076,2.3895627462904185,0.18166585174561944
2017-09-25,PTC,PTC,11.475676033808933,11.597757379970492,11.410565879032864,11.443120956420898,59500,11.508230209350586,-0.0651092529296875,50.76198505745612,0.002930207834928922,-0.02837271760488143,0.03130292543981035,2.1802343157490642,11.34504861831665,11.554947586059571,11.603363991247644,11.34504861831665,11.086733245385656,665850.0,234090000.0,-0.5657625173050969,-0.42492290160500423,0.0,0.1769995763893771
2017-09-26,PTC,PTC,11.443120706303592,11.597757126473232,11.231512319819451,11.337316513061523,899000,11.443120956420898,-0.105804443359375,46.978043771462694,-0.004274866250112197,-0.023553147333927583,0.019278281083815386,0.9420234786252467,11.352780437469482,11.545994930267334,11.599635643440433,11.352780437469482,11.105925231498532,707350.0,233191000.0,-0.9246117712319263,-1.4851431817048022,-1.1355569556501914,0.17948918834923375
2017-09-27,PTC,PTC,11.3373158724136,11.711699621124415,11.24778883448162,11.508230209350586,704000,11.337316513061523,0.1709136962890625,53.06450472660537,0.0037629901251232667,-0.018089919842117417,0.021852909967240684,2.463756979119214,11.363767766952515,11.540786094665528,11.618023838872562,11.363767766952515,11.109511695032468,739575.0,233895000.0,1.507532193285385,0.5689816019392312,-0.21172002612782076,0.18414970384085091
2017-09-28,PTC,PTC,11.47567565425076,12.289553338206863,11.418703688575349,11.93958568572998,2930000,11.508230209350586,0.43135547637939453,64.2259480771348,0.044427696339688794,-0.0055863966057561765,0.05001409294544497,4.935616148210455,11.400392198562622,11.5477854347229,11.752008854757216,11.400392198562622,11.048775542368029,866975.0,236825000.0,3.7482346853724966,5.312272723219761,3.8951846884355144,0.22206273487844908
2017-09-29,PTC,PTC,11.801227073940645,12.200026974985086,11.662867797876364,11.988418579101562,1243000,11.93958568572998,0.04883289337158203,65.23389308951745,0.07967671183271108,0.011466225081937273,0.0682104867507738,5.064185531514555,11.439458274841309,11.557063636779786,11.866233611064121,11.439458274841309,11.012682938618497,929125.0,238068000.0,0.4089998987983846,4.172564860240781,4.172564860240781,0.2217400176360451
2017-10-02,PTC,PTC,11.866337337026849,11.866337337026849,11.67914583018051,11.719839096069336,383500,11.988418579101562,-0.26857948303222656,55.90436851418922,0.08496032120122443,0.026165044305794707,0.058795276895429724,2.1276613426378765,11.465095376968383,11.559179706573486,11.894692027149185,11.465095376968383,11.035498726787582,948300.0,237684500.0,-2.240324537052947,-1.8404875633438642,2.4182051444030837,0.23990250923160625
2017-10-03,PTC,PTC,11.671006039538666,11.784948417832418,11.434981543706156,11.475675582885742,430000,11.719839096069336,-0.24416351318359375,49.0382153501426,0.0686542611510692,0.03466288767484961,0.0339913734762196,2.0999218624648717,11.463874530792236,11.554296436309814,11.893191104246437,11.463874530792236,11.034557957338034,943725.0,237254500.0,-2.083335028596789,-4.276986099815063,1.2203864085898783,0.23602103074990963
2017-10-04,PTC,PTC,11.451259297776092,11.548924531254812,11.150124633839807,11.239651679992676,1480000,11.475675582885742,-0.2360239028930664,43.47907154948141,0.03626835562570285,0.03498398126502026,0.0012843743606825928,-1.7780925081811105,11.46306071281433,11.546483211517334,11.894095286774702,11.46306071281433,11.03202613885396,999350.0,235774500.0,-2.05673209553833,-4.097218503944376,-2.333795244551909,0.23523911375096837
2017-10-05,PTC,PTC,11.46753650821778,11.46753650821778,11.141984974123464,11.166401863098145,480500,11.239651679992676,-0.07324981689453125,41.891848311349875,0.004638178090019096,0.028914820630020027,-0.02427664254000093,-2.625978578552073,11.461432933807373,11.537204990386963,11.896890167572536,11.461432933807373,11.02597570004221,1014650.0,235294000.0,-0.6517089584272506,-2.695037146648109,-6.47580111222732,0.23571338999673622
2017-10-06,PTC,PTC,11.27220671570064,11.459398218458514,11.264067752230922,11.394288063049316,736500,11.166401863098145,0.22788619995117188,48.22440409486385,-0.0020172006451382174,0.02272841637498838,-0.024745617020126596,-1.1997164937946427,11.469571685791015,11.534926147460938,11.892849557534607,11.469571685791015,11.046293814047424,1045825.0,236030500.0,2.0408203353693763,1.3758111679911187,-4.955870635747951,0.24655379511538464
2017-10-09,PTC,PTC,11.321038841262922,11.394287959476008,11.198957495023958,11.264067649841309,134500,11.394288063049316,-0.1302204132080078,45.19355578441313,-0.017596493862836127,0.014663434327423477,-0.03225992819025961,-1.9829984367046285,11.471199417114258,11.52760124206543,11.89085760790586,11.471199417114258,11.051541226322657,1049275.0,235896000.0,-1.1428569515483926,0.8746397267496018,-3.8888882559905324,0.2503742608104012
2017-10-10,PTC,PTC,11.312899626696309,11.312899626696309,11.125708129796053,11.158263206481934,566500,11.264067649841309,-0.105804443359375,42.83778074480047,-0.03804220347388387,0.004122306767162007,-0.04216451024104588,-3.0410149649622027,11.46021203994751,11.514416408538818,11.901112370321847,11.46021203994751,11.019311709573174,1043900.0,235329500.0,-0.9393093742726732,-2.071431363340645,-2.7659580833496356,0.24783732038004935
2017-10-11,PTC,PTC,11.369872301962008,11.369872301962008,11.101292708513435,11.231513023376465,148500,11.158263206481934,0.07324981689453125,44.976211124404564,-0.0477841022091976,-0.006258975028109915,-0.04152512718108768,-1.8492152084235145,11.45125937461853,11.499603843688964,11.90352915219547,11.45125937461853,10.998989597041591,963550.0,235478000.0,0.6564625295088915,-0.2890130588420462,-0.0724102209563868,0.24892097465766705
2017-10-12,PTC,PTC,11.231512520495436,11.231512520495436,10.995488016330407,11.198957443237305,280500,11.231513023376465,-0.032555580139160156,44.185049955658144,-0.05746912211595401,-0.016501004445678733,-0.04096811767027528,-1.2203864085898783,11.437423467636108,11.484140167236328,11.903275090169815,11.437423467636108,10.971571845102401,895675.0,235197500.0,-0.2898592564634997,0.3647004556383959,0.2915494224397145,0.24786740972429674
2017-10-13,PTC,PTC,11.05245955461761,11.190818831353743,10.905961314267753,11.036182403564451,590500,11.198957443237305,-0.16277503967285334,40.362065487927524,-0.07738708535451266,-0.028678220627445523,-0.04870886472706714,-4.101827971798736,11.427250003814697,11.459561080932618,11.919429894273947,11.427250003814697,10.935070113355447,773875.0,234607000.0,-1.4534838666714285,-1.7391300656061777,-3.142852431879185,0.24245070427508725
2017-10-16,PTC,PTC,11.190818966772138,11.589618874578912,11.076875803324072,11.410566329956056,842000,11.036182403564451,0.3743839263916051,50.88736547610525,-0.06224503865998443,-0.035391584233953305,-0.026853454426031126,-4.430801618235382,11.425622272491456,11.444097423553467,11.91779648840988,11.425622272491456,10.933448056573031,657025.0,235449000.0,3.39233181095926,1.8895409487115755,1.3005841643432583,0.26432920770017615
2017-10-17,PTC,PTC,11.36173222909182,11.43498134309517,11.231511926941073,11.25592803955078,128000,11.410566329956056,-0.154638290405277,47.18325196139619,-0.06200808463067631,-0.04071488431329791,-0.0212932003173784,-6.109984688286363,11.415041828155518,11.425866546630859,11.912491917228925,11.415041828155518,10.917591739082111,621525.0,235321000.0,-1.3552201173337601,1.9911381304766673,0.8752691280136815,0.26847233512500585
2017-10-18,PTC,PTC,11.231511447089044,11.231511447089044,10.8408497811531,11.06873607635498,3866500,11.25592803955078,-0.187191963195799,43.09398194514418,-0.0760484842685667,-0.04778160430435167,-0.02826687996421503,-5.555562788679633,11.39184627532959,11.404054603576661,11.909076713728531,11.39184627532959,10.874615836930648,805500.0,231454500.0,-1.6630522382343675,-2.9957343370738063,-1.4492877912592197,0.2729778943272383
2017-10-19,PTC,PTC,11.068737185389258,11.34545495527586,10.987349103780437,11.264067649841309,272500,11.06873607635498,0.19533157348632812,48.144359581318085,-0.07060014211964472,-0.052345311867410274,-0.01825483025223444,-1.8439692854337504,11.380452013015747,11.388265380859375,11.89843682436849,11.380452013015747,10.862467201663003,810225.0,231727000.0,1.764714346235025,0.07231398656715265,0.5813952498169541,0.2815290409727018
2017-10-20,PTC,PTC,11.272206561111668,11.272206561111668,11.068737134204774,11.198957443237305,183000,11.264067649841309,-0.0651102066040039,46.65790315968294,-0.07072091455690988,-0.0560204324053102,-0.014700482151599678,-0.36205958969181873,11.364988374710084,11.372964477539062,11.885371793469782,11.364988374710084,10.844604955950386,817925.0,231544000.0,-0.5780345842021039,1.1764791027993062,1.4749216143825283,0.28191843526509625
2017-10-23,PTC,PTC,11.296622787067628,11.296622787067628,11.068737244000207,11.150124549865724,55500,11.198957443237305,-0.048832893371580255,45.52267639420156,-0.07390510195413036,-0.05959736631507423,-0.01430773563905613,-0.14577044093507055,11.350338554382324,11.356686916351318,11.877907797562159,11.350338554382324,10.822769311202489,817725.0,231488500.0,-0.436048566298186,-1.0115626389831691,-2.2824614708789395,0.28168467930509483
2017-10-24,PTC,PTC,11.141985172487388,11.141985172487388,10.954793677394274,11.028042793273926,154500,11.150124549865724,-0.12208175659179865,42.72400228567621,-0.08529632791136521,-0.06473715863433242,-0.020559169277032788,-3.2142883148890378,11.334874868392944,11.347083168029785,11.881825588301457,11.334874868392944,10.787924148484432,780500.0,231334000.0,-1.0948914161973986,-1.526165724172734,-2.0245798078676107,0.28239792379579537
2017-10-25,PTC,PTC,11.036182470328209,11.215235013867565,11.036182470328209,11.141985893249512,77500,11.028042793273926,0.11394309997558594,46.057336599535155,-0.08415956160731142,-0.06862163922892822,-0.015537922378383195,-1.0838159036936963,11.31656265258789,11.33389835357666,11.863599457869354,11.31656265258789,10.769525847306427,749175.0,231411500.0,1.0332123488410887,-0.07299162067486255,0.661772187802069,0.2792492974236611
2017-10-26,PTC,PTC,11.150124744889432,11.207096713783471,10.987349354137072,11.190818786621094,244000,11.141985893249512,0.04883289337158203,47.468366526977874,-0.07841434794791624,-0.07058018097272582,-0.007834166975190418,0.2917620738704957,11.279124307632447,11.328363990783691,11.742761016960193,11.279124307632447,10.815487598304701,614875.0,231655500.0,0.43827818343557545,1.476018876590197,-0.6502878489126155,0.2399665113613911
2017-10-27,PTC,PTC,11.150123373634916,11.19081741036198,10.987348002900854,11.06873607635498,262000,11.190818786621094,-0.12208271026611328,44.345322912810126,-0.08275829307419968,-0.07301580339302059,-0.009742489681179092,-1.4492877912592197,11.233140182495116,11.320225200653077,11.563985762836879,11.233140182495116,10.902294602153354,565825.0,231393500.0,-1.0909184805321503,-0.6574215547958143,-1.1627990153758534,0.23989155190958994
2017-10-30,PTC,PTC,11.231512937099982,11.231512937099982,10.90596137626888,10.922239303588867,104000,11.06873607635498,-0.14649677276611328,40.870429095637306,-0.09690490667785312,-0.0777936240499871,-0.019111282627866016,-2.4709276827865687,11.193260192871094,11.312086429595947,11.463894746712931,11.193260192871094,10.922625639029256,551850.0,231289500.0,-1.3235185278205295,-2.399998500139419,-2.0437910380077464,0.23259632249073806
2017-10-31,PTC,PTC,10.87340631103041,10.938516468040977,10.67807583999871,10.743185997009276,89000,10.922239303588867,-0.17905330657959162,37.04913262689456,-0.1211675610895977,-0.08646841145790923,-0.034699149631688464,-2.6548710037679712,11.15663571357727,11.30199436187744,11.462331063411986,11.15663571357727,10.850940363742554,534800.0,231200500.0,-1.6393461231046063,-2.9411676012507386,-2.5830222243822467,0.22868796785494636
2017-11-01,PTC,PTC,10.90596137626888,11.141985889188636,10.824574068191826,10.922239303588867,126000,10.743185997009276,0.17905330657959162,42.80781238230602,-0.12451248170111384,-0.09407722550655015,-0.030435256194563692,-4.279603765898883,11.14076509475708,11.292716159820557,11.460928973296296,11.14076509475708,10.820601216217865,467100.0,231326500.0,1.6666685900201028,0.0,-1.9722389865327354,0.22936376897625088
2017-11-02,PTC,PTC,10.897822849449836,11.190818546517743,10.840850881778149,10.905961036682127,427000,10.922239303588867,-0.016278266906740058,42.42781346168244,-0.12701275154371316,-0.10066433071398276,-0.026348420829730407,-3.109179462048332,11.12774305343628,11.288972301483154,11.464283517546061,11.12774305343628,10.791202589326499,464425.0,230899500.0,-0.14903781591190085,1.5151468076431462,-2.545459410704794,0.22854944752893025
2017-11-03,PTC,PTC,10.743185240779672,10.905960621848074,10.694353014546271,10.783879280090332,2974000,10.905961036682127,-0.1220817565917951,39.589461726469324,-0.1372629292790677,-0.10798405042699974,-0.029278878852067952,-2.573525959058317,11.09722261428833,11.277089672088623,11.44258242887527,11.09722261428833,10.751862799701392,576300.0,227925500.0,-1.1194039313103534,-1.2667734120517973,-2.573525959058317,0.21634192414689474
2017-11-06,PTC,PTC,10.78387977331558,10.78387977331558,10.572271380161144,10.596688270568848,5576000,10.783879280090332,-0.18719100952148438,35.651167005044215,-0.15866206154889184,-0.11811965265137817,-0.040542408897513676,-5.9248523714420624,11.063853645324707,11.264230403900147,11.465685309172262,11.063853645324707,10.662021981477153,848375.0,222349500.0,-1.7358411074490103,-2.8358139651612784,-2.980625345876178,0.22051278868135088
2017-11-07,PTC,PTC,10.661798538445709,10.7024918038726,10.499022372040995,10.547855377197266,153000,10.596688270568848,-0.04883289337158203,34.68189951565505,-0.177515150273706,-0.12999875217584372,-0.04751639809786229,-5.813952498169541,11.033333253860473,11.251533908843994,11.49346765537122,11.033333253860473,10.573198852349726,827700.0,222196500.0,-0.460831649707108,-2.188673451944367,-1.818181495381228,0.21931168726103248
2017-11-08,PTC,PTC,10.580409049987791,10.588548012461896,10.539715013791463,10.580409049987791,147500,10.547855377197266,0.03255367279052557,35.93239069906335,-0.1876662498751145,-0.1415322517156979,-0.0461339981594166,-5.109498977612712,11.00077805519104,11.23737241744995,11.49289608010291,11.00077805519104,10.50866003027917,827650.0,222344000.0,0.308628357390084,-0.15362554946784868,-3.1296718932788465,0.2177004648330063
2017-11-09,PTC,PTC,10.62110435153407,10.6617983925785,10.53971626944521,10.572271347045898,482000,10.580409049987791,-0.008137702941892755,35.748149321274184,-0.19412990535448849,-0.15205178244345602,-0.04207812291103247,-4.132840747643864,10.969443750381469,11.224675903320312,11.487549992387368,10.969443750381469,10.45133750837557,837725.0,221862000.0,-0.07691293317154071,0.23147804909627542,-3.0596999981374005,0.217830904243411
2017-11-10,PTC,PTC,10.58041061778995,10.58041061778995,10.53971657556359,10.564132690429688,164000,10.572271347045898,-0.008138656616210938,35.55181401642406,-0.19763095384640827,-0.16116761672404648,-0.0364633371223618,-5.186267586013752,10.94584126472473,11.21181661605835,11.493322258181514,10.94584126472473,10.398360271267947,816400.0,221698000.0,-0.0769811552224777,-0.15383487992954745,-2.0377322849519492,0.21341956734532064
2017-11-13,PTC,PTC,10.458329507995876,10.621104904473484,10.417635464832896,10.450190544128418,267500,10.564132690429688,-0.11394214630126953,32.833044758823675,-0.20721113793850954,-0.1703763209669391,-0.03683481697157043,-6.618177423962182,10.89782247543335,11.196678485870361,11.442138076514423,10.89782247543335,10.353506874352275,787675.0,221430500.0,-1.0785754935139407,-1.1547263488615647,-1.3824859493820463,0.1673733886058513
2017-11-14,PTC,PTC,10.547854106759283,10.572270218309471,10.254858439634427,10.37693977355957,7363000,10.450190544128418,-0.07325077056884766,31.182114843943097,-0.2181989659997683,-0.17994084997350496,-0.038258116026263334,-6.250002692477459,10.85387306213379,11.174215431213378,11.418026022910643,10.85387306213379,10.289720101356936,1149425.0,214067500.0,-0.700951530591991,-1.7719667326755555,-1.6203825092936601,0.164174569828924
2017-11-15,PTC,PTC,10.336246830513335,10.580410300372163,10.29555278950782,10.352524757385254,2449500,10.37693977355957,-0.024415016174316406,30.629294553595827,-0.22626870191352033,-0.18920642036150806,-0.03706228155201227,-5.216096538156004,10.818062496185302,11.15614736557007,11.414774848663642,10.818062496185302,10.221350143706962,1078575.0,211618000.0,-0.2352814674373059,-0.9345837889820957,-2.1538325363970707,0.15729160145779145
2017-11-16,PTC,PTC,10.45018939237668,10.499021617850834,10.376940277991215,10.40949535369873,291500,10.352524757385254,0.05697059631347656,33.58801088119439,-0.22546792092164303,-0.19645872047353505,-0.02900920044810798,-3.1060678219984186,10.775333881378174,11.140358123779297,11.359836111794214,10.775333881378174,10.190831650962133,1079525.0,211909500.0,0.5503063035211294,0.313730067337499,-1.5396501660227515,0.14090216031613187
2017-11-17,PTC,PTC,10.458328953529888,10.53157729593069,10.29555278950782,10.352524757385254,283500,10.40949535369873,-0.05697059631347656,32.11300793626286,-0.22681575636416262,-0.20253012765166056,-0.02428562871250206,-5.216096538156004,10.733012247085572,11.122778358459472,11.310901653924994,10.733012247085572,10.15512284024615,1084550.0,211626000.0,-0.5472945073483665,0.0,-2.0030790907817213,0.14085195977002388
2017-11-20,PTC,PTC,10.352525014559747,10.417635171316311,10.271136930526897,10.27927589416504,149000,10.352524757385254,-0.07324886322021307,30.272284245001018,-0.23113017200918407,-0.20825013652316526,-0.0228800354860188,-5.74626243766354,10.689469814300537,11.103733615875244,11.266260741819897,10.689469814300537,10.112678886781177,1089225.0,211477000.0,-0.7075458879531682,-1.2509680355197976,-1.6355170677668445,0.14130265089866395
2017-11-21,PTC,PTC,10.295552397077456,10.33624643653186,10.214165094342894,10.271136283874512,227000,10.27927589416504,-0.00813961029052912,30.06604499301369,-0.23252576375413803,-0.21310526196935983,-0.019420501784778194,-4.754717508405985,10.651624488830567,11.081596126556397,11.234176557290008,10.651624488830567,10.069072420371127,1092850.0,211250000.0,-0.07918466606338986,-0.7861702861679372,-1.019602040619391,0.139282118981882
2017-11-22,PTC,PTC,10.254859421419004,10.2955526858405,10.18974926693549,10.222304344177246,140000,10.271136283874512,-0.048831939697265625,28.7984506215617,-0.23486473522527618,-0.2174571566205431,-0.017407578604733076,-3.533027648189032,10.605640411376953,11.05783088684082,11.170126876888373,10.605640411376953,10.041153945865533,1095975.0,211110000.0,-0.4754287972396087,-0.5542369965975351,-1.2578614034717623,0.12933260560250487
2017-11-23,PTC,PTC,10.319969985911248,10.368802215626838,10.246720865163566,10.344386100769045,180000,10.222304344177246,0.12208175659179865,36.05667953491786,-0.22428202590644908,-0.2188221304777243,-0.00545989542872477,-1.929010866683744,10.563318777084351,11.035205097198487,11.066688741616117,10.563318777084351,10.059948812552586,1092775.0,211290000.0,1.1942684592573098,0.7131617658460422,-0.6254794369695447,0.13849748221772898
2017-11-24,PTC,PTC,10.238581010087906,10.53971565436411,10.21416489735584,10.23044204711914,311500,10.344386100769045,-0.11394405364990412,32.70557073162169,-0.2225243630457463,-0.21956257699132872,-0.0029617860544175756,-3.30768877852652,10.52140407562256,11.015020904541016,10.985660062777345,10.52140407562256,10.057148088467773,1095250.0,210978500.0,-1.1015061941803685,0.07960732402307968,-1.1792554292519055,0.13856915737841444
2017-11-27,PTC,PTC,10.181611222326088,10.295553614866774,10.173472258237656,10.197888374328612,52500,10.23044204711914,-0.03255367279052912,31.796342368771306,-0.221208260764433,-0.2198917137459496,-0.0013165470184834105,-3.5411782428559873,10.485186529159545,10.99011625289917,10.93040534424689,10.485186529159545,10.039967714072201,1092675.0,210926000.0,-0.3182039704696449,-1.4162051282051624,-0.791763161864625,0.1341035715121888
2017-11-28,PTC,PTC,10.2548589153082,10.336246216308732,10.173470838133444,10.189748764038086,64500,10.197888374328612,-0.008139610290525567,31.56008913304663,-0.21830554827929305,-0.2195744806526183,0.00126893237332526,-3.543915410403405,10.457514667510987,10.964560489654541,10.904009584631634,10.457514667510987,10.01101975039034,1091450.0,210861500.0,-0.07981662469473194,-0.3977666154955033,-0.792390613725987,0.12517753882350133
2017-11-29,PTC,PTC,10.279275843999848,10.279275843999848,10.181610609341629,10.214165687561035,143000,10.189748764038086,0.02441692352294922,33.16437092679851,-0.21159574205372778,-0.2179787329328402,0.006382990879112427,-2.2585698851203877,10.422110986709594,10.938190860748291,10.823458835234364,10.422110986709594,10.020763138184824,1092300.0,211004500.0,0.23962242925087643,0.15961454602110495,-0.07961665337079128,0.10458371218626707
2017-11-30,PTC,PTC,10.254859924316406,10.401357391001405,10.254859924316406,10.254859924316406,95000,10.214165687561035,0.040694236755371094,35.86278125667586,-0.2006811599756766,-0.2145192183414075,0.013838058365730904,-1.1764532888031534,10.389555931091309,10.913449001312255,10.726037999991982,10.389555931091309,10.053073862190635,1075700.0,211099500.0,0.3984097967485406,0.6389869052327594,-0.8654566407375566,0.10761872962714536
2017-12-01,PTC,PTC,10.254859924316406,10.254859924316406,10.254859924316406,10.254859924316406,0,10.254859924316406,0.0,35.86278125667586,-0.18984288444471886,-0.2095839515620698,0.019741067117350936,-0.9433914466050979,10.363104963302613,10.888381595611571,10.648339826648074,10.363104963302613,10.07787009995715,927000.0,211099500.0,0.0,0.3984097967485406,0.23867861315085226,0.10364730757413661
2017-12-04,PTC,PTC,10.254859924316406,10.328108269571754,10.22230484547815,10.254859924316406,155500,10.254859924316406,0.0,35.86278125667586,-0.1791879063569919,-0.20350474252105424,0.024316836164062355,-1.4855228243834004,10.34601354598999,10.864616374969483,10.612676511128502,10.34601354598999,10.079350580851479,655975.0,211099500.0,0.0,0.0,0.5586602627580293,0.08771439469713042
2017-12-05,PTC,PTC,10.25485907959252,10.336246381896888,10.18160996419662,10.206026077270508,190000,10.254859924316406,-0.04883384704589844,33.816476177763704,-0.17269353917104446,-0.19734250185105232,0.024648962680007852,-1.4151009879038183,10.328922080993653,10.841990566253662,10.58471081112569,10.328922080993653,10.073133350861616,657825.0,210909500.0,-0.4762019901422858,-0.4762019901422858,0.15974204673100648,0.08778543038618405
2017-12-06,PTC,PTC,10.206026077270508,10.206026077270508,10.206026077270508,10.206026077270508,0,10.206026077270508,0.0,33.81647617776369,-0.16563734221144344,-0.19100146992313055,0.025364127711687112,-0.7125970510832653,10.310202932357788,10.815946483612061,10.542188415270829,10.310202932357788,10.078217449444747,650450.0,210909500.0,0.0,-0.4762019901422858,-0.07968942877478366,0.08625589092343967
2017-12-07,PTC,PTC,10.295552858842438,10.311830785823975,10.01069612223402,10.059528350830078,239500,10.206026077270508,-0.1464977264404297,28.215179831011454,-0.1699078060507464,-0.18678273714865373,0.01687493109790733,-2.060219309684889,10.284565782546997,10.778345336914063,10.507769549813789,10.284565782546997,10.061362015280205,638325.0,210670000.0,-1.4354041948480787,-1.4354041948480787,-1.9047707616479121,0.0969489542491097
2017-12-08,PTC,PTC,10.010696104272858,10.181610456400966,9.929308021859748,10.018835067749023,1043500,10.059528350830078,-0.04069328308105469,26.883141429980896,-0.17456352758315496,-0.184338895235554,0.00977536765239903,-1.990444322312917,10.257300901412965,10.738953666687012,10.469672130566966,10.257300901412965,10.044929672258963,682300.0,209626500.0,-0.404524761617644,-1.8341223910682638,-2.301590253882637,0.0968865405267765
2017-12-11,PTC,PTC,10.132777373554488,10.173471414447132,9.6525893986047,9.75025463104248,349500,10.018835067749023,-0.26858043670654297,20.128740302957922,-0.19764706473091032,-0.18700052913462525,-0.010646535596285062,-5.743515989628365,10.222304105758667,10.699561977386475,10.515965673241107,10.222304105758667,9.928642538276227,686400.0,209277000.0,-2.680755146584983,-3.074435589836351,-4.9206454012833625,0.1268390974850225
2017-12-12,PTC,PTC,9.847920020946884,9.847920020946884,9.644450605441156,9.766531944274902,163500,9.75025463104248,0.016277313232421875,21.4173649921147,-0.21218159375142776,-0.19203674205798577,-0.02014485169344199,-4.534604670136163,10.191783714294434,10.665379104614258,10.539653166381187,10.191783714294434,9.843914262207681,326425.0,209440500.0,0.16694244251425802,-2.5182880221902604,-4.306221928771943,0.1273306857087669
2017-12-13,PTC,PTC,9.945585247248726,9.945585247248726,9.733976868840957,9.766531944274902,229500,9.766531944274902,0.0,21.4173649921147,-0.22115102140281273,-0.19785959792695115,-0.023291423475861578,-4.229860283032447,10.162484073638916,10.635916709899902,10.549821678502486,10.162484073638916,9.775146468775347,215425.0,209440500.0,0.0,0.16694244251425802,-4.306221928771943,0.12776143178456803
2017-12-14,PTC,PTC,9.644450550032357,9.766531888164726,9.628172624321788,9.701421737670898,39500,9.766531944274902,-0.0651102066040039,19.925975032675524,-0.23085208779435895,-0.20445809590043273,-0.026393991893926216,-4.792336275165128,10.127080392837524,10.606617107391358,10.547391052020298,10.127080392837524,9.706769733654749,202825.0,209401000.0,-0.6666666015685457,-0.6666666015685457,-3.559874784085975,0.12443256260846487
2017-12-15,PTC,PTC,9.970001867676991,10.458328800236998,9.685144360987945,9.978140830993652,363000,9.701421737670898,0.2767190933227539,39.27866111470303,-0.21374738777572766,-0.2063159542754917,-0.007431433500235951,-2.3107600149351155,10.108361196517944,10.578294162750245,10.51964664072185,10.108361196517944,9.697075752314037,206800.0,209764000.0,2.85235608558533,2.1666737786363783,-0.4061773298012186,0.16809170022970774
2017-12-18,PTC,PTC,9.807225926266923,9.807225926266923,9.685143811960334,9.701421737670898,238500,9.978140830993652,-0.2767190933227539,31.166711312179032,-0.2199848594475533,-0.20904973530990403,-0.010935124137649271,-5.396838091695341,10.079468488693237,10.547041244506836,10.520324539170767,10.079468488693237,9.638612438215707,211275.0,209525500.0,-2.7732530339040866,0.0,-0.5008371085623731,0.19112656847246015
2017-12-19,PTC,PTC,9.65258913138193,9.685144207959937,9.60375690460205,9.60375690460205,48500,9.701421737670898,-0.09766483306884766,28.898286249397344,-0.2301557443418254,-0.2132709371162883,-0.01688480722553709,-6.349214172788989,10.046099519729614,10.51595111846924,10.525238435447463,10.046099519729614,9.566960604011765,202350.0,209477000.0,-1.0067063953071158,-3.7520409135608412,-1.6666616215622945,0.19265102579667248
2017-12-20,PTC,PTC,9.660728094569992,9.668867057758057,9.60375690460205,9.60375690460205,73500,9.60375690460205,0.0,28.898286249397344,-0.23550152886763165,-0.21771705546655698,-0.01778447340107467,-6.349214172788989,10.015172147750855,10.48339599609375,10.525273433851355,10.015172147750855,9.505070861650355,199025.0,209477000.0,0.0,-1.0067063953071158,-1.6666616215622945,0.1929085894208256
2017-12-21,PTC,PTC,9.611895474785442,9.970001302501492,9.440981135695589,9.701421737670898,676500,9.60375690460205,0.09766483306884766,34.43291742989642,-0.22921511662602967,-0.22001666769845152,-0.009198448927578151,-4.9441803869519445,9.983023929595948,10.453445281982422,10.486768458465669,9.983023929595948,9.479279400726227,223850.0,210153500.0,1.0169440359537565,1.0169440359537565,0.0,0.1911761599438441
2017-12-22,PTC,PTC,9.7665320243388,10.254858936025432,9.7665320243388,10.23044204711914,621000,9.701421737670898,0.5290203094482422,54.90804117338954,-0.1794766764622242,-0.21190866945120607,0.03243199298898186,0.23923091773211108,9.983023929595948,10.437330474853516,10.486768458465669,9.983023929595948,9.479279400726227,239325.0,210774500.0,5.453018369400859,6.525416550441701,2.5285393381280166,0.2774495450960295
2017-12-25,PTC,PTC,10.23044204711914,10.23044204711914,10.23044204711914,10.23044204711914,0,10.23044204711914,0.0,54.90804117338954,-0.1384624948357409,-0.19721943452811305,0.05875693969237214,1.6990229594110073,9.984651613235474,10.413727989196778,10.491520042634574,9.984651613235474,9.477783183836374,236700.0,210774500.0,0.0,5.453018369400859,5.453018369400859,0.2771735569588161
2017-12-26,PTC,PTC,10.173471346646853,10.222304350627436,10.010695960335358,10.043251037597656,159000,10.23044204711914,-0.18719100952148438,48.67081743053716,-0.11968357272741414,-0.1817122621679733,0.06202868944055914,0.24370068659208358,9.977326726913452,10.389474449157715,10.475881500233886,9.977326726913452,9.478771953593018,241425.0,210615500.0,-1.8297450751328654,-1.8297450751328654,4.576272987345224,0.2849461260693756
2017-12-27,PTC,PTC,10.17347154452208,10.214165585935026,9.929308072218694,10.083945274353027,395500,10.043251037597656,0.040694236755371094,50.000516888720064,-0.10036056275632887,-0.16544192228564442,0.06508135952931554,3.422378757659883,9.970815706253052,10.369778633117676,10.45965365121824,9.970815706253052,9.481977761287865,254050.0,211011000.0,0.4051898792834033,-1.431969137710587,5.00000546162173,0.2852354098302737
2017-12-28,PTC,PTC,10.295553155961914,10.295553155961914,9.98628029613016,10.010696411132812,157500,10.083945274353027,-0.07324886322021484,47.60974749786003,-0.08992095642325815,-0.15033772911316715,0.060416772689909,2.5000119617797214,9.958607530593872,10.344711208343506,10.4294411943341,9.958607530593872,9.487773866853644,257175.0,210853500.0,-0.7263909236646904,-0.32414430688800955,3.187931437523138,0.2856892961439592
2017-12-29,PTC,PTC,10.010695959659856,10.824573667336688,9.888613837803774,10.62110424041748,25362000,10.010696411132812,0.610407829284668,63.3406044679227,-0.03202353537693803,-0.12667489036592133,0.0946513549889833,8.750007689715535,9.976919746398925,10.333154144287109,10.51931798320215,9.976919746398925,9.434521509595701,1525275.0,236215500.0,6.097556096155693,5.326873078443165,3.8186247622442577,0.36078795270128744
2018-01-01,PTC,PTC,10.596688470450964,10.987349410251811,10.393219036927782,10.857129096984863,1047000,10.62110424041748,0.2360248565673828,67.41482288005213,0.0325308261989381,-0.09483374705294946,0.12736457325188755,11.912762794615144,10.007033205032348,10.327294235229493,10.668261985434922,10.007033205032348,9.345804424629774,1569850.0,237262500.0,2.222225215239065,8.455282740476875,6.125708419825277,0.36771386836982406
2018-01-02,PTC,PTC,10.66179838433637,10.987349160091595,10.580410302310426,10.751324653625488,4448000,10.857129096984863,-0.105804443359375,63.982027978768755,0.07429664304938655,-0.06100766903248227,0.13530431208186883,7.748776407627031,10.034298133850097,10.321759872436523,10.770764189884805,10.034298133850097,9.29783207781539,1782750.0,232814500.0,-0.9745158449737692,1.2260534334317885,7.050243127221513,0.36954914093973557
2018-01-03,PTC,PTC,10.678074836730955,10.946654403208491,10.621103648743064,10.678074836730955,2533500,10.751324653625488,-0.07324981689453303,61.64181597160449,0.10032917350132031,-0.02874030052572175,0.12906947402704205,10.067113104336913,10.05790057182312,10.312481651306152,10.845987148764765,10.05790057182312,9.269813994881476,1909425.0,230281000.0,-0.6813096921022864,-1.6491860661731768,5.891836441129898,0.37103635720555084
2018-01-04,PTC,PTC,10.669937052929422,11.321039409985929,10.661798865299126,11.182680130004885,11353500,10.678074836730955,0.5046052932739293,69.82873749204693,0.1598350919968965,0.008974777978801897,0.1508603140180946,16.440682964874146,10.11405816078186,10.312318878173828,11.049014963552644,10.11405816078186,9.179101358011078,2465125.0,241634500.0,4.7256204979774425,4.012114695410463,11.707314563737231,0.39739443110673667
2018-01-05,PTC,PTC,11.190818945566813,11.1989579092636,10.832713080825366,10.987349510192873,4170500,11.182680130004885,-0.19533061981201172,64.12338792913962,0.18905312579621203,0.04499044754228393,0.1440626782539281,14.406784962745304,10.162483882904052,10.310691146850585,11.173877334557265,10.162483882904052,9.15109043125084,2621475.0,237464000.0,-1.7467245556627253,2.8963523686691137,3.44827864867087,0.40450657152137504
2018-01-08,PTC,PTC,11.21523439998906,11.231512326423989,10.93037767294606,10.979209899902344,948500,10.987349510192873,-0.00813961029052912,63.88913069310726,0.20914098250131552,0.07782055453409026,0.13132042796722526,13.17114333118575,10.223931646347046,10.311830558776855,11.27829064541329,10.223931646347046,9.169572647280802,2651425.0,236515500.0,-0.07408165438787645,-1.8195122076021677,1.1244298730074378,0.38761324134814373
2018-01-09,PTC,PTC,10.922239316875482,10.922239316875482,10.661798688833215,10.743185997009276,611500,10.979209899902344,-0.23602390289306818,57.34693102414874,0.2036678411420354,0.1029900118556793,0.1006778292863561,5.011943252584301,10.272764348983765,10.311830558776855,11.328392294418858,10.272764348983765,9.217136403548672,2673825.0,235904000.0,-2.1497348629355155,-2.2222239581719765,-0.07569910572338871,0.399761409519355
2018-01-10,PTC,PTC,10.783879192497686,11.15012399097031,10.775740229466816,11.05245876312256,2205000,10.743185997009276,0.3092727661132848,62.732130082197145,0.22173009815856304,0.12673802911625606,0.09499206904230698,8.03500681805726,10.337060689926147,10.314434947967529,11.419177129697575,10.337060689926147,9.25494425015472,2772600.0,238109000.0,2.8787807099251674,0.6671596944409283,3.5060994806271757,0.40789485252328866
2018-01-11,PTC,PTC,11.141985974777407,11.35359437451698,11.028043587359408,11.231513023376465,7814000,11.05245876312256,0.17905426025390447,65.45173246822131,0.24763813113298028,0.15091804951960092,0.09672008161337936,11.831447619206784,10.413565254211425,10.320945987701416,11.522484603077274,10.413565254211425,9.304645905345577,3161325.0,245923000.0,1.6200400661193486,4.545458176961019,0.43668327094999293,0.40616907661781304
2018-01-12,PTC,PTC,11.101292258771938,11.150124486780106,10.832712676204206,10.865267753601074,449500,11.231513023376465,-0.3662452697753906,56.38759536173297,0.2358982137247807,0.16791408236063687,0.06798413136414383,7.748182462227568,10.457921600341797,10.32257375717163,11.564473959951789,10.457921600341797,9.351369240731804,3165650.0,245473500.0,-3.2608720571584078,-1.6936594248699157,-1.1111119790859882,0.42216126641700974
2018-01-15,PTC,PTC,10.816434703978096,11.06873713487459,10.580410199798786,10.62110424041748,729000,10.865267753601074,-0.24416351318359375,51.288226520970696,0.20453454275243033,0.17523817443899556,0.029296368313434767,6.097556096155693,10.503905725479125,10.323062076568604,11.553037880935612,10.503905725479125,9.454773570022638,3190175.0,244744500.0,-2.247192786414957,-5.43478676193068,-3.2616705823981786,0.4172017247127379
2018-01-16,PTC,PTC,10.77574082816499,10.93851621695501,10.425773936310014,10.637381553649902,552500,10.62110424041748,0.016277313232421875,51.60245304424636,0.17892946321425818,0.1759764321940481,0.0029530310202100785,0.1532544344163415,10.555586957931519,10.324852600097657,11.516107729989349,10.555586957931519,9.595066185873689,3215375.0,245297000.0,0.1532544344163415,-2.0973822745936803,-0.9848516388790758,0.4137140513960633
2018-01-17,PTC,PTC,10.669936682340502,10.78387984312456,10.621104453557535,10.702491760253906,198500,10.637381553649902,0.0651102066040039,52.91097095108279,0.16202339785544773,0.17318582532632804,-0.01116242747088031,-1.4242930644888565,10.610523700714111,10.327294254302979,11.461231193984728,10.610523700714111,9.759816207443494,3221625.0,245495500.0,0.6120886636962202,0.7662811511322358,-3.166417630404086,0.4132165871022816
2018-01-18,PTC,PTC,10.824573772213984,10.938516155641176,10.694353461911891,10.751324653625488,299000,10.702491760253906,0.04883289337158203,53.917305203891495,0.15082698603012012,0.16871405746708645,-0.01788707143696633,0.0,10.663018846511841,10.33087532043457,11.399416066015789,10.663018846511841,9.926621627007894,3202750.0,245794500.0,0.4562759258823622,1.071157402796083,-4.275366718193239,0.4128998823009863
2018-01-19,PTC,PTC,10.767601100165392,10.81643410142232,10.661797687094795,10.678074836730955,409500,10.751324653625488,-0.07324981689453303,52.11806329621354,0.1344927522149284,0.16186979641665483,-0.02737704420172643,0.0,10.685400485992432,10.333154163360597,11.393090478781321,10.685400485992432,9.977710493203542,3192175.0,245385000.0,-0.6813096921022864,-0.22814241832569024,-1.7228559950405054,0.37156897584504195
2018-01-22,PTC,PTC,10.848990133362106,10.905961326372823,10.7106308564724,10.857129096984863,472000,10.678074836730955,0.17905426025390803,55.9846547893284,0.13444612537467826,0.15638506220825954,-0.02193893683358128,-2.911207592771225,10.716734838485717,10.341292934417725,11.394468841547189,10.716734838485717,10.039000835424245,3215775.0,245857000.0,1.6768402824635444,0.9841061149957586,2.222225215239065,0.37488534515080607
2018-01-23,PTC,PTC,10.88968383411036,10.88968383411036,10.73504663482017,10.840850830078123,346500,10.857129096984863,-0.016278266906740058,55.545503983159435,0.13157889359132646,0.15142382848487293,-0.019844934893546468,-1.3333395827523649,10.756614828109742,10.350571155548096,11.35693090760266,10.756614828109742,10.156298748616823,3225150.0,245510500.0,-0.1499315957407258,1.5243945733292978,1.9127759533868223,0.36674026162402723
2018-01-24,PTC,PTC,10.840851669311432,11.060599040206606,10.83271348148794,10.889684677124023,571000,10.840850830078123,0.048833847045900214,56.64422909187994,0.13172858989473823,0.147484780766846,-0.015756190872107778,-0.8154067878701965,10.79690179824829,10.361314353942872,11.308774435485091,10.79690179824829,10.28502916101149,3233925.0,246081500.0,0.4504613873148211,0.2998544076278984,1.7490592010105523,0.36674335656469936
2018-01-25,PTC,PTC,10.946655418394554,11.060598581111584,10.840851219337518,10.922239303588867,206000,10.889684677124023,0.03255462646484375,57.40011841607449,0.13294164307102285,0.1445761532276814,-0.011634510156658534,1.6666685900201028,10.842478942871093,10.371569232940674,11.19806878401634,10.842478942871093,10.486889101725845,3236350.0,246287500.0,0.2989492113874638,0.7507572494672676,1.5897078310786965,0.36432732062812323
2018-01-26,PTC,PTC,10.92223804380952,11.028042230663022,10.87340504365629,10.930377006530762,202000,10.922239303588867,0.008137702941894531,57.599121566630835,0.13302619786750824,0.14226616215564675,-0.009239964288138502,-1.1045664969964375,10.857942581176758,10.383126277923584,11.199624634172727,10.857942581176758,10.516260528180789,1978350.0,246489500.0,0.07450581071979093,0.37367775664083935,2.362805783416364,0.2973110045636139
2018-01-29,PTC,PTC,10.930378122507353,11.101292476232478,10.865267966438187,10.9466552734375,414500,10.930377006530762,0.01627826690673828,58.02156524679792,0.1328750276423012,0.14038793525297763,-0.007512907610676439,-2.536236652587077,10.86241888999939,10.396473865509034,11.206394104394395,10.86241888999939,10.518443675604384,1946725.0,246904000.0,0.1489268567498836,0.2235436266316755,0.8245842492330598,0.2871747552337981
2018-01-30,PTC,PTC,11.06873658086348,11.27220599759866,10.905960426535955,11.10129165649414,966000,10.9466552734375,0.15463638305664062,61.90446551319376,0.14357800998727122,0.14102595019983635,0.0025520597874348627,2.172278753230366,10.879917240142822,10.413076972961425,11.235507017872704,10.879917240142822,10.52432746241294,1772625.0,247870000.0,1.4126359074435462,1.5636665584477054,2.4024020853918584,0.28830675610019074
2018-01-31,PTC,PTC,11.231512428995902,11.475675894529909,11.215234502412317,11.28848361968994,2253500,11.10129165649414,0.187191963195799,66.00386076138054,0.16526001304824156,0.14587276276951738,0.019387250278724177,6.283521601575267,10.910437679290771,10.43440055847168,11.296556181468514,10.910437679290771,10.524319177113028,1758625.0,250123500.0,1.686217865344468,3.1226738918315977,3.6621716274638674,0.29120462765602323
2018-02-01,PTC,PTC,11.35359326616384,11.426842380167193,11.076874736006392,11.25592803955078,384500,11.28848361968994,-0.032555580139160156,64.69987724336369,0.17776700605586804,0.15225161142678753,0.025515394629080507,5.814837822458679,10.914100074768067,10.452631397247314,11.312292038111336,10.914100074768067,10.515908111424798,1210175.0,249739000.0,-0.28839639792164007,1.392958475838063,3.0551311565959525,0.2398710014065329
2018-02-02,PTC,PTC,11.158263316708696,11.272206474321994,11.0687370489817,11.109430313110352,590000,11.25592803955078,-0.1464977264404279,59.04674846122648,0.173853669054564,0.15657202295234282,0.017281646102221188,3.802278590558719,10.92020411491394,10.47021116256714,11.326778565799641,10.92020411491394,10.513629664028239,1031150.0,249149000.0,-1.301516195960636,-1.5861590680547588,1.6381256243275757,0.23595251852314772
2018-02-05,PTC,PTC,11.109430313110352,11.109430313110352,11.109430313110352,11.109430313110352,0,11.109430313110352,0.0,59.04674846122648,0.1688064258876789,0.15901890353941006,0.009787522348268851,3.330805003308177,10.92671513557434,10.488442001342774,11.341358984820202,10.92671513557434,10.51207128632848,983725.0,249149000.0,0.0,-1.301516195960636,1.4869842486757736,0.23590891935879885
2018-02-06,PTC,PTC,10.98734911839924,11.044320309896657,10.840850881778149,10.905961036682127,865500,11.109430313110352,-0.20346927642822443,51.7617171851384,0.14669714578957382,0.15655455198944282,-0.009857406199868995,2.1341506164320743,10.934853887557983,10.502766246795654,11.340624948340093,10.934853887557983,10.529082826775873,996425.0,248283500.0,-1.831500542274506,-1.831500542274506,-1.759530565055888,0.2321793176710031
2018-02-07,PTC,PTC,11.028042956167246,11.125708186724628,10.930377725609862,11.044320106506348,473500,10.905961036682127,0.13835906982422053,55.75890687772194,0.13874048865265465,0.1529917393220852,-0.01425125066943056,1.724129904409714,10.934446954727173,10.519369335174561,11.339737458686168,10.934446954727173,10.529156450768179,909850.0,248757000.0,1.2686554569455248,-0.5860805169025336,-2.162943415692341,0.21270430837960874
2018-02-08,PTC,PTC,10.995488424180223,11.060598581111584,10.89782318878318,10.922239303588867,556500,11.044320106506348,-0.12208080291748047,51.688991278606125,0.12118691272971205,0.14663077400361058,-0.025443861273898527,0.7507572494672676,10.918983268737794,10.53271692276001,11.299386138493656,10.918983268737794,10.538580398981932,546975.0,248200500.0,-1.105371826786885,0.14926027015856938,-2.964559961554531,0.20718496508789705
2018-02-09,PTC,PTC,10.873405653583676,10.954793733013004,10.816434463687695,10.91409969329834,342000,10.922239303588867,-0.008139610290527344,51.41950295995499,0.10540375000075919,0.13838536920304031,-0.032981619202281126,0.22420315094710744,10.921424865722656,10.545901718139648,11.30100202536738,10.921424865722656,10.541847706077933,541600.0,247858500.0,-0.07452327370132608,-1.1790713412163174,-1.7582415507076006,0.17107572424211892
2018-02-12,PTC,PTC,10.922238945002029,10.94665505900611,10.832712676204206,10.865267753601074,506500,10.91409969329834,-0.048831939697265625,49.74391624551821,0.08794141649081944,0.12829657866059616,-0.04035516216977672,-0.5216105269646771,10.933633041381835,10.558109874725341,11.287366437209654,10.933633041381835,10.579899645554017,530475.0,247352000.0,-0.44742068580563027,-0.5216105269646771,-2.1977955001089353,0.14995472805657992
2018-02-13,PTC,PTC,10.865267753601074,10.865267753601074,10.865267753601074,10.865267753601074,0,10.865267753601074,0.0,49.74391624551821,0.07325791967829254,0.11728884686413543,-0.044030927185842894,-0.5956725270389626,10.945027351379395,10.571294708251953,11.27227006200449,10.945027351379395,10.6177846407543,502850.0,247352000.0,0.0,-0.44742068580563027,-0.3731288140878307,0.15000552837364098
2018-02-14,PTC,PTC,10.865267753601074,10.865267753601074,10.865267753601074,10.865267753601074,0,10.865267753601074,0.0,49.74391624551821,0.060918907421431356,0.10601485897559462,-0.045095951554163266,-0.7434921243378868,10.953166151046753,10.584479541778565,11.262624179710668,10.953166151046753,10.643708122382838,492925.0,247352000.0,0.0,0.0,-1.62121661794094,0.14885886000639542
2018-02-15,PTC,PTC,10.206026077270508,10.539715801919163,10.043250696487531,10.206026077270508,15386000,10.865267753601074,-0.6592416763305664,32.10409459431409,-0.002031722030357841,0.08440554277440414,-0.08643726480476198,-8.064517237504626,10.925901222229005,10.587409496307373,11.37487456865136,10.925901222229005,10.476927875806648,1247275.0,231966000.0,-6.067422278775174,-6.067422278775174,-6.557384492418359,0.26318392084599
2018-02-16,PTC,PTC,10.246720116145925,10.474605649233991,10.246720116145925,10.385079383850098,607000,10.206026077270508,0.17905330657958984,38.48467136902347,-0.03704540757705921,0.06011535270411147,-0.09716076028117068,-8.002883879497146,10.911251449584961,10.594734382629394,11.410570794564672,10.911251449584961,10.41193210460525,1257150.0,232573000.0,1.754388096051933,-4.419480316919276,-4.8471273335819,0.27190372802225576
2018-02-19,PTC,PTC,10.33624652729742,10.33624652729742,10.165332181027477,10.181610107421877,380000,10.385079383850098,-0.20346927642822088,34.515238907826884,-0.0802867797566158,0.03203492621196601,-0.11232170596858182,-9.5444634005654,10.877475500106812,10.603361492156983,11.474115222687702,10.877475500106812,10.28083577752592,1252550.0,232193000.0,-1.9592462311326886,-0.23923091773209365,-6.2921380465070715,0.27058048776256516
2018-02-20,PTC,PTC,10.246720577931844,10.246720577931844,9.953724103154268,9.994418144226074,2001500,10.181610107421877,-0.18719196319580256,31.315109030979286,-0.128183090867255,-8.67720387818724e-06,-0.1281744136633768,-10.036627778909962,10.83515386581421,10.607919216156006,11.550920156090154,10.83515386581421,10.119387575538266,1335300.0,230191500.0,-1.8385300676496061,-3.7617549677236286,-8.014985264273625,0.2758714961397065
2018-02-21,PTC,PTC,10.092083064601177,10.254859223848172,10.092083064601177,10.181610107421877,1735500,9.994418144226074,0.18719196319580256,37.55058720099777,-0.1493152225552148,-0.02986998627414551,-0.11944523628106928,-8.351645219769232,10.799750137329102,10.616220779418946,11.571979162648407,10.799750137329102,10.027521112009797,1393525.0,231927000.0,1.87296509406049,0.0,-6.2921380465070715,0.28605893141096395
2018-02-22,PTC,PTC,10.083944702008491,10.40135649943038,10.043250662905258,10.360662460327148,593500,10.181610107421877,0.17905235290527166,42.89117761126923,-0.14988675942877983,-0.05387334090507238,-0.09601341852370746,-5.000004809487862,10.771671295166016,10.62940559387207,11.565679101775018,10.771671295166016,9.977663488557013,1412900.0,232520500.0,1.758585832851246,3.664488625710133,1.5151478340921156,0.2948050971539504
2018-02-23,PTC,PTC,10.336247100165735,10.417635184300025,10.05139035804431,10.10022258758545,408500,10.360662460327148,-0.2604398727416992,37.8242637512522,-0.16940226381420054,-0.076979125486898,-0.09242313832730253,-8.548262906330638,10.73016357421875,10.631847229003906,11.574441893466153,10.73016357421875,9.885885254971347,1423225.0,232112000.0,-2.5137376469793375,-0.7993580482629185,-2.7429428869617603,0.3051957667616637
2018-02-26,PTC,PTC,10.140916067610126,10.31183041388007,10.092083064601177,10.181610107421877,250000,10.10022258758545,0.08138751983642756,40.201650149473025,-0.17626922704871362,-0.09683714579926113,-0.07943208124945249,-6.780928119050018,10.691911315917968,10.641450996398925,11.563764209891831,10.691911315917968,9.820058421944106,1415000.0,232362000.0,0.805799269577127,-1.7281940570006555,0.0,0.3075763925722994
2018-02-27,PTC,PTC,10.173471001488103,10.287414156127497,9.97000158145834,10.026972770690918,814500,10.181610107421877,-0.1546373367309588,37.28456473992465,-0.19197630229020213,-0.11586497709744933,-0.0761113251927528,-8.128264790838868,10.638195371627807,10.649915313720703,11.535847095056521,10.638195371627807,9.740543648199093,1407425.0,231547500.0,-1.5187905949986833,-0.7252297289424617,0.32572808136560755,0.30294497619886596
2018-02-28,PTC,PTC,10.051389803865332,10.124638144138524,9.92930768439484,10.002556800842283,368500,10.026972770690918,-0.02441596984863459,36.83014933378049,-0.2040423639369564,-0.13350045446535075,-0.07054190947160566,-7.940080008363003,10.573899030685425,10.657891311645507,11.459566144894588,10.573899030685425,9.688231916476262,1313175.0,231179000.0,-0.24350290368797106,-1.758595199486893,-1.758595199486893,0.2921095809426959
2018-03-01,PTC,PTC,10.026973315960417,10.132777513270462,9.880475853370898,9.904891967773438,756500,10.002556800842283,-0.09766483306884588,34.992961407112674,-0.21896148878891353,-0.15059266133006333,-0.0683688274588502,-8.838951856564597,10.506347227096558,10.661960716247558,11.378980457411878,10.506347227096558,9.633713996781239,1331775.0,230422500.0,-0.9763986849904401,-1.2175240295288883,-4.399047785785307,0.2921992819414351
2018-03-02,PTC,PTC,10.002557055937586,10.124638402347268,9.888613896760754,9.92930793762207,409500,9.904891967773438,0.024415969848632812,35.854425643251204,-0.22620726150506876,-0.16571558136506442,-0.060491680140004334,-8.614236088832683,10.447341108322144,10.655938034057618,11.307781910468897,10.447341108322144,9.58690030617539,1322750.0,230832000.0,0.24650415095967354,-0.7323013973191836,-1.6921869640126181,0.29258318613075973
2018-03-05,PTC,PTC,9.95372329512611,10.092082557833889,9.9293071829348,9.970001220703123,884000,9.92930793762207,0.04069328308105291,37.34470632942645,-0.22606010060664516,-0.17778448521338058,-0.04827561539326458,-2.3126029149879157,10.390369653701782,10.650729217529296,11.216429240806843,10.390369653701782,9.564310066596722,1366950.0,231716000.0,0.4098300036286152,0.6573444025591114,-2.07834403877341,0.2939513235953772
2018-03-06,PTC,PTC,10.051389861087362,10.051389861087362,9.847920436985788,9.8886137008667,829500,9.970001220703123,-0.081387519836424,35.56501712860309,-0.22986107184860316,-0.1881998025404251,-0.04166126930817807,-4.780567048485497,10.33950228691101,10.647636470794678,11.157130870559598,10.33950228691101,9.521873703262422,1365150.0,230886500.0,-0.81632407092809,-0.40983960826898064,-1.3798688097433118,0.29014174208495436
2018-03-07,PTC,PTC,9.937446901029189,10.05139006020602,9.888613896760754,9.92930793762207,2649000,9.8886137008667,0.040694236755371094,37.17711994062324,-0.22697327747536455,-0.19595449752741298,-0.031018779947951575,-2.478018379587046,10.283751678466796,10.644543724060059,11.049434314018082,10.283751678466796,9.51806904291551,1473925.0,233535500.0,0.4115262056581743,-0.40815725274488046,-0.7323013973191836,0.28486797158038213
2018-03-08,PTC,PTC,9.896753247496592,10.393219168321131,9.896753247496592,10.010696411132812,5139500,9.92930793762207,0.08138847351074219,40.38937044265224,-0.21563164265814905,-0.19988992655356022,-0.015741716104588827,0.16287358275221336,10.238174533843994,10.644543724060059,10.950491616797938,10.238174533843994,9.525857450890049,1703075.0,238675000.0,0.8196792165379613,1.234578616974523,1.0682039107909547,0.28775826264406473
2018-03-09,PTC,PTC,10.05139006020602,10.067667210845986,9.888613896760754,9.92930793762207,1640500,10.010696411132812,-0.08138847351074219,38.28140210821068,-0.21078093357818695,-0.20206812795848558,-0.008712805619701364,-2.478018379587046,10.188934946060181,10.63070779800415,10.837846948795939,10.188934946060181,9.540022943324423,1768000.0,237034500.0,-0.8130151007299626,0.0,0.0,0.2877803047233945
2018-03-12,PTC,PTC,9.896752607770894,10.051389803865332,9.896752607770894,10.002556800842283,407000,9.92930793762207,0.07324886322021307,41.2530997815292,-0.19873524440021484,-0.20140155124683143,0.0026663068466165896,-3.456397318763317,10.145799398422241,10.6136163520813,10.715242242780652,10.145799398422241,9.57635655406383,1763025.0,237441500.0,0.7377036111718692,-0.08130913131555091,0.3265353676342299,0.29088382678301467
2018-03-13,PTC,PTC,10.051389914592695,10.051389914592695,9.921168830488124,9.953723907470703,349500,10.002556800842283,-0.048832893371580255,39.87467834876839,-0.19092845098956346,-0.19930693119537785,0.008378480205814387,-1.4504500157730478,10.100222206115722,10.597664337158204,10.563158406711981,10.100222206115722,9.637286005519464,1780500.0,237092000.0,-0.48820410964792715,0.24589800217717986,0.6584361425535032,0.29051718781654123
2018-03-14,PTC,PTC,10.04325120002282,10.108361355600415,9.945585966656424,10.059528350830078,773000,9.953723907470703,0.105804443359375,44.22332559013643,-0.1741959541065139,-0.19428473577760508,0.020088781671091183,-1.1990417557121662,10.059935235977173,10.585293407440185,10.350804223858889,10.059935235977173,9.769066248095458,1819150.0,237865000.0,1.0629634129188992,0.5695698722050482,1.311475220892321,0.29497579050630124
2018-03-15,PTC,PTC,10.140915979881418,10.173471056214334,10.092082977294922,10.092082977294922,1732000,10.059528350830078,0.03255462646484375,45.52876723830384,-0.1565043586641206,-0.18672866035490818,0.030224301690787575,0.6493505875903304,10.054238080978394,10.563481464385987,10.337420908434725,10.054238080978394,9.771055253522063,1136450.0,239597000.0,0.32361980929411516,1.3900231823827687,0.8129960476236203,0.20457061530448292
2018-03-16,PTC,PTC,10.067667151500814,10.124638342666271,9.929307879092477,10.043251037597656,1857500,10.092082977294922,-0.048831939697265625,43.87013625718586,-0.1447553219980513,-0.1783339926835368,0.03357867068548551,0.4068383470908772,10.037146663665771,10.544599494934083,10.273672775236696,10.037146663665771,9.800620552094847,1198975.0,237739500.0,-0.4838638347220023,-0.16180990464705758,1.1475432194408677,0.1935431838454586
2018-03-19,PTC,PTC,10.026973255050914,10.132777451718244,9.994418177320524,10.018835067749023,68000,10.043251037597656,-0.024415969848632812,43.02612011092047,-0.1358483156863688,-0.16983685728410322,0.03398854159773443,1.1503719611108458,10.029007911682129,10.525391998291015,10.25559712924355,10.029007911682129,9.802418694120707,1183375.0,237671500.0,-0.24310823016600716,-0.7257957520830033,0.16274105941962075,0.181603155258079
2018-03-20,PTC,PTC,10.059527954381542,10.254859189590558,10.059527954381542,10.157193183898926,370500,10.018835067749023,0.13835811614990234,49.01245756775228,-0.11628464830558549,-0.15912641548839968,0.04284176718281418,2.2950768342413883,10.037146663665771,10.513672142028808,10.270108339086436,10.037146663665771,9.804184988245106,1101825.0,238042000.0,1.380980076169553,1.1345145697814247,2.0441523023911694,0.17599207565371214
2018-03-21,PTC,PTC,10.100222425213635,10.17347154452208,10.051390196457527,10.083945274353027,163000,10.157193183898926,-0.07324790954589844,46.242326290194924,-0.10547494558292847,-0.14839612150730544,0.04292117592437697,1.142869004000667,10.03226342201233,10.494301872253418,10.256402207927515,10.03226342201233,9.808124636097144,1023200.0,237879000.0,-0.7211432156475103,0.6498780163933021,0.2427243372790377,0.16480385034495965
2018-03-22,PTC,PTC,10.173471201078415,10.173471201078415,10.026972967407124,10.067667007446287,122500,10.083945274353027,-0.016278266906740058,45.62516884847388,-0.09710236279753381,-0.13813736976535113,0.04103500696781731,1.8107018030636055,10.017613649368286,10.471024951934815,10.181607613727582,10.017613649368286,9.85361968500899,999650.0,237756500.0,-0.1614275609779571,-0.8814066527212896,-0.24193191736101874,0.1504306286733487
2018-03-23,PTC,PTC,10.067667007446287,10.067667007446287,10.067667007446287,10.067667007446287,0,10.067667007446287,0.0,45.62516884847388,-0.08943606730700893,-0.1283971092736827,0.03896104196667377,1.3934412216180299,10.015985870361328,10.45507293701172,10.177149210411384,10.015985870361328,9.854822530311273,979225.0,237756500.0,0.0,-0.1614275609779571,0.24310823016598948,0.12147701292793016
2018-03-26,PTC,PTC,10.05138971400946,10.295552398419208,10.010695674549751,10.092082977294922,326500,10.067667007446287,0.02441596984863459,46.85890412851296,-0.08046278330449042,-0.11881024407984424,0.03834746077535382,0.8129960476236203,10.01150951385498,10.444492511749267,10.157568861394017,10.01150951385498,9.865450166315943,983050.0,238083000.0,0.24251864737457005,0.24251864737457005,0.7311020597762508,0.11803591742449006
2018-03-27,PTC,PTC,10.026973467099449,10.132777666004309,10.010696315977166,10.10022258758545,412000,10.092082977294922,0.008139610290527344,47.288287776910686,-0.07186616415336466,-0.10942142809454833,0.037555263941183664,1.7213148291613016,10.015172004699707,10.433749332427979,10.166444468622986,10.015172004699707,9.863899540776428,962925.0,238495000.0,0.08065342218092901,0.32336766914403353,-0.5608891677258413,0.10434643762028217
2018-03-28,PTC,PTC,10.092083914954474,10.173472001435686,10.051390647888184,10.051390647888184,524000,10.10022258758545,-0.048831939697265625,44.94214807508291,-0.06820735899197139,-0.10117861427403295,0.03297125528206156,0.4882136439533947,10.017613697052003,10.420727310180665,10.169603559343384,10.017613697052003,9.86562383476062,970700.0,237971000.0,-0.48347389647914035,-0.4032104125410732,-0.3228362072495719,0.10554721994167147
2018-03-29,PTC,PTC,10.051390196457527,10.15719361748719,10.03511226942264,10.083945274353027,208500,10.051390647888184,0.03255462646484375,46.83585403303349,-0.06196653165189403,-0.09333619774960517,0.031369666097711135,1.308267821097463,10.026566362380981,10.407379722595214,10.171531002136783,10.026566362380981,9.881601722625179,943300.0,238179500.0,0.3238818150171443,-0.16115796549304678,0.16168857089433195,0.09905322069624874
2018-03-30,PTC,PTC,10.05952883559685,10.173472001435686,9.994418676881608,10.051390647888184,788500,10.083945274353027,-0.03255462646484375,45.16298996967458,-0.05896777352051785,-0.0864625129037877,0.02749473938326985,-0.08089547201507748,10.032670497894287,10.39484603881836,10.170497148559708,10.032670497894287,9.894843847228866,962250.0,237391000.0,-0.3228362072495719,0.0,-0.16166962560507125,0.09992907327113491
2018-04-02,PTC,PTC,10.059528350830078,10.132777469898445,10.01069612223402,10.059528350830078,268000,10.051390647888184,0.008137702941894531,45.68523451874262,-0.05529716023680287,-0.08022944237039073,0.024932282133587863,-0.32257588981466817,10.037146854400635,10.378894023895263,10.172190732158198,10.037146854400635,9.902102976643073,931450.0,237659000.0,0.08096096577048549,-0.24213661279033244,-0.32257588981466817,0.09909353919233131
2018-04-03,PTC,PTC,10.173471346646853,10.173471346646853,10.010695960335358,10.043251037597656,201000,10.059528350830078,-0.016277313232421875,44.76685475976783,-0.05308963167993497,-0.07480148023229957,0.021711848552364604,0.0,10.044878721237183,10.362942028045655,10.160413687853355,10.044878721237183,9.92934375462101,900025.0,237458000.0,-0.16180990464705758,-0.08097994173808667,-0.5640623213375394,0.09413385428000544
2018-04-04,PTC,PTC,10.173471054888491,10.417634515440664,10.010695673245124,10.271136283874512,2579500,10.043251037597656,0.22788524627685547,57.613555429772255,-0.03257619642178611,-0.06635642347019688,0.03378022704841077,2.518268984561435,10.061970138549805,10.350571060180664,10.203687506008562,10.061970138549805,9.920252771091048,896550.0,240037500.0,2.269038635236241,2.1035572013371024,2.1862212273333252,0.12184293479553078
2018-04-05,PTC,PTC,10.22230444710702,10.409495949088411,10.22230444710702,10.352524757385254,411500,10.271136283874512,0.08138847351074219,61.09403728551069,-0.009640650154038255,-0.05501326880696515,0.0453726186529269,1.9230861316683987,10.079061555862427,10.339176769256591,10.268991608707728,10.079061555862427,9.889131503017127,660150.0,240449000.0,0.792399898719293,3.0794183938030475,2.6634365392215824,0.12165435599203897
2018-04-06,PTC,PTC,10.42577387596033,10.458328953529888,10.254859524676576,10.352524757385254,694500,10.352524757385254,0.0,61.09403728551069,0.008438659886548905,-0.042322883068262346,0.05076154295481125,2.6634365392215824,10.100222396850587,10.327619724273681,10.31284963242355,10.100222396850587,9.887595161277623,612850.0,240449000.0,0.0,0.792399898719293,2.9959447408437874,0.11623651300156122
2018-04-09,PTC,PTC,10.376941129299889,10.376941129299889,10.2548597794249,10.27927589416504,187000,10.352524757385254,-0.07324886322021307,56.271166197443875,0.01666398026104865,-0.030525510402400147,0.047189490663448797,2.101866167824607,10.114058351516723,10.314272136688233,10.335746627035379,10.114058351516723,9.892370075998068,601850.0,240262000.0,-0.7075458879531682,-0.7075458879531682,2.1844716339691006,0.11884953877224691
2018-04-10,PTC,PTC,10.262997812710342,10.572271440745036,10.230442734821128,10.482745170593262,829000,10.27927589416504,0.20346927642822088,64.62500125609571,0.03914958402724267,-0.016590491516471587,0.055740075543714254,4.122883313879697,10.140509414672852,10.301901206970214,10.403956881285922,10.140509414672852,9.877061948059783,625825.0,241091000.0,1.9794125434819665,1.2578614034717623,4.376014612701868,0.13300700578785024
2018-04-11,PTC,PTC,10.458328271510348,10.775740063070586,10.417634233158614,10.678074836730955,7459000,10.482745170593262,0.19532966613769354,70.45934678207357,0.07190221465815227,0.0011080497184531857,0.07079416493969909,5.806451064209367,10.171436738967895,10.289693031311035,10.524754952164589,10.171436738967895,9.818118525771201,960125.0,248550000.0,1.863344600664742,3.8796404209005604,3.961962353623224,0.14211748553542322
2018-04-12,PTC,PTC,10.792018895922435,10.889684130470576,10.33624702519016,10.393218994140623,5661000,10.678074836730955,-0.28485584259033203,55.963537180473224,0.07402016614629581,0.01569047300402171,0.0583296931422741,2.9008905894342027,10.186493539810181,10.272438850402832,10.551060063412395,10.186493539810181,9.821927016207967,1156575.0,242889000.0,-2.6676704082506633,-0.8540337001015912,0.3930851430839514,0.17693129599177318
2018-04-13,PTC,PTC,10.295551890463583,10.37693996536752,10.14091547955515,10.238580703735352,935500,10.393218994140623,-0.15463829040527166,49.955115279186934,0.0625001771528666,0.02505241383379069,0.037447763319075913,1.8623299243323805,10.196260023117066,10.255021858215333,10.555089564060852,10.196260023117066,9.83743048217328,1110475.0,241953500.0,-1.4878767636133903,-4.115855523729901,-1.1006402430346014,0.18512428870692332
2018-04-16,PTC,PTC,10.157193584196474,10.157193584196474,10.051390163513588,10.059528350830078,592000,10.238580703735352,-0.17905235290527344,44.056944846725955,0.038478913440183504,0.027737713755069254,0.01074119968511425,-0.24213661279033244,10.198294687271119,10.234023818969725,10.5533296523871,10.198294687271119,9.843259722155137,1136675.0,241361500.0,-1.7488005231032617,-3.210657290091449,-2.1377725979677313,0.1962375939600068
2018-04-17,PTC,PTC,10.03511178775588,10.173471056214334,10.03511178775588,10.092082977294922,102500,10.059528350830078,0.03255462646484375,45.32102634216608,0.0218172791560427,0.026553626835263945,-0.004736347679221244,0.4048427807876298,10.195039176940918,10.21774625778198,10.552844270155004,10.195039176940918,9.837234083726832,1123275.0,241464000.0,0.32361980929411516,-1.4308401787269478,-3.72671649401767,0.19005722345341636
2018-04-18,PTC,PTC,10.132777418165643,10.132777418165643,9.9700020300527,9.994418144226074,408000,10.092082977294922,-0.09766483306884766,42.23756872140765,0.0007237353649021117,0.02138764854119158,-0.020663913176289468,-0.6472490988966817,10.19056282043457,10.196748218536376,10.5563705037849,10.19056282043457,9.82475513708424,1135525.0,241056000.0,-0.9677371191712666,-0.6472490988966817,-6.402433987006777,0.19145106214945132
2018-04-19,PTC,PTC,10.010696019344705,10.01883498275182,9.847920632073707,9.92930793762207,659000,9.994418144226074,-0.0651102066040039,40.27049446655414,-0.02100476967479814,0.012909164897993639,-0.03391393457279178,-1.134524065454816,10.183644866943359,10.17688959121704,10.564175261890735,10.183644866943359,9.803114471995983,1162350.0,240397000.0,-0.6514657048006247,-1.6128983485278647,-4.463593587127257,0.19265761594348585
2018-04-20,PTC,PTC,9.929308194613212,10.002557314824568,9.77467176674702,9.856059074401855,990500,9.92930793762207,-0.07324886322021484,38.11965825106924,-0.04363237074996995,0.00160085776840092,-0.045233228518370874,-4.04120048649651,10.173064470291138,10.15572877883911,10.578147633614808,10.173064470291138,9.767981306967467,1211875.0,239406500.0,-0.7377036111718871,-1.3843634299426513,-3.736080619005526,0.19411594718326158
2018-04-23,PTC,PTC,9.847920683011562,10.010696071124508,9.847920683011562,9.994418144226074,326000,9.856059074401855,0.13835906982421875,44.18383435854824,-0.04982612248100615,-0.008684538281480495,-0.041141584199525655,-3.4591234655460705,10.168181228637696,10.13831178665161,10.579678709698532,10.168181228637696,9.75668374757686,1211850.0,239732500.0,1.403797083395784,0.6557376104461605,-0.6472490988966817,0.2010780768458866
2018-04-24,PTC,PTC,9.896752961886088,10.173471511178011,9.888613998395318,10.059528350830078,220500,9.994418144226074,0.0651102066040039,46.824751368496415,-0.04891698131632971,-0.01673102688845034,-0.032185954427879374,-2.8301927638101887,10.166146516799927,10.12219699859619,10.579457311107799,10.166146516799927,9.752835722492055,1202275.0,239953000.0,0.6514657048006247,2.0644080447597237,-0.32257588981466817,0.20255153021352987
2018-04-25,PTC,PTC,9.986279650617435,10.08394488048928,9.953723797819238,10.002556800842283,101500,10.059528350830078,-0.056971549987794745,44.8261779318013,-0.05219197178387169,-0.023823215867534612,-0.02836875591633708,-2.692009594565266,10.163704824447631,10.104942779541014,10.580432947043473,10.163704824447631,9.74697670185179,1181150.0,239851500.0,-0.5663441465731706,0.08143202034138411,0.08143202034138411,0.2028282965886641
2018-04-26,PTC,PTC,10.116499446199407,10.116499446199407,9.945585108511816,9.970001220703123,175500,10.002556800842283,-0.032555580139160156,43.67890059040496,-0.056760093536961875,-0.030410591401420068,-0.026349502135541807,-4.891313692605199,10.158007621765137,10.100222282409668,10.582372508619269,10.158007621765137,9.733642734911005,1179500.0,239676000.0,-0.3254725845337739,-0.889973436175737,0.4098300036286152,0.20269223702795217
2018-04-27,PTC,PTC,9.970001328415952,10.010695366623922,9.888613252000011,9.921168327331545,706500,9.970001220703123,-0.04883289337157848,41.944753030859644,-0.06358776909923058,-0.03704602694098218,-0.026541742158248408,-7.088417350249008,10.151496505737304,10.090944061279295,10.586609117006347,10.151496505737304,9.716383894468262,1175400.0,238969500.0,-0.4897982687321536,-0.8136766941816833,0.6606012853432559,0.20307761824012915
2018-04-30,PTC,PTC,10.010696019344705,10.010696019344705,9.888613896760754,9.92930793762207,243000,9.921168327331545,0.008139610290525567,42.35556921463653,-0.06756312697698696,-0.04314944694818314,-0.024413680028803827,-4.463593587127257,10.144985485076905,10.0858980178833,10.589684301376973,10.144985485076905,9.700286668776837,1174150.0,239212500.0,0.0820428604976088,-0.40815725274488046,-0.6514657048006247,0.20307859958468633
2018-05-01,PTC,PTC,9.92930793762207,9.92930793762207,9.92930793762207,9.92930793762207,0,9.92930793762207,0.0,42.35556921463653,-0.06990777343987986,-0.04850111224652249,-0.021406661193357372,-3.0206605296420523,10.139288330078125,10.08459581375122,10.592316430045296,10.139288330078125,9.686260230110955,1164100.0,239212500.0,0.0,0.0820428604976088,-1.2944981977933634,0.2030494354138814
2018-05-02,PTC,PTC,10.075805517286987,10.075805517286987,9.888613252000011,9.921168327331545,207000,9.92930793762207,-0.008139610290525567,42.010793774785625,-0.07159739102298524,-0.053120368001815035,-0.0184770230211702,-1.3754126304253258,10.121789932250977,10.079386978149413,10.580376377320441,10.121789932250977,9.663203487181512,1045475.0,239005500.0,-0.08197560536605626,-0.08197560536605626,-0.8136766941816833,0.1836725967937361
2018-05-03,PTC,PTC,9.872336984195965,9.961863255310403,9.790948900510624,9.8153657913208,430500,9.921168327331545,-0.10580253601074396,37.713457877291724,-0.08054532914139756,-0.05860536022973154,-0.021939968911666018,-2.7419234126064653,10.094931983947754,10.068481044769285,10.559500252792065,10.094931983947754,9.630363715103444,1046425.0,238575000.0,-1.0664322237056654,-1.1475336148005202,-1.5510071258689069,0.18264597097042876
2018-05-04,PTC,PTC,9.839781168875362,9.921168470289826,9.815365056068446,9.89675235748291,265000,9.8153657913208,0.08138656616210938,42.579198921495056,-0.08014555083216379,-0.06291339835021799,-0.017232152481945803,-0.9772033282356417,10.072143363952637,10.064411640167235,10.528143633198548,10.072143363952637,9.616143094706727,1024950.0,238840000.0,0.8291750699100295,-0.24609974393209041,-0.24609974393209041,0.18654000817057992
2018-05-07,PTC,PTC,9.896752808301654,9.937446848949705,9.799087576450892,9.864197731018066,268500,9.89675235748291,-0.03255462646484375,41.19300830494258,-0.08151594485680036,-0.06663390765153446,-0.014882037205265902,-0.6557376104461605,10.051389455795288,10.05806339263916,10.505475043248836,10.051389455795288,9.59730386834174,1029025.0,238571500.0,-0.3289425186054017,0.49750504194601775,-0.6557376104461605,0.18570523584630474
2018-05-08,PTC,PTC,9.799087668714444,9.847920673186747,9.766532591124337,9.77467155456543,814500,9.864197731018066,-0.08952617645263672,37.57061368045354,-0.0888023480420479,-0.07106759572963714,-0.017734752312410756,-0.825761282699749,10.015985774993897,10.053017368316649,10.437725731132586,10.015985774993897,9.594245818855208,1028300.0,237757000.0,-0.9075870019425987,-1.2335440810052751,-1.557373223069501,0.16823441890410548
2018-05-09,PTC,PTC,9.774671015675784,9.831642204274017,9.62817278650978,9.71769905090332,637000,9.77467155456543,-0.056972503662109375,35.43508373240434,-0.09804389102299993,-0.0764628547883097,-0.021581036234690223,-2.768736401954712,9.967966985702514,10.04732021331787,10.27553940489067,9.967966985702514,9.660394566514357,687200.0,237120000.0,-0.5828584965138739,-1.4851555505023948,-2.050860036994763,0.14670102498070042
2018-05-10,PTC,PTC,9.701421348912676,9.847919569740377,9.693282386383538,9.799086570739746,112000,9.71769905090332,0.08138751983642578,40.62695474697278,-0.0976746551262746,-0.08070521485590268,-0.01696944027037192,-2.589005875895178,9.938260364532471,10.045204105377197,10.180784557146861,9.938260364532471,9.695736171918082,409750.0,237232000.0,0.8375184229322301,0.24977837913042664,-0.16585444625456064,0.12857362505239792
2018-05-11,PTC,PTC,9.774671159830367,9.84792027549363,9.68514411794227,9.693283081054688,537500,9.799086570739746,-0.1058034896850586,36.5160453824844,-0.10471243067920177,-0.08550665802056251,-0.019205772658639264,-3.0919466486963905,9.910995483398438,10.040483608245848,10.133109495104446,9.910995483398438,9.68888147169243,389850.0,236694500.0,-1.0797280840541787,-0.2512525827434756,-2.0559196499888173,0.12427793044831525
2018-05-14,PTC,PTC,9.611895219589911,9.725837591841833,9.522368182907174,9.595617294311523,601500,9.693283081054688,-0.09766578674316406,33.17863725125619,-0.11682405627221115,-0.09177013767089225,-0.025053918601318906,-3.755104117882914,9.887799930572509,10.032995929718016,10.13952251323588,9.887799930572509,9.636077347909138,390325.0,236093000.0,-1.0075614827967805,-2.07641064255709,-2.722780341902405,0.11502319327454558
2018-05-15,PTC,PTC,9.725839376712738,9.725839376712738,9.440982617632269,9.620035171508787,548500,9.595617294311523,0.02441787719726385,34.783483079515435,-0.12303402849860845,-0.09802291583643549,-0.025011112662172957,-3.035259012723071,9.864197540283204,10.027624359130858,10.123672790062766,9.864197540283204,9.604722290503641,412625.0,236641500.0,0.25446906070065195,-0.7556563543373831,-1.582011039382871,0.1146045530922411
2018-05-16,PTC,PTC,9.72583890249942,9.72583890249942,9.603757551156574,9.611896514892578,72000,9.620035171508787,-0.008138656616209161,34.48618463178491,-0.12714653172800894,-0.10384763901475019,-0.023298892713258745,-3.1967124468647286,9.845071458816529,10.021276130676268,10.120059472643469,9.845071458816529,9.570083444989589,395825.0,236569500.0,-0.08460111081831638,0.1696526662302939,-1.0887611918883944,0.11137546863936201
2018-05-17,PTC,PTC,9.5630627769806,9.5630627769806,9.457258585030546,9.514229774475098,94500,9.611896514892578,-0.09766674041748047,31.055813314518602,-0.13671069410083625,-0.11042025003196741,-0.026290444068868837,-4.180333269494491,9.82431755065918,10.011346797943114,10.133112620999414,9.82431755065918,9.515522480318944,367600.0,236475000.0,-1.0161027042494326,-1.0998441808928991,-2.906972953124387,0.11408707825994248
2018-05-18,PTC,PTC,9.60375639244257,9.60375639244257,9.37587086854947,9.3921480178833,246000,9.514229774475098,-0.12208175659179688,27.388462948794086,-0.15238474270680236,-0.11881314856693441,-0.03357159413986795,-5.3322380186904095,9.801121997833253,10.000603599548338,10.1647110329808,9.801121997833253,9.437532962685705,330375.0,236229000.0,-1.2831491301515487,-2.2862137213899585,-3.106636427032124,0.11896654026631005
2018-05-21,PTC,PTC,9.481674194335938,9.5467843434338,9.43284197059964,9.481674194335938,483000,9.3921480178833,0.08952617645263672,33.582528330279644,-0.1557867126644652,-0.12620786138644058,-0.02957885127802462,-3.399685799585063,9.775484800338745,9.990185947418212,10.153700519018814,9.775484800338745,9.397269081658676,338225.0,236712000.0,0.9532023588445654,-0.34217777908308145,-1.1874493998748128,0.11156325838234721
2018-05-22,PTC,PTC,9.465397102164468,9.644450401349236,9.465397102164468,9.54678440093994,634500,9.481674194335938,0.06511020660400213,37.74209758654224,-0.15148274999434364,-0.1312628391080212,-0.02021991088632244,-3.536189892418199,9.749847602844238,9.982047157287596,10.116324911116052,9.749847602844238,9.383370294572423,358925.0,237346500.0,0.6866952530693048,1.6464432072642006,-0.7614397376195783,0.11195160147833154
2018-05-23,PTC,PTC,9.603756815340834,9.750254270493118,9.603756815340834,9.693283081054688,171500,9.54678440093994,0.14649868011474787,45.945060169774294,-0.13469789592746828,-0.13194985047191063,-0.0027480454555576517,-1.7326766415674748,9.734383916854858,9.97472225189209,10.081554973648156,9.734383916854858,9.38721286006156,362425.0,237518000.0,1.5345342888472917,2.2317671160348316,0.8467274490108152,0.1279879504492145
2018-05-24,PTC,PTC,9.725838047383691,9.725838047383691,9.56306266784668,9.56306266784668,76500,9.693283081054688,-0.1302204132080078,40.79920049072588,-0.130400303670271,-0.1316399411115827,0.0012396374413116973,-2.164869535896727,9.714036989212037,9.964141845703123,10.050602392226565,9.714036989212037,9.377471586197508,357475.0,237441500.0,-1.3434087513911648,0.17051046952665402,0.5132616567931917,0.1347219161933409
2018-05-25,PTC,PTC,9.603756761442176,9.668866913627609,9.432842417911855,9.449119567871094,346000,9.56306266784668,-0.11394309997558594,36.90435382056352,-0.13463667892356312,-0.13223928867397877,-0.0023973902495843524,-2.763817665327477,9.690434551239013,9.952259216308592,10.032009427745937,9.690434551239013,9.34885967473209,339450.0,237095500.0,-1.1914917211479759,-2.5188938684851374,0.6065870116113501,0.13892804412158666
2018-05-28,PTC,PTC,9.400287537550948,9.514229918160831,9.367732460780372,9.489813804626465,105000,9.449119567871094,0.040694236755371094,39.138992988178806,-0.13317519131618383,-0.1324264692024198,-0.0007487221137640332,-3.1561387266112684,9.668459844589233,9.941678791046142,10.001777795166474,9.668459844589233,9.335141894011992,332550.0,237200500.0,0.4306669681029297,-0.7659561143157115,0.08584570745311727,0.14054102837044005
2018-05-29,PTC,PTC,9.42470379415331,9.522369025947604,9.42470379415331,9.465397834777832,90000,9.489813804626465,-0.024415969848632812,38.263370330001415,-0.13246019786452656,-0.13243321493484117,-2.6982929685392953e-05,-2.3509603956811316,9.64526433944702,9.92784288406372,9.966499092058198,9.64526433944702,9.324029586835843,337050.0,237110500.0,-0.25728607906647827,0.17227284288038497,-0.852502400222787,0.14029760330024538
2018-05-30,PTC,PTC,9.465398401059614,9.522369595637771,9.359594199575668,9.384010314941406,206000,9.465397834777832,-0.08138751983642578,35.41884226749488,-0.13688295161026964,-0.13332316226992685,-0.0035597893403427894,-2.205246133519332,9.618406438827515,9.913844184875487,9.932250049943013,9.618406438827515,9.304562827712017,337000.0,236904500.0,-0.8598425682372396,-1.1149163920737557,-3.190588405673906,0.14187869139697268
2018-05-31,PTC,PTC,9.400286766432384,9.758392581532792,9.359592729763792,9.68514347076416,820000,9.384010314941406,0.3011331558227539,50.1772666937993,-0.1147661342615578,-0.12961175666825303,0.014845622406695236,0.676798973128509,9.611895322799683,9.906193714141846,9.913706543123755,9.611895322799683,9.31008410247561,356475.0,237724500.0,3.2090028219948117,2.321567881478126,1.2765868755408822,0.18486749304547379
2018-06-01,PTC,PTC,9.603757100760172,9.644451141357422,9.603757100760172,9.644451141357422,23000,9.68514347076416,-0.04069232940673828,48.56226938639961,-0.09937637903490781,-0.12356468114158399,0.024188302106676177,0.3386909796043261,9.599280261993409,9.897729396820068,9.870500163576365,9.599280261993409,9.328060360410452,344375.0,237701500.0,-0.4201520558737541,2.775368074791399,2.067193372708445,0.18219407754289796
2018-06-04,PTC,PTC,9.750254507218298,9.750254507218298,9.497952854001728,9.579340934753418,58000,9.644451141357422,-0.0651102066040039,46.01049144071712,-0.09138036074842404,-0.11712781706295201,0.025747456314527975,0.6843555581661629,9.585037422180175,9.887474555969238,9.825900020258576,9.585037422180175,9.344174824101774,333850.0,237643500.0,-0.6751053600634435,-1.092420946887577,0.9434023888151203,0.18312543872067835
2018-06-05,PTC,PTC,9.563063974927562,9.693284296355705,9.563063974927562,9.620035171508787,117000,9.579340934753418,0.04069423675536932,47.85477202302439,-0.0808280385235598,-0.10986786135507356,0.029039822831513767,2.426358200398605,9.577305603027344,9.877870807647705,9.801916787883323,9.577305603027344,9.352694418171366,298975.0,237760500.0,0.424812490050672,-0.2531608019033225,1.6337119625631125,0.18182230147818362
2018-06-06,PTC,PTC,9.693283224730964,9.799087418237908,9.611895920923184,9.668867111206056,247500,9.620035171508787,0.04883193969726918,50.05936019464836,-0.06774400696385996,-0.10144309047683085,0.03369908351297089,1.9742601679136191,9.57486400604248,9.870220336914063,9.794045419669667,9.57486400604248,9.355682592415294,279500.0,238008000.0,0.507606664910046,0.9345755314735856,3.0355550207686326,0.18189094956175292
2018-06-07,PTC,PTC,9.644450944368115,9.742116174102128,9.60375690460205,9.60375690460205,65500,9.668867111206056,-0.06511020660400568,47.19430944363349,-0.061914950206420016,-0.09353746242274869,0.03162251221632867,0.5967716591201312,9.565097522735595,9.860616569519044,9.758048945322642,9.565097522735595,9.372146100148548,277175.0,237942500.0,-0.673400573770882,-0.16921213505483945,-0.8403238052981363,0.18035494853588763
2018-06-08,PTC,PTC,9.60375690460205,9.60375690460205,9.60375690460205,9.60375690460205,0,9.60375690460205,0.0,47.1943094436335,-0.056642441918326014,-0.08615845832186415,0.02951601640353814,-0.9235898271413707,9.560621213912963,9.85166389465332,9.745015504356276,9.560621213912963,9.37622692346965,250300.0,237942500.0,0.0,-0.673400573770882,-0.4219445581601394,0.17656483086912636
2018-06-11,PTC,PTC,9.538646609239436,9.766532141888035,9.538646609239436,9.628172874450684,237500,9.60375690460205,0.024415969848632812,48.476771044496516,-0.04991834874834922,-0.07891043640716117,0.02899208765881195,0.6808509874448497,9.562248992919923,9.843036785125733,9.748509402625018,9.562248992919923,9.375988583214827,232100.0,238180000.0,0.2542335264331072,0.2542335264331072,0.5097630414228764,0.1730450102830842
2018-06-12,PTC,PTC,9.603756761442176,9.64445080060163,9.440981380978592,9.449119567871094,89500,9.628172874450684,-0.17905330657958984,40.67513485041624,-0.05836476916855382,-0.07480130295943971,0.016436533790885888,0.0,9.553703212738037,9.831154155731202,9.744430288761015,9.553703212738037,9.36297613671506,209150.0,238090500.0,-1.8596810517883995,-1.610175458073662,-1.7766629808577663,0.18513672018515448
2018-06-13,PTC,PTC,9.5630627769806,9.5630627769806,9.481674698196176,9.514229774475098,254000,9.449119567871094,0.0651102066040039,44.19233644890317,-0.05912323285507881,-0.07166568893856753,0.012542456083488723,0.25728607906647827,9.548819875717163,9.816016025543213,9.738270402831075,9.548819875717163,9.35936934860325,218250.0,238344500.0,0.6890610933254745,-1.1834342970507448,-1.5993325273002945,0.1871546207400959
2018-06-14,PTC,PTC,9.636312629926287,9.636312629926287,9.56306350865086,9.611896514892578,1018500,9.514229774475098,0.09766674041748047,49.07004757262208,-0.051252622743071186,-0.06758307569946827,0.016330452956397082,1.5477287132768958,9.553703212738037,9.80120346069336,9.744430288761015,9.553703212738037,9.36297613671506,264450.0,239363000.0,1.0265333372492442,1.7226678724117188,0.08475443903236349,0.18713492766893064
2018-06-15,PTC,PTC,9.611896514892578,9.611896514892578,9.611896514892578,9.611896514892578,0,9.611896514892578,0.0,49.07004757262208,-0.044502114846276086,-0.06296688352882984,0.018464768682553756,2.42845214682178,9.564690637588502,9.786390895843505,9.741004826403756,9.564690637588502,9.388376448773247,252150.0,239363000.0,0.0,1.0265333372492442,0.08475443903236349,0.18036173871068167
2018-06-19,PTC,PTC,9.611896432747947,9.628173583906548,9.514230421099178,9.522369384765623,1195500,9.611896514892578,-0.0895271301269549,44.89819938731927,-0.0458478741412911,-0.0595430816513221,0.013695207510030998,-1.6806574573716049,9.566725397109986,9.771252765655518,9.739917317583686,9.566725397109986,9.393533476636286,287775.0,238167500.0,-0.9314200375362183,-0.9314200375362183,-1.0988947857990843,0.181243669906327
2018-06-20,PTC,PTC,9.563063066572123,9.563063066572123,9.457258871418077,9.465397834777832,23000,9.522369384765623,-0.05697154998779119,42.42627611354114,-0.050924500093490366,-0.057819365339755756,0.00689486524626539,-1.8565422122547943,9.56265606880188,9.75090581893921,9.741551386124515,9.56265606880188,9.383760751479246,257200.0,238144500.0,-0.5982917453185256,-1.5241391736559218,0.17227284288038497,0.1807845948729173
2018-06-21,PTC,PTC,9.44098136081322,9.522368662784052,9.375871208766858,9.40842628479004,355000,9.465397834777832,-0.05697154998779119,40.05156783102059,-0.058866316435770116,-0.05802875555895863,-0.0008375608768114856,-1.7842005115749298,9.548413228988647,9.72551284790039,9.728870559934318,9.548413228988647,9.367955898042975,266375.0,237789500.0,-0.6018928203785151,-1.1965834906370512,-1.112055228778559,0.17184234759804345
2018-06-22,PTC,PTC,9.40842594339134,9.750253841143886,9.37587086854947,9.3921480178833,239500,9.40842628479004,-0.016278266906740058,39.373436994839025,-0.06571624721004987,-0.05956625388917688,-0.006149993320872994,-2.368880670004298,9.539867496490478,9.705491428375245,9.733136683541789,9.539867496490478,9.346598309439168,274525.0,237550000.0,-0.1730179566061544,-0.7738693943258914,-2.2862137213899585,0.16592321147104405
2018-06-25,PTC,PTC,9.367732245347057,9.367732245347057,9.221234015161418,9.22937297821045,193500,9.3921480178833,-0.16277503967285156,33.30156102431924,-0.08331900243776147,-0.0643168035988938,-0.019002198838867668,-4.545456338791137,9.528880167007447,9.685307273864746,9.76426736417365,9.528880167007447,9.293492969841244,266900.0,237356500.0,-1.733097044072523,-1.9031164315870215,-3.979688463035892,0.17172598457441832
2018-06-26,PTC,PTC,9.172402494399682,9.278205917474436,9.091014410000628,9.12356948852539,222500,9.22937297821045,-0.1058034896850586,30.05695876754207,-0.10460099499916176,-0.0723736418789474,-0.03222735312021435,-4.999995531400402,9.510567951202393,9.666588096618652,9.807651210937134,9.510567951202393,9.213484691467652,272775.0,237134000.0,-1.1463778735007153,-2.8596070765336963,-4.18803220213504,0.17422143321128428
2018-06-27,PTC,PTC,9.188679955100907,9.196818919049838,9.034043520942843,9.11543083190918,838500,9.12356948852539,-0.008138656616210938,29.81630750226148,-0.12073212422891189,-0.0820453383489403,-0.03868678587997158,-5.084740040211439,9.49306960105896,9.647055053710938,9.838626926256849,9.49306960105896,9.14751227586107,310200.0,236295500.0,-0.08920474192087684,-1.2345599919980978,-3.6973300961825517,0.1742386660461279
2018-06-28,PTC,PTC,9.099152963101004,9.115430113541777,8.977070842011045,9.001487731933594,794500,9.11543083190918,-0.11394309997558594,26.604706564203383,-0.1410840867376919,-0.09385308802669062,-0.04723099871100128,-6.508868823700303,9.47394347190857,9.627196445465088,9.881668737660394,9.47394347190857,9.066218206156744,339625.0,235501000.0,-1.250002353994289,-1.3380920345412801,-4.325256323837248,0.17678212442667846
2018-06-29,PTC,PTC,8.99334869344964,9.522368885227868,8.96893257990545,9.310760498046877,1112500,9.001487731933594,0.309272766113283,44.17979366486168,-0.13075022887954724,-0.10123251619726195,-0.029517712682285285,-1.4642535617251116,9.455224323272706,9.614825496673584,9.856447348667386,9.455224323272706,9.054001297878026,354250.0,236613500.0,3.4357961186361434,2.1428462322804585,-0.8665485220362427,0.1826712779920579
2018-07-02,PTC,PTC,9.359593282298023,9.384009395270883,9.139845937019563,9.22937297821045,16000,9.310760498046877,-0.08138751983642756,41.37217302684001,-0.127656322124313,-0.10651727738267217,-0.021139044741640828,-2.994007954578373,9.434470415115356,9.602291774749755,9.837418014899344,9.434470415115356,9.03152281533137,353900.0,236597500.0,-0.8741232239138818,2.5316398029229314,0.0,0.18413257016096946
2018-07-03,PTC,PTC,9.13170800134572,9.278205459387069,9.13170800134572,9.156124114990234,99500,9.22937297821045,-0.07324886322021484,38.971725920670565,-0.12962076236357056,-0.11113797437885185,-0.01848278798471871,-4.741753088957777,9.413309574127197,9.58552589416504,9.828488855712006,9.413309574127197,8.998130292542388,355975.0,236498000.0,-0.7936493995111855,-1.6608351497074867,0.35681896768350735,0.1845743792090875
2018-07-04,PTC,PTC,9.074736078644897,9.082875041957314,8.708491267502925,8.822434425354004,466000,9.156124114990234,-0.33368968963623047,30.336466567939226,-0.1563018145748405,-0.12017074241804959,-0.0361310721567909,-8.213385238962877,9.373429536819458,9.560784015655518,9.853202584401375,9.373429536819458,8.893656489237541,373425.0,236032000.0,-3.6444426205398415,-4.409167923077583,-3.2142902728143374,0.21904125766009536
2018-07-05,PTC,PTC,8.944515823132653,8.952654786493106,8.789879400155359,8.887544631958008,91500,8.822434425354004,0.0651102066040039,33.43572588418357,-0.1702305790047216,-0.130182709735384,-0.040047869269337594,-6.6666680020126154,9.334363412857055,9.538483772277832,9.83942055005568,9.334363412857055,8.82930627565843,365625.0,236123500.0,0.7380072604097744,-2.9333316112711194,-1.2658251987764473,0.22048712977774676
2018-07-06,PTC,PTC,8.887544379364488,8.993348571520523,8.749185110866152,8.960793495178223,166500,8.887544631958008,0.07324886322021484,36.840048452193756,-0.1733602648509649,-0.1388182207585002,-0.0345420440924647,-5.331042058745682,9.302215242385865,9.518299617767333,9.816834041298865,9.302215242385865,8.787596443472864,370675.0,236290000.0,0.8241743502117013,1.5682640771644731,-3.758737032727529,0.22449724300770701
2018-07-09,PTC,PTC,8.789879151729057,8.903821530858021,8.757324075381604,8.781740188598633,420000,8.960793495178223,-0.17905330657958984,32.468654605954384,-0.1881201370234482,-0.1486786040114898,-0.03944153301195841,-6.660902442361998,9.261114406585694,9.495511054992676,9.804812416304495,9.261114406585694,8.717416396866893,391675.0,235870000.0,-1.9981858378494932,-1.1904800227829102,-4.850088848599238,0.23161813726603755
2018-07-10,PTC,PTC,8.70849054526338,8.928237879428353,8.610825322137014,8.903820991516113,213500,8.781740188598633,0.12208080291748047,37.88086714634148,-0.18780168066347613,-0.15650321934188707,-0.03129846132158906,-5.199311440124017,9.224896812438965,9.475001316070557,9.76210756800849,9.224896812438965,8.68768605686944,390475.0,236083500.0,1.3901664168564043,-0.6357975294572531,-2.755566878577532,0.23948581329539045
2018-07-11,PTC,PTC,8.830573745840669,9.09101437297814,8.81429581855743,8.879405975341797,724500,8.903820991516113,-0.024415016174316406,37.23810348134854,-0.18735962434220887,-0.16267450034195144,-0.024685124000257436,-3.7918827605611627,9.1964111328125,9.45400327682495,9.743881396578272,9.1964111328125,8.648940869046728,422225.0,235359000.0,-0.27420829998244495,1.1121461651753708,0.6457577040648501,0.2330139743607861
2018-07-12,PTC,PTC,8.944515624840129,8.952654588020149,8.814295318656807,8.846850395202637,104500,8.879405975341797,-0.032555580139160156,36.35234176634308,-0.18747515784129476,-0.16763463184182012,-0.01984052599947464,-3.0330134896301315,9.163042163848877,9.432516918182372,9.710303630196604,9.163042163848877,8.61578069750115,414750.0,235254500.0,-0.3666414198153271,-0.6398443585934649,-0.4578794080993074,0.23006401460230885
2018-07-13,PTC,PTC,8.871266170780402,9.034042323485837,8.871266170780402,9.009625434875488,4586500,8.846850395202637,0.16277503967285156,43.578700092278346,-0.17244430305509262,-0.16859656608447463,-0.003847736970617993,-1.1607284283625134,9.132928609848022,9.416402111053467,9.641079380303701,9.132928609848022,8.624777839392344,593150.0,239841000.0,1.8399207899018981,1.4665334583789975,0.5449510662592767,0.23820066642207136
2018-07-16,PTC,PTC,9.156124729636378,9.156124729636378,8.871267205355744,8.920100212097168,122000,9.009625434875488,-0.08952522277832031,40.832777623961036,-0.1658444282954541,-0.16804613852667052,0.0022017102312164305,-0.9041563157131923,9.098338794708251,9.396869068145753,9.561392342320678,9.098338794708251,8.635285247095824,599250.0,239719000.0,-0.9936619832360161,0.8279762132549712,1.5755422106220873,0.23908242373449556
2018-07-17,PTC,PTC,8.920099367548639,9.107290860623271,8.871266365430689,9.05031967163086,50500,8.920100212097168,0.1302194595336914,46.14810647772968,-0.1483957441386874,-0.16411605964907391,0.015720315510386523,-2.7972025106934093,9.074736309051513,9.380591506958007,9.492714057410726,9.074736309051513,8.6567585606923,542000.0,239769500.0,1.4598430111479213,0.45167512289520034,1.645346197484601,0.2464820436332395
2018-07-18,PTC,PTC,8.993348502573065,9.685144063586849,8.993348502573065,9.449119567871094,5478000,9.05031967163086,0.3987998962402344,58.45681699062722,-0.10122090592104627,-0.1515370289034684,0.050316122982422135,2.3809481985335563,9.073922395706177,9.374080467224122,9.488748621540362,9.073922395706177,8.659096169871992,814750.0,245247500.0,4.406473038629928,5.930643638470405,6.41612281397424,0.2959549061429515
2018-07-19,PTC,PTC,9.514230309315744,9.68514466343156,9.44098196570121,9.571202278137209,2189500,9.449119567871094,0.12208271026611506,61.36783215257094,-0.05336825628860353,-0.13190327438049543,0.0785350180918919,4.53333919389992,9.082061195373536,9.371150531768798,9.529616759050647,9.082061195373536,8.634505631696424,906475.0,247437000.0,1.2920009043088079,5.755405614445958,8.187680932497344,0.2984053814973327
2018-07-20,PTC,PTC,9.603757107196646,9.660728298366417,9.40842664360806,9.465397834777832,917000,9.571202278137209,-0.10580444335937678,57.60073230500767,-0.0237089193654878,-0.11026440337749391,0.0865554840120061,7.28782304775282,9.085723686218262,9.36447675704956,9.54500877875572,9.085723686218262,8.626438593680804,940350.0,246520000.0,-1.1054456930772225,0.17227284288038497,5.058727504232172,0.3013680089668245
2018-07-23,PTC,PTC,9.440981018233211,9.522368317250786,9.36773190579545,9.3921480178833,1019500,9.465397834777832,-0.07324981689453125,55.07988414297176,-0.006044650253601347,-0.0894204527527154,0.08337580249911405,5.67764671595381,9.093862438201905,9.358454055786133,9.569348726309787,9.093862438201905,8.618376150094022,981650.0,245500500.0,-0.7738693943258914,-1.8707603815134957,5.291956307239194,0.295685721798526
2018-07-24,PTC,PTC,9.514229326194911,9.59561740114459,9.440980990149248,9.54678440093994,822500,9.3921480178833,0.15463638305663885,59.144836489661635,0.020199427616395482,-0.06749647667889323,0.08769590429528872,6.539497937063688,9.115023183822633,9.357477397918702,9.631940056043316,9.115023183822633,8.59810631160195,1011650.0,246323000.0,1.6464432072642006,0.8598324928623338,5.485604346830964,0.2966410647344844
2018-07-25,PTC,PTC,9.54678440093994,9.54678440093994,9.54678440093994,9.54678440093994,0,9.54678440093994,0.0,59.144836489661635,0.040530834179881126,-0.04589101450713837,0.08642184868701949,8.711760948411646,9.13659086227417,9.356012382507323,9.68839723336525,9.13659086227417,8.58478449118309,969725.0,246323000.0,0.0,1.6464432072642006,1.033586593622182,0.2965252567739282
2018-07-26,PTC,PTC,9.685144777223082,9.685144777223082,9.400288034466106,9.522369384765623,1561500,9.54678440093994,-0.024415016174316406,58.180766138304406,0.054050472400275495,-0.025902717125655596,0.07995318952593108,6.946999426862753,9.162634944915771,9.354221839904785,9.73632753009292,9.162634944915771,8.588942359738622,1008075.0,244761500.0,-0.2557407305847673,-0.2557407305847673,-0.5102064709585228,0.2919283266873746
2018-07-27,PTC,PTC,9.603757312879935,9.929308092499888,9.489814151925811,9.725838661193848,4279500,9.522369384765623,0.20346927642822443,63.51779421903818,0.08025798909827309,-0.004670575880869859,0.08492856497914295,9.532537291375156,9.18338885307312,9.35845401763916,9.807463387813183,9.18338885307312,8.559314318333058,1166425.0,249041000.0,2.1367505103692475,1.875545238418488,2.7515042786590764,0.2766490435596081
2018-07-30,PTC,PTC,9.782810013358263,9.929307466869524,9.685144009451784,9.74211597442627,2506500,9.725838661193848,0.016277313232421875,63.91455076030093,0.10117479794745954,0.01649849888479602,0.08467629906266352,10.119596683912578,9.209026002883911,9.36545337677002,9.881318867589997,9.209026002883911,8.536733138177826,1290950.0,251547500.0,0.16736153867499828,2.307688147576046,3.7261759064764046,0.27357564988320004
2018-07-31,PTC,PTC,9.73397706579538,9.88861348319194,9.611895724491474,9.628172874450684,1269000,9.74211597442627,-0.11394309997558594,59.07158267498028,0.10732014393725997,0.034662827895288816,0.07265731604197115,6.865406825691678,9.232628440856933,9.368383350372314,9.929786286658993,9.232628440856933,8.535470595054873,1349425.0,250278500.0,-1.1695929331440365,-1.004188843198182,0.8525223791869728,0.2758571258707626
2018-08-01,PTC,PTC,9.68514411794227,9.76653219671795,9.644450854728673,9.693283081054688,718000,9.628172874450684,0.0651102066040039,60.8950152665736,0.11610582871320929,0.050951428058872913,0.06515440065433638,8.66787200337674,9.276170873641968,9.37131332397461,9.974237789820691,9.276170873641968,8.578103957463245,1362025.0,250996500.0,0.6762467547376546,-0.5012555126604094,1.5345342888472917,0.23409677708472504
2018-08-02,PTC,PTC,9.774671304712998,9.799087418237908,9.644450997681146,9.668867111206056,692500,9.693283081054688,-0.024415969848631036,59.818768597315014,0.1197183439347782,0.06470481123405397,0.05501353270072423,6.834536922647014,9.31523699760437,9.370825004577636,10.009168509603894,9.31523699760437,8.621305485604845,1392075.0,250304000.0,-0.2518854514457699,0.4226579361008264,1.538458765050722,0.23529499715352964
2018-08-03,PTC,PTC,9.668866825297473,9.799087128478709,9.668866825297473,9.71769905090332,768000,9.668867111206056,0.04883193969726385,61.29224354282448,0.12507977590547803,0.07677980416833878,0.04829997173713925,2.8423757483760794,9.353082275390625,9.37391773223877,10.048180857995602,9.353082275390625,8.657983692785647,1422150.0,251072000.0,0.505043032814759,0.2518854514457883,-0.0836905749115954,0.23486272433311325
2018-08-06,PTC,PTC,9.766532394745573,9.88861373921019,9.725838354532614,9.73397731781006,1303500,9.71769905090332,0.016278266906740058,61.7951953463625,0.12915346867388244,0.08725453706944752,0.04189893160443492,1.7006749511988328,9.400694131851196,9.37961488723755,10.060571499006775,9.400694131851196,8.740816764695618,1466325.0,252375500.0,0.16751153561631332,0.6734005737708636,-0.08354095391159067,0.21725108819972355
2018-08-07,PTC,PTC,9.766532702689911,9.847920785682042,9.677006432337995,9.725838661193848,3302500,9.73397731781006,-0.008138656616212714,61.36587198282586,0.13022403634158053,0.09584843692387413,0.034375599417706404,2.7515042786590764,9.441795015335083,9.384335384368896,10.073148041681009,9.441795015335083,8.810441988989158,1620775.0,249073000.0,-0.08361080317417197,0.08376067470180316,1.0143750846261803,0.21575881507470202
2018-08-08,PTC,PTC,9.71769979235212,9.79908787613732,9.587479479235231,9.636312484741213,1475000,9.725838661193848,-0.08952617645263494,56.69938402560706,0.12243707629193956,0.10116616479748722,0.021270911494452344,2.5996658740152503,9.479640340805053,9.387753677368163,10.057529749058155,9.479640340805053,8.901750932551952,1658300.0,247598000.0,-0.9204982682865684,-1.0033394354654217,-0.5877327200401542,0.21982193511861034
2018-08-09,PTC,PTC,9.903000678234466,9.911889621332325,9.725208251843386,9.84966278076172,1425500,9.636312484741213,0.2133502960205078,63.770030241318345,0.13196028418298056,0.10732498867458588,0.024635295508394675,3.1725696014666536,9.529780960083007,9.39706672668457,10.04736719100645,9.529780960083007,9.012194729159566,1724350.0,249023500.0,2.2140242583284953,1.2731459350845682,1.869874386277632,0.22657464854436335
2018-08-10,PTC,PTC,9.849662787760243,9.858552578641538,9.680760999901253,9.69853973388672,501500,9.84966278076172,-0.151123046875,56.70652600715757,0.12586226629353447,0.11103244419837562,0.01482982209515886,1.589596314040984,9.56422667503357,9.397334651947022,10.024590664516497,9.56422667503357,9.103862685550643,1520100.0,248522000.0,-1.5342966580558706,0.6457579000685443,-0.1971589870836637,0.23263059258041596
2018-08-13,PTC,PTC,9.69853973388672,9.814104472012186,9.645202684153192,9.69853973388672,101000,9.69853973388672,0.0,56.706526007157564,0.11965028912894304,0.1127560131844891,0.006894275944453937,1.8500684231273754,9.603148651123046,9.398416423797608,9.952443868270342,9.603148651123046,9.25385343397575,1519050.0,248522000.0,0.0,-1.5342966580558706,-0.36406067906589856,0.22746994231947454
2018-08-14,PTC,PTC,9.69853973388672,9.69853973388672,9.69853973388672,9.69853973388672,0,9.69853973388672,0.0,56.706526007157564,0.11341981939453127,0.11288877442649754,0.0005310449680337309,-0.2806845585054789,9.63555965423584,9.400800399780275,9.870418658782155,9.63555965423584,9.400700649689524,1516525.0,248522000.0,0.0,0.0,-0.2806845585054789,0.22457809868575507
2018-08-15,PTC,PTC,9.805214632909522,9.805214632909522,9.600754530307992,9.64520263671875,222000,9.69853973388672,-0.053337097167970526,54.0666369936437,0.10299105251349161,0.11090923004389636,-0.007918177530404746,-0.9947873538143436,9.645363807678223,9.401303749084473,9.863207172406355,9.645363807678223,9.42752044295009,1253725.0,248300000.0,-0.5499497721457034,-0.5499497721457034,0.09225678382280102,0.16772823931330222
2018-08-16,PTC,PTC,9.680760615377428,9.680760615377428,9.414072833971384,9.511857986450195,407000,9.64520263671875,-0.1333446502685547,48.04478859955796,0.08300949892415055,0.1053292838199472,-0.022319784895796654,-1.2080681300305838,9.642396593093872,9.398163566589357,9.866032815318347,9.642396593093872,9.418760370869398,1164600.0,247893000.0,-1.3824971365652705,-1.9248438688585123,-3.429607711761693,0.16954585300082156
2018-08-17,PTC,PTC,9.556306470894487,9.76076657450154,9.511858364265136,9.69853973388672,373500,9.511857986450195,0.1866817474365252,55.514883764975174,0.08130044962345906,0.10052351698064958,-0.019223067357190524,0.054229849557442936,9.654053688049316,9.40005922317505,9.862642048242373,9.654053688049316,9.44546532785626,1137425.0,248266500.0,1.9626212639261076,0.5529909445854374,0.0,0.17837815138405813
2018-08-20,PTC,PTC,9.725207507349046,9.751876877932355,9.627422358541398,9.654090881347656,129000,9.69853973388672,-0.044448852539064276,53.54097676084529,0.07548917262266741,0.09551664810905316,-0.020027475486385754,-0.15282276287854665,9.667150831222534,9.401065902709963,9.835513198670581,9.667150831222534,9.498788463774487,1092900.0,248137500.0,-0.4583045876871534,1.495321892947457,-0.4583045876871534,0.17660563815225125
2018-08-21,PTC,PTC,9.654090881347656,9.654090881347656,9.654090881347656,9.654090881347656,0,9.654090881347656,0.0,53.54097676084529,0.07007590234999483,0.0904284989572415,-0.02035259660724667,-0.6545599860879752,9.67251615524292,9.401584262847901,9.831294194878705,9.67251615524292,9.513738115607136,1051775.0,248137500.0,0.0,-0.4583045876871534,-0.4583045876871534,0.16745471462050251
2018-08-22,PTC,PTC,9.654090881347656,9.654090881347656,9.654090881347656,9.654090881347656,0,9.654090881347656,0.0,53.54097676084529,0.06503615040017863,0.08535002924582893,-0.020313878845650307,-0.8206967599589279,9.677881479263306,9.405683689117433,9.825640169827137,9.677881479263306,9.530122788699474,1051775.0,248137500.0,0.0,0.0,0.0921519740297544,0.16745471462050251
2018-08-23,PTC,PTC,9.654090881347656,9.654090881347656,9.654090881347656,9.654090881347656,0,9.654090881347656,0.0,53.54097676084529,0.06034647408166016,0.0803493182129952,-0.020002844131335032,-0.7377027559840722,9.684467554092407,9.408480911254884,9.813610028582241,9.684467554092407,9.555325079602573,973700.0,248137500.0,0.0,0.0,1.495321892947457,0.1670584006443917
2018-08-24,PTC,PTC,9.654091976132364,9.68965029316541,9.46741059976458,9.529638290405272,353000,9.654090881347656,-0.12445259094238459,47.218187748796495,0.04605667513492051,0.07349078959738026,-0.027434114462459747,-1.1070022324914865,9.674657535552978,9.406835746765138,9.819429771931485,9.674657535552978,9.52988529917447,777375.0,247784500.0,-1.2891176649562648,-1.2891176649562648,-1.7415141672442382,0.15476020171474247
2018-08-27,PTC,PTC,9.55630609131405,9.600754196177904,9.511857986450195,9.511857986450195,113500,9.529638290405272,-0.01778030395507635,46.375568133242524,0.03291772948923466,0.06537617757575115,-0.03245844808651649,-3.429607711761693,9.663144636154176,9.404834976196291,9.82132998192909,9.663144636154176,9.504959290379261,657725.0,247671000.0,-0.18657900135599162,-1.4732914434466773,-1.4732914434466773,0.15446694468655672
2018-08-28,PTC,PTC,9.511857936617751,9.547416250767128,9.440741308318998,9.458520889282228,147500,9.511857986450195,-0.053337097167966974,43.84775761370587,0.0179937417649505,0.055899690413591024,-0.037905948648640525,-2.474793641004179,9.654662036895752,9.403558006286623,9.837082102186855,9.654662036895752,9.47224197160465,601650.0,247523500.0,-0.5607432033147108,-0.7462759756017863,-2.0257732651272438,0.15041264380788125
2018-08-29,PTC,PTC,9.431850768516869,9.636311694465045,9.378513725418744,9.414072036743164,314000,9.458520889282228,-0.044448852539064276,41.80283502857102,0.0025503244933506863,0.04522981722954296,-0.04267949273619227,-2.9330982286913323,9.640701484680175,9.402531490325929,9.851244718798645,9.640701484680175,9.430158250561705,581450.0,247209500.0,-0.4699344967290899,-1.0280425742933612,-2.4861879544579852,0.14820925665386941
2018-08-30,PTC,PTC,9.547416825521408,9.547416825521408,9.334066927781484,9.42296314239502,1227000,9.414072036743164,0.008891105651855469,42.38169017395714,-0.008869020490726243,0.03441004968548912,-0.043279070176215365,-2.841423544709888,9.628406286239624,9.402822227478028,9.859719880122675,9.628406286239624,9.397092692356573,608175.0,248436500.0,0.0944448440287417,-0.3759334816028212,-2.3940911867650927,0.14837817172044215
2018-08-31,PTC,PTC,9.502967228767911,9.502967228767911,9.342955254431,9.36073398590088,256000,9.42296314239502,-0.06222915649413885,39.42590689588721,-0.022678878526322777,0.022992264043126744,-0.04567114256944952,-2.949327883842616,9.610558032989502,9.40219394683838,9.866624413594804,9.610558032989502,9.3544916523842,582575.0,248180500.0,-0.6603990226191436,-0.5665778914172819,-1.7724104457820706,0.1475837618561821
2018-09-03,PTC,PTC,9.36073488974392,9.36073488974392,9.236281214106912,9.307397842407228,275000,9.36073398590088,-0.053336143493652344,37.04142318616706,-0.037494854205826655,0.010894840393336064,-0.048389694599162716,-2.1495289809228013,9.58922905921936,9.403754444122315,9.871711564465791,9.58922905921936,9.306746553972928,531150.0,247905500.0,-0.5697859118097698,-1.2264220738363,-2.1495289809228013,0.14758269053667544
2018-09-04,PTC,PTC,9.467409623884436,9.50296793725221,9.334066160699557,9.351845741271973,291000,9.307397842407228,0.04444789886474432,40.282777996036636,-0.04512981923952353,-0.00031009153323585496,-0.04481972770628767,-3.574703018469866,9.570529413223266,9.408319969177247,9.864227381422038,9.570529413223266,9.276831445024493,380575.0,248196500.0,0.4775545175712452,-0.09495243260085676,-1.1278206102090753,0.1495996556036004
2018-09-05,PTC,PTC,9.556305461241717,9.556305461241717,9.30739727730322,9.342955589294434,194500,9.351845741271973,-0.008890151977539062,39.840959299006414,-0.05130651542949494,-0.010509376312487672,-0.04079713911700726,-3.222833676181324,9.555861568450927,9.412870464324952,9.86464095756516,9.555861568450927,9.247082179336696,316550.0,248002000.0,-0.09506307335999627,0.3820374662098761,-0.7554270582502732,0.14711468870316693
2018-09-06,PTC,PTC,9.3962930433611,9.3962930433611,9.067378431147288,9.10293674468994,393000,9.342955589294434,-0.24001884460449396,30.207869429400688,-0.07470792010029115,-0.02334908507004837,-0.05135883503024278,-5.709021630639328,9.51852526664734,9.41489944458008,9.856889484271388,9.51852526664734,9.18016104902329,264925.0,247609000.0,-2.56898197053958,-2.6616028906843168,-3.3962395147789923,0.14307048481895834
2018-09-07,PTC,PTC,9.23628065293811,9.23628065293811,8.862917953157323,8.916254997253418,1046500,9.10293674468994,-0.18668174743652166,25.12038282577491,-0.10708297289884072,-0.04009586263580685,-0.06698711026303387,-7.642727763416709,9.479411029815674,9.40700933456421,9.900825922621088,9.479411029815674,9.05799613701026,292175.0,246562500.0,-2.0507859460346096,-4.567083595366201,-4.748334792089339,0.14957823146674343
2018-09-10,PTC,PTC,9.040710456005764,9.049600246874617,8.800691189209465,8.88958740234375,667500,8.916254997253418,-0.02666759490966797,24.48597681018738,-0.1333550534842427,-0.05874770080549402,-0.07460735267874868,-7.918958795809325,9.438963413238525,9.400213623046875,9.922526778761872,9.438963413238525,8.955400047715179,320500.0,245895000.0,-0.29908963929231175,-2.343741897038269,-4.489014514452275,0.1488516419699134
2018-09-11,PTC,PTC,8.916255032069463,9.334065835413146,8.916255032069463,9.094046592712402,1219000,8.88958740234375,0.20445919036865234,37.51530848274557,-0.13610874185098432,-0.07421990901459208,-0.06188883283639224,-4.570915331922264,9.40873875617981,9.39897207260132,9.899501086741367,9.40873875617981,8.917976425618253,381450.0,247114000.0,2.2999851524576544,1.9940164958690803,-2.756665964044294,0.17733464857791603
2018-09-12,PTC,PTC,9.227392031443312,9.227392031443312,8.951814442794193,8.996262550354004,245500,9.094046592712402,-0.09778404235839844,34.45352661724398,-0.14451552965578607,-0.08827903314283088,-0.05623649651295519,-5.420554394637367,9.376291751861572,9.402448635101319,9.88664595311582,9.376291751861572,8.865937550607324,382625.0,246868500.0,-1.0752533689101458,1.2000011157112744,-3.7107426619654036,0.1792266523821075
2018-09-13,PTC,PTC,8.93403570843655,9.111827290898658,8.93403570843655,8.996262550354004,277000,8.996262550354004,0.0,34.45352661724398,-0.1494551436948086,-0.10051425525322644,-0.048940888441582175,-4.887215922439047,9.350511980056762,9.40462299346924,9.883614865032836,9.350511980056762,8.817409095080688,376125.0,246868500.0,0.0,-1.0752533689101458,-1.1718657102408463,0.17525176186156205
2018-09-14,PTC,PTC,9.07626860992624,9.07626860992624,8.934035349668283,8.987372398376465,166000,8.996262550354004,-0.008890151977539062,34.15956634669719,-0.1523312050661012,-0.1108776452158014,-0.041453559850299804,-4.532572479807767,9.31495361328125,9.405154571533204,9.845177567503729,9.31495361328125,8.784729659058772,365750.0,246702500.0,-0.0988205038234376,-0.0988205038234376,0.7976151550729991,0.15442009767057033
2018-09-17,PTC,PTC,9.07626816729896,9.11182648062936,8.81847018370931,8.898476600646973,1345500,8.987372398376465,-0.08889579772949219,31.285148464861763,-0.15993996402127664,-0.12069010897689644,-0.039249855044380194,-5.566046834974025,9.277172899246215,9.407489299774172,9.813298221624056,9.277172899246215,8.741047576868375,426575.0,245357000.0,-0.9891188857997125,-1.08696193735679,0.09999562297884612,0.15593947815735681
2018-09-18,PTC,PTC,8.97848345544317,9.067378819215843,8.907366825314192,8.987372398376465,257000,8.898476600646973,0.08889579772949219,36.99466778017822,-0.15698716208441788,-0.12794951959840073,-0.029037642486017146,-3.988593074931649,9.243836975097656,9.409160327911378,9.763955525237137,9.243836975097656,8.723718424958175,439425.0,245614000.0,0.9990001853017059,0.0,-1.173011301937048,0.16321800755525162
2018-09-19,PTC,PTC,9.0673785864786,9.0673785864786,8.934035120353636,9.005151748657227,110000,8.987372398376465,0.01777935028076172,38.1024182783822,-0.15146639003645568,-0.13265289368601174,-0.018813496350443937,-3.2473748180493596,9.211390018463135,9.411675243377687,9.703986143044945,9.211390018463135,8.718793893881324,444925.0,245724000.0,0.1978258994138653,1.1988023658172904,0.09880990303993367,0.16393356573579898
2018-09-20,PTC,PTC,9.005151748657227,9.005151748657227,9.005151748657227,9.005151748657227,0,9.005151748657227,0.0,38.10241827838221,-0.14541488612381848,-0.1352052921735731,-0.010209593950245371,-3.7072253136586832,9.178943061828614,9.414841270446779,9.63271927477337,9.178943061828614,8.725166848883857,444925.0,245724000.0,0.0,0.1978258994138653,0.09880990303993367,0.16393356573579898
2018-09-21,PTC,PTC,9.005151748657227,9.005151748657227,9.005151748657227,9.005151748657227,0,9.005151748657227,0.0,38.10241827838221,-0.13901652965524036,-0.13596753966990655,-0.0030489899853338165,-3.615599340151819,9.15271873474121,9.414751796722413,9.581068816573557,9.15271873474121,8.724368652908863,427275.0,245724000.0,0.0,0.0,0.1978258994138653,0.16040643302341934
2018-09-24,PTC,PTC,8.987372558569769,9.02293087426806,8.871807820606046,8.88958740234375,396000,9.005151748657227,-0.11556434631347656,33.343215990290645,-0.14163814660480512,-0.13710166105688626,-0.004536485547918856,-2.343741897038269,9.12160520553589,9.414141540527345,9.530053895054863,9.12160520553589,8.713156516016916,441400.0,245328000.0,-1.2833137024116064,-1.2833137024116064,-0.09989573161968374,0.16425723670062725
2018-09-25,PTC,PTC,8.934034781627819,8.934034781627819,8.845138575730209,8.871807098388672,353500,8.88958740234375,-0.017780303955078125,32.66714423608886,-0.143496381890996,-0.1383806052237082,-0.005115776667287797,-0.49850412396727006,9.09226951599121,9.410571289062501,9.482713080109122,9.09226951599121,8.7018259518733,451700.0,244974500.0,-0.20001270194374068,-1.4807596139447392,-1.2858630405553173,0.16409178918768916
2018-09-26,PTC,PTC,8.862918877514312,8.92514571804204,8.862918877514312,8.88958740234375,1136500,8.871807098388672,0.017780303955078125,34.105995461337514,-0.1418986060089349,-0.13908420538075356,-0.002814400628181335,0.0,9.06604528427124,9.399380645751954,9.435365658631733,9.06604528427124,8.696724909910747,492825.0,246111000.0,0.20041355450917597,0.0,-1.2833137024116064,0.16497297063614083
2018-09-27,PTC,PTC,8.889586810370107,8.93403491397737,8.800690603155582,8.898476600646973,593500,8.88958740234375,0.008889198303222656,34.855500753504856,-0.13832059933061025,-0.1389314841707249,0.0006108848401146505,-2.150527711416736,9.039820957183839,9.38592613220215,9.375371693646992,9.039820957183839,8.704270220720685,461150.0,246704500.0,0.09999562297884612,0.3006095822703876,-1.1846013369642594,0.16498984516616783
2018-09-28,PTC,PTC,8.88958740234375,8.934035508910894,8.880697611474899,8.88958740234375,429500,8.898476600646973,-0.008889198303222656,34.43370976185423,-0.13465012445490565,-0.13807521222756106,0.003425087772655405,-1.1857718403967237,9.016263628005982,9.374409923553468,9.321760256761342,9.016263628005982,8.710766999250621,469825.0,246275000.0,-0.09989573161968374,0.0,-1.2833137024116064,0.1644782455656711
2018-10-01,PTC,PTC,8.889587015934882,8.898476806417317,8.711795445171601,8.854028701782227,243000,8.88958740234375,-0.03555870056152344,32.72759576225462,-0.13307651342095816,-0.1370754724662405,0.00399895904528233,-1.5810326541234665,8.993595170974732,9.363647537231447,9.27441830878569,8.993595170974732,8.712772033163775,468225.0,246032000.0,-0.40000394790143295,-0.49950009265085293,-0.40000394790143295,0.1641543132971796
2018-10-02,PTC,PTC,8.969593824609182,8.969593824609182,8.800691189209465,8.88958740234375,503500,8.854028701782227,0.03555870056152344,36.13535882991256,-0.127490494321977,-0.1351584768373878,0.007667982515410787,-1.0880265298718381,8.97048225402832,9.350503597259523,9.19823224215672,8.97048225402832,8.742732265899921,478850.0,246535500.0,0.40161040537812837,0.0,0.20041355450917597,0.16373298740511627
2018-10-03,PTC,PTC,8.934035095763129,9.147384980086663,8.934035095763129,9.129606246948242,593500,8.88958740234375,0.2400188446044922,53.323093781359276,-0.10251429808712409,-0.12862964108733504,0.026115343000210955,2.5974069121501655,8.95981478691101,9.342160034179688,9.12568787329356,8.95981478691101,8.793941700528462,498800.0,247129000.0,2.699999828352112,3.1124537139860937,2.699999828352112,0.19438765645023884
2018-10-04,PTC,PTC,9.111826716895424,9.111826716895424,8.80958062186139,8.880697250366211,130000,9.129606246948242,-0.24890899658203125,40.99995175573599,-0.10163378739585305,-0.12323047034903865,0.021596682953185606,-1.186944785213578,8.948702812194824,9.3293265914917,9.103620178203402,8.948702812194824,8.793785446186247,485650.0,246999000.0,-2.7263935579394145,-0.10000635097187034,-0.19980218051558457,0.19709196431917544
2018-10-05,PTC,PTC,8.889586248290192,8.889586248290192,8.622898491286083,8.658456802368164,398500,8.880697250366211,-0.22224044799804688,33.54561418858741,-0.11751429153905057,-0.12208723458704104,0.004572943047990469,-3.8499622878732582,8.93581290245056,9.307978954315187,9.13783634764752,8.93581290245056,8.733789457253602,453250.0,246600500.0,-2.5025112525807858,-5.16067650494313,-2.6000149333662894,0.20352026858178918
2018-10-08,PTC,PTC,8.871807779486936,8.871807779486936,8.000628625028012,8.053966522216797,806500,8.658456802368164,-0.6044902801513672,21.88847264811301,-0.17683853460874133,-0.13303749459138112,-0.04380104001736021,-10.56267848659255,8.894031858444214,9.274215965270997,9.337574326036538,8.894031858444214,8.450489390851889,460200.0,245794000.0,-6.9815013685352545,-9.309299763769365,-9.036137181308044,0.31705991452638005
2018-10-09,PTC,PTC,8.133971957718614,8.43621805849104,8.133971957718614,8.329543113708496,462000,8.053966522216797,0.2755765914916992,33.27256562839956,-0.19931907063142518,-0.14629380979938994,-0.05302526083203524,-7.502468073894164,8.855806684494018,9.248243370056153,9.355045155765579,8.855806684494018,8.356568213222458,422350.0,246256000.0,3.421625738467171,-3.7987564778253233,-6.300003175485935,0.33220826212890314
2018-10-10,PTC,PTC,8.356211627937975,9.102937088297312,8.16064131995975,8.782912254333496,1080500,8.329543113708496,0.453369140625,46.9664916524332,-0.17849438455225908,-0.15273392474996378,-0.0257604598022953,-1.2000011157112744,8.845139169692994,9.23003595352173,9.340846070240989,8.845139169692994,8.349432269144998,464100.0,247336500.0,5.4429052642618485,9.050766850171389,-3.797469280021092,0.390526119960981
2018-10-11,PTC,PTC,8.75624389560065,8.774022629490538,8.445107998644989,8.534004211425781,662500,8.782912254333496,-0.24890804290771484,41.88434767738243,-0.1800005355250125,-0.15818724690497354,-0.02181328862003895,-3.8075995478333104,8.822026252746582,9.207338695526124,9.330993808515348,8.822026252746582,8.313058696977816,483375.0,246674000.0,-2.8340035252532942,2.454649611943176,-3.9038943583639583,0.4024264105289863
2018-10-12,PTC,PTC,8.578450548365842,9.040709448717244,8.409548779561767,8.71179485321045,1669500,8.534004211425781,0.17779064178466797,46.34998399373074,-0.1649465509251158,-0.159539107709002,-0.0054074432161137775,-2.0000090115141407,8.808247375488282,9.187220611572267,9.31327313518958,8.808247375488282,8.303221615786985,558550.0,248343500.0,2.083320295842277,-0.8097246000375046,0.6160226014836354,0.4107569052209798
2018-10-15,PTC,PTC,8.711796231667535,8.711796231667535,8.240648314665608,8.293985366821289,736000,8.71179485321045,-0.41780948638916016,38.8039282490282,-0.1846019174499709,-0.1645516696571958,-0.02005024779277509,-6.793199116596356,8.778022813796998,9.15842077255249,9.330442553757521,8.778022813796998,8.225603073836474,528075.0,247607500.0,-4.795905934759127,-2.812499720625192,2.98013213666089,0.4424044296323394
2018-10-16,PTC,PTC,8.409549301445562,8.569562138078435,8.24953646481269,8.347322463989258,363500,8.293985366821289,0.05333709716796875,40.143655447217526,-0.1936428844124567,-0.170369912608248,-0.023272971804208703,-6.1000012015352185,8.746020317077637,9.130850448608399,9.32106966050757,8.746020317077637,8.170970973647703,533400.0,247971000.0,0.6430816405986796,-4.183665884727267,0.21344928572974228,0.4411822886771187
2018-10-17,PTC,PTC,8.356211456294103,8.605120503152472,8.26731609479647,8.551782608032227,1184000,8.347322463989258,0.20446014404296875,45.10489732280029,-0.18220929564844113,-0.17273778921628663,-0.009471506432154497,-3.41365613248081,8.723351860046387,9.109159851074219,9.291087956995506,8.723351860046387,8.155615763097268,587100.0,249155000.0,2.449409914676466,3.1082432607394335,-2.6315832335365754,0.4518759072993137
2018-10-18,PTC,PTC,8.534004235212041,8.685127288694337,8.445108022183474,8.560672760009766,234000,8.551782608032227,0.008890151977539062,45.317132173011075,-0.17046571061120908,-0.17228337349527112,0.0018176628840620435,-3.6999989701126696,8.701127910614014,9.08338005065918,9.257093745185381,8.701127910614014,8.145162076042647,598800.0,249389000.0,0.10395671154209445,2.555912952218044,0.31249748562672486,0.45195780761774157
2018-10-19,PTC,PTC,8.5340036738695,8.791801657362587,8.489555570278887,8.747353553771973,355000,8.560672760009766,0.18668079376220703,49.71364543468268,-0.1444303517706782,-0.16671276915035255,0.022282417379674346,-4.186957058570246,8.68823800086975,9.064356327056885,9.226187101235018,8.68823800086975,8.150288900504483,616550.0,249744000.0,2.1806790073119684,2.286902681039353,0.4081673313096833,0.4598855319721496
2018-10-22,PTC,PTC,8.756243525296945,9.156274770338864,8.72068521124382,8.978483200073242,1027000,8.747353553771973,0.23112964630126953,54.582441540650215,-0.10394865608787462,-0.15415994653785697,0.05021129044998235,1.1011066693327358,8.692682790756226,9.049955196380616,9.239039997086355,8.692682790756226,8.146325584426098,648100.0,250771000.0,2.6422808324879408,4.880579503228201,8.252942379066317,0.4675894642133414
2018-10-23,PTC,PTC,8.898476597313822,9.022930270035069,8.694015659907823,8.747353553771973,760500,8.978483200073242,-0.23112964630126953,49.42856382707093,-0.08948532035942236,-0.14122502130217005,0.051739700942747685,1.026704335806059,8.68646011352539,9.03093147277832,9.227031619253138,8.68646011352539,8.145888607797643,668450.0,250010500.0,-2.574261611353063,0.0,4.792328216724199,0.4770516222530584
2018-10-24,PTC,PTC,8.898476307963522,9.316286263909072,8.898476307963522,9.245169639587402,846500,8.747353553771973,0.4978160858154297,58.51459873597092,-0.03742204682781569,-0.12046442640729918,0.08304237957948349,14.790266561012913,8.704239225387573,9.022930812835693,9.294084357336846,8.704239225387573,8.1143940934383,653950.0,250857000.0,5.691047958165186,2.970283883941384,8.108099367539054,0.5185359518922252
2018-10-25,PTC,PTC,9.334066206605725,9.42296241435089,8.88958686343402,9.10293674468994,871000,9.245169639587402,-0.1422328948974627,55.4492452712235,-0.007551484573188105,-0.09788183804047697,0.09033035346728886,9.28494661020023,8.714462232589721,9.014752388000488,9.325199222226498,8.714462232589721,8.103725242952944,667825.0,249986000.0,-1.5384563014228299,4.065037370812968,6.334361794709642,0.5224003519266732
2018-10-26,PTC,PTC,9.031819979946974,9.751876877932355,8.92514504094489,9.654090881347656,1307000,9.10293674468994,0.5511541366577166,63.441395576737776,0.059904146152542026,-0.06632464120187317,0.1262287873544152,9.919017767532857,8.752687406539916,9.013863410949707,9.491784769108493,8.752687406539916,8.01359004397134,711700.0,251293000.0,6.054684901322906,4.423079918504377,10.36584747605962,0.5624047915057582
2018-10-29,PTC,PTC,9.867441570303477,10.445264366352584,9.867441570303477,10.054122924804688,3186500,9.654090881347656,0.40003204345703125,67.93728176195361,0.14398271903505666,-0.02426316915448721,0.16824588818954386,17.812490780631325,8.81269211769104,9.021864051818847,9.753711874943589,8.81269211769104,7.871672360438491,858875.0,254479500.0,4.143653176395094,10.44922322095238,11.980194212789424,0.5760109982092675
2018-10-30,PTC,PTC,10.045233521200206,10.160798254412557,9.796325321545885,9.938558578491213,1213500,10.054122924804688,-0.11556434631347479,65.43381565813547,0.19899660783783268,0.020388786243976772,0.1786078215938559,14.081641566992129,8.865140676498413,9.027553405761719,9.93263718191824,8.865140676498413,7.797644171078586,894375.0,253266000.0,-1.1494224526374563,2.946602643788727,13.617890455629029,0.5796969897457185
2018-10-31,PTC,PTC,9.91188983132536,9.965227729928126,9.64520288164296,9.805214881896973,425500,9.938558578491213,-0.13334369659424006,62.56881462178836,0.22919378585712735,0.062149786166606893,0.16704399969052047,18.220788297036382,8.89892110824585,9.030575885772706,10.041755246459713,8.89892110824585,7.756086970031985,885975.0,252840500.0,-1.3416804412947692,-2.4756813176973385,6.057706501257496,0.5782388015994431
2018-11-01,PTC,PTC,9.778545610127502,9.867441818421309,9.422962472506422,9.76076602935791,1255000,9.805214881896973,-0.0444488525390625,61.60058114714261,0.24669487115850686,0.09905880316498689,0.14763606799351997,16.93289760239064,8.942924547195435,9.03270938873291,10.148835460962873,8.942924547195435,7.737013633427997,942225.0,251585500.0,-0.4533184950502907,-1.7889168507601985,7.226561088120328,0.5673579168203664
2018-11-02,PTC,PTC,9.64520283580755,9.938559157285832,9.556306621151103,9.751877784729004,165500,9.76076602935791,-0.00888824462890625,61.39598273924317,0.2568861763540511,0.13062427780279973,0.12626189855125136,14.033275069101883,8.997595596313477,9.037154178619385,10.247543413933064,8.997595596313477,7.74764777869389,930575.0,251420000.0,-0.09106093314984359,-0.5439666321484007,1.0129063894589851,0.5565937635224305
2018-11-05,PTC,PTC,9.76076652649876,9.76076652649876,9.600754530307992,9.64520263671875,197000,9.751877784729004,-0.1066751480102539,58.86881163120195,0.25343364096678833,0.15518615043559747,0.09824749053119086,12.66874586977843,9.077157402038575,9.039821071624756,10.275719064406305,9.077157402038575,7.878595739670844,900100.0,251223000.0,-1.0938934056095568,-1.1839582292165878,-4.0671900586881,0.48395375788466144
2018-11-06,PTC,PTC,9.64520149614108,9.680759807509371,9.53852571425918,9.565195083618164,85500,9.64520263671875,-0.08000755310058594,56.974600438957864,0.24145816153037813,0.1724405526545536,0.06901760887582453,9.349588133356374,9.138940000534058,9.041954555511474,10.302104888411169,9.138940000534058,7.975775112656947,881275.0,251137500.0,-0.8295061919798516,-1.914325684056218,-3.756716750465936,0.47864569969087806
2018-11-07,PTC,PTC,9.778546495348593,10.080792613576438,9.66298175321576,10.009675979614258,2300000,9.565195083618164,0.44448089599609375,63.92025772623074,0.2647811689285451,0.1909086759093519,0.07387249301919319,11.485155750278663,9.200278186798096,9.053866634368896,10.41273133902775,9.200278186798096,7.987825034568441,942250.0,253437500.0,4.6468565681146865,3.7788044131699015,2.085228117690461,0.46900146313662905
2018-11-08,PTC,PTC,10.0096752309852,10.15190848827186,9.796325345055209,10.116350173950195,2162500,10.009675979614258,0.1066741943359375,65.36533280876307,0.288546353544465,0.21043621143637453,0.07811014210809047,15.650409141035501,9.279395484924317,9.067734375,10.515073735355893,9.279395484924317,8.04371723449274,1017250.0,255600000.0,1.0657107637968557,5.762089382536142,3.642994243717944,0.4501099786087332
2018-11-09,PTC,PTC,10.045233545306864,10.214135326390505,9.911889230767809,10.116350173950195,609000,10.116350173950195,0.0,65.36533280876307,0.30387752264759804,0.22912447367861924,0.0747530489689788,9.423088686576794,9.349623250961304,9.082846698760987,10.608901440218554,9.349623250961304,8.090345061704054,964225.0,255600000.0,0.0,1.0657107637968557,3.7374585414917583,0.44886893758138946
2018-11-12,PTC,PTC,10.089681650153215,10.134128907222484,9.956337335614158,10.116350173950195,1865500,10.116350173950195,0.0,65.36533280876306,0.3124261306611924,0.24578480507513387,0.06664132558605854,11.132818536297256,9.440741491317748,9.099025745391845,10.64073364547646,9.440741491317748,8.240749337159036,1020700.0,255600000.0,0.0,0.0,4.884786302340739,0.39928806041101367
2018-11-13,PTC,PTC,10.045233950949113,10.22302552973694,9.95633773766664,10.178577423095703,1629000,10.116350173950195,0.06222724914550781,66.34735537261695,0.32052734335967514,0.26073331273204214,0.059794030627633,5.432790598246695,9.53230423927307,9.11556037902832,10.65817910511954,9.53230423927307,8.406429373426601,1083975.0,257229000.0,0.6151156106255024,0.6151156106255024,6.412648504451818,0.3993250020661254
2018-11-14,PTC,PTC,10.17857698764218,10.196356568648888,9.867441950018549,9.938558578491213,962000,10.178577423095703,-0.2400188446044904,59.356531158703554,0.30407491164947054,0.26940163251552784,0.03467327913394269,-1.1494224526374563,9.60164303779602,9.127472438812255,10.640725128016252,9.60164303779602,8.562560947575788,1072875.0,256267000.0,-2.3580784880593986,-1.7574677863247512,-0.7104865458970205,0.4128324405505517
2018-11-15,PTC,PTC,9.956337155002172,10.045233363082264,9.84077242360888,9.885220527648926,696500,9.938558578491213,-0.05333805084228693,57.89659366609989,0.2834647014201579,0.27221424629645385,0.01125045512370404,-0.5366779339382257,9.667870426177979,9.143118114471436,10.589837520876465,9.667870426177979,8.745903331479493,1096000.0,255570500.0,-0.5366779339382257,-2.882101135087265,-2.284713778457699,0.414856966502671
2018-11-16,PTC,PTC,9.91188983132536,9.938559204515313,9.787436147547476,9.805214881896973,170500,9.885220527648926,-0.08000564575195312,55.6841828281695,0.25770451709025366,0.2693123004552138,-0.011607783364960156,0.0,9.72076349258423,9.160897312164307,10.535518146680229,9.72076349258423,8.90600883848823,1086775.0,255400000.0,-0.8093460892266149,-1.3416804412947692,-3.0755686260683452,0.4147925947618316
2018-11-19,PTC,PTC,9.79632550126514,9.947447703709162,9.787435710598698,9.86744213104248,316500,9.805214881896973,0.06222724914550781,57.05864612957741,0.23954922995917194,0.26335968635600543,-0.02381045639683349,1.0929070665531335,9.76521143913269,9.180454406738281,10.502802345079738,9.76521143913269,9.027620533185642,1051250.0,255716500.0,0.6346342216364459,-0.17984825484387731,-2.460453015442843,0.40777140720663485
2018-11-20,PTC,PTC,9.822993845854628,9.867441950596918,9.778545741112335,9.787435531616213,176000,9.86744213104248,-0.08000659942626775,54.70920440078449,0.216212803563673,0.25393030979753894,-0.03771750623386594,0.3646246156088074,9.817215538024902,9.194322185516357,10.378147534280181,9.817215538024902,9.256283541769623,1022025.0,255540500.0,-0.8108139714807243,-0.18132545278110465,-3.8427952671654273,0.3947116881849311
2018-11-21,PTC,PTC,9.787435531616213,9.787435531616213,9.787435531616213,9.787435531616213,0,9.787435531616213,0.0,54.70920440078449,0.19546531503656084,0.24223731084534333,-0.046771995808782496,1.4746491105950432,9.844328832626342,9.210145645141601,10.337121106572228,9.844328832626342,9.351536558680456,979700.0,255540500.0,0.0,-0.8108139714807243,-1.5205730859408206,0.34587467905322056
2018-11-22,PTC,PTC,9.858551795661862,9.858551795661862,9.707428753790737,9.778545379638672,341500,9.787435531616213,-0.008890151977540839,54.42043050701323,0.17627344933720757,0.2290445385437162,-0.05277108920650864,2.230485569352394,9.87810926437378,9.225791301727295,10.2291537069763,9.87810926437378,9.52706482177126,953225.0,255199000.0,-0.09083229155199142,-0.09083229155199142,-1.0791377664452089,0.33938411786243855
2018-11-23,PTC,PTC,9.707429477027544,9.734098001763153,9.6274230550436,9.64520263671875,122000,9.778545379638672,-0.13334274291992188,50.14508893158163,0.14859124515934496,0.21295387986684194,-0.06436263470749698,-3.6412102013870933,9.877664852142335,9.23894790649414,10.229923807268849,9.877664852142335,9.52540589701582,893975.0,255077000.0,-1.363625546981396,-1.4532192262008758,-1.6319096226401697,0.2699082091116113
2018-11-26,PTC,PTC,9.68964880392201,9.778545006730369,9.618532180786133,9.618532180786133,511000,9.64520263671875,-0.026670455932617188,49.31064857741193,0.12308200329136021,0.19497950455174562,-0.07189750126038541,-4.920924885004019,9.855885314941407,9.253349018096923,10.215983427188947,9.855885314941407,9.495787202693867,760200.0,254566000.0,-0.2765152473944326,-1.6363701618210595,-2.5225377250836805,0.22133167150580396
2018-11-27,PTC,PTC,9.618532339507835,9.734097065954902,9.556305505181353,9.671870231628418,141500,9.618532180786133,0.053338050842285156,51.06445909551979,0.10594837336749485,0.1771732783148955,-0.07122490494740064,-4.393678892871089,9.842550897598267,9.267038974761963,10.209445730736917,9.842550897598267,9.475656064459617,706600.0,254707500.0,0.5545342037616989,0.2764855847418479,-1.1807515831341704,0.22002161911852336
2018-11-28,PTC,PTC,9.689649943005424,9.77854615626413,9.689649943005424,9.69853973388672,129000,9.671870231628418,0.026669502258302558,51.95948588608198,0.09344468203045508,0.1604275590580074,-0.06698287702755232,-4.130051183275022,9.837217140197755,9.280906734466553,10.209459957418247,9.837217140197755,9.464974322977262,691775.0,254836500.0,0.27574297027982675,0.8318062631261957,-0.9082644523413039,0.2156244995662548
2018-11-29,PTC,PTC,9.734097245271984,9.947447122130471,9.51185757826679,9.600753784179688,950500,9.69853973388672,-0.09778594970703303,48.459721654089094,0.07478285742189428,0.14329861873078478,-0.0685157613088905,-5.676860477623373,9.829216527938843,9.292818775177002,10.21500958579527,9.829216527938843,9.443423470082417,676550.0,253886000.0,-1.0082543598328384,-0.7352915800727906,-1.8181803996041177,0.21790240207831393
2018-11-30,PTC,PTC,9.60075457752384,9.94744794412312,9.422962998783554,9.69853973388672,432500,9.600753784179688,0.09778594970703303,51.94544702892636,0.06711013205082672,0.12806092139479316,-0.060950789343966444,-2.415026713470655,9.82654962539673,9.306686534881592,10.215319681233442,9.82654962539673,9.437779569560018,689900.0,254318500.0,1.0185236691327992,0.0,0.5529909445854374,0.22131863489707948
2018-12-03,PTC,PTC,9.556305831192402,9.591864144560176,9.289618057045573,9.351845741271973,265000,9.69853973388672,-0.34669399261474787,41.28465229640405,0.03267744886433199,0.10898422688870094,-0.07630677802436894,-5.395679184749655,9.811881780624391,9.315931701660157,10.248635204108174,9.811881780624391,9.375128357140609,693300.0,254053500.0,-3.574703018469866,-2.5925885456813864,-2.772631358939463,0.2526153047588807
2018-12-04,PTC,PTC,9.422962003218922,9.422962003218922,9.20072234132958,9.342955589294434,1177500,9.351845741271973,-0.008890151977539062,41.05199114548438,0.004618696935230204,0.0881111208980068,-0.08349242396277659,-4.714422867529322,9.800769805908205,9.325354671478271,10.273755240909578,9.800769805908205,9.327784370906832,747900.0,252876000.0,-0.09506307335999627,-3.666367869277012,-3.400734650661315,0.25130747109460067
2018-12-05,PTC,PTC,9.42296299600154,9.42296299600154,9.200723310697514,9.218502044677734,98000,9.342955589294434,-0.12445354461669922,37.83730754752156,-0.027345208527764342,0.06501985501285257,-0.09236506354061691,-6.576578587911988,9.761211109161378,9.33193296432495,10.289713153130137,9.761211109161378,9.23270906519262,637800.0,252778000.0,-1.3320575424687187,-1.4258543209899204,-4.949587282008376,0.18117196229863006
2018-12-06,PTC,PTC,9.245169943674089,9.245169943674089,8.81847018370931,8.898476600646973,4286500,9.218502044677734,-0.3200254440307617,31.094388446228194,-0.07760562334564014,0.03649475934115403,-0.11410038268679418,-9.082654267276128,9.700317430496217,9.33193296432495,10.32788914576756,9.700317430496217,9.072745715224872,744000.0,248491500.0,-3.471555817634462,-4.757370238993369,-7.314812975309722,0.20264894623030996
2018-12-07,PTC,PTC,8.80958021741743,9.156274401294672,8.800690427318182,8.969593048095703,79000,8.898476600646973,0.07111644744873047,33.912867806792036,-0.11042593973586357,0.007110619525750511,-0.11753655926161408,-8.356044654175701,9.642979574203492,9.33353307723999,10.318240460818865,9.642979574203492,8.96771868758812,717500.0,248570500.0,0.7991980047861212,-2.7001024176779116,-7.516045773819702,0.2078702396355679
2018-12-10,PTC,PTC,9.022930116871224,9.858551737303529,9.022930116871224,9.574085235595703,1856000,8.969593048095703,0.6044921875,51.916546144030114,-0.08665984856312292,-0.011643474092024174,-0.07501637447109874,-2.0909055090003967,9.615866327285769,9.34793420791626,10.253601819515307,9.615866327285769,8.97813083505623,717025.0,250426500.0,6.739349090406472,7.592407838658695,2.376423868316534,0.33318434484645393
2018-12-11,PTC,PTC,9.556305498161077,9.556305498161077,9.06737807056022,9.094046592712402,573500,9.574085235595703,-0.4800386428833008,42.106635166079094,-0.10534579595336879,-0.030383938464293096,-0.07496185748907569,-5.714302381871452,9.561639785766603,9.352023391723632,10.182114621368788,9.561639785766603,8.941164950164419,664250.0,249853000.0,-5.013937426612356,1.3875049174401668,-2.6641354997688533,0.37141785118149623
2018-12-12,PTC,PTC,9.049599672967782,9.245169973017155,8.97848304608127,9.076268196105955,661500,9.094046592712402,-0.01777839660644709,41.79167896213089,-0.12020348100603329,-0.048347846972641134,-0.07185563403339215,-5.637699957623448,9.51852526664734,9.350956630706786,10.148485736791782,9.51852526664734,8.888564796502896,649225.0,249191500.0,-0.19549489245737944,-5.1996303274897,-1.5429171451331105,0.3652278418093063
2018-12-13,PTC,PTC,9.085158562572904,9.138495612231782,8.880697611474899,8.88958740234375,545500,9.076268196105955,-0.18668079376220525,38.53242844935828,-0.14536619237583182,-0.06775151605327928,-0.07761467632255253,-8.088227101377866,9.46874361038208,9.351134433746338,10.133110594881387,9.46874361038208,8.804376625882774,641675.0,248646000.0,-2.0568012064947356,-2.2482751576454163,-0.09989573161968374,0.3697861593007442
2018-12-14,PTC,PTC,8.934035120353636,9.147385005264407,8.898476806201842,9.005151748657227,81500,8.88958740234375,0.11556434631347656,41.570307212830556,-0.15420516434282483,-0.0850422457111884,-0.06916291863163643,-7.1494060369397125,9.428740453720092,9.358068332672119,10.10406042073526,9.428740453720092,8.753420486704924,637225.0,248727500.0,1.2999967386901208,-0.7835428164103856,0.39643605201322657,0.37501815399661603
2018-12-17,PTC,PTC,8.97848307117919,9.147384848562526,8.97848307117919,9.10293674468994,98000,9.005151748657227,0.09778499603271307,44.08833127315888,-0.1515724485155765,-0.09834828627206603,-0.05322416224351047,-5.185187024690297,9.390515184402465,9.379047737121581,10.047579868493555,9.390515184402465,8.733450500311376,626300.0,248825500.0,1.0858783811976735,2.399991503429505,-4.921081015176991,0.3770035612458323
2018-12-18,PTC,PTC,9.138494853423992,9.156274433685384,8.978482869956716,9.147384643554688,84500,9.10293674468994,0.04444789886474787,45.243448494063884,-0.14423675673560687,-0.1075259803647742,-0.03671077637083267,-5.682866755768353,9.35851263999939,9.395404567718506,9.996242154766449,9.35851263999939,8.72078312523233,621725.0,248910000.0,0.4882808714525659,1.5794613890728664,0.5865161377667462,0.3778347898243429
2018-12-19,PTC,PTC,9.138495428456466,9.138495428456466,8.791802069314425,8.80958080291748,958500,9.147384643554688,-0.33780384063720703,38.699666052817996,-0.16379301107010136,-0.11877938650583963,-0.04501362456426172,-5.798480357319678,9.309619903564453,9.395937938690185,9.958726375701929,9.309619903564453,8.660513431426978,669650.0,247951500.0,-3.692900799522255,-3.222651656275475,-2.93829344204365,0.39610248293819744
2018-12-20,PTC,PTC,8.045076759109154,8.774022653945787,8.045076759109154,8.560672760009766,11839500,8.80958080291748,-0.24890804290771484,34.715350413481374,-0.19710418799067853,-0.13444434680280742,-0.0626598411878711,-8.372969579145188,9.248726272583008,9.396471309661866,9.939756212319228,9.248726272583008,8.557696332846788,1244550.0,236112000.0,-2.8254243700822137,-6.413985050451807,-3.6999989701126696,0.40420781549710316
2018-12-21,PTC,PTC,8.534003850117465,8.694015839460425,8.48955574560889,8.676237106323242,514500,8.560672760009766,0.11556434631347656,37.91150146883219,-0.21173767860155657,-0.14990301316255727,-0.06183466543899929,-5.882354158261176,9.200277996063232,9.39576015472412,9.909886772171662,9.200277996063232,8.490669219954802,1264175.0,236626500.0,1.3499446778683402,-1.5136213581249935,-3.652516376340125,0.4091422059630155
2018-12-24,PTC,PTC,8.67623694948247,8.75624336659621,8.578450951775872,8.622899055480957,323000,8.676237106323242,-0.053338050842285156,37.01087738333494,-0.22504458637126845,-0.1649313278042995,-0.06011325856696895,-3.0969070048010185,9.150496339797973,9.402338428497314,9.876074517071997,9.150496339797973,8.42491816252395,1254775.0,236303500.0,-0.6147601798873429,0.7268855756509541,-5.273437602310104,0.409077089813992
2018-12-25,PTC,PTC,8.622899055480957,8.622899055480957,8.622899055480957,8.622899055480957,0,8.622899055480957,0.0,37.01087738333494,-0.23290561569088908,-0.1785261853816174,-0.05437943030927167,-3.865214294068238,9.098047780990601,9.407849960327148,9.816557007648454,9.098047780990601,8.379538554332749,1247700.0,236303500.0,0.0,-0.6147601798873429,-5.733721806956995,0.40762790709967095
2018-12-26,PTC,PTC,8.614009420900405,8.676237106323242,8.534003850117465,8.676237106323242,108500,8.622899055480957,0.053338050842285156,38.69977759186215,-0.23215545949871697,-0.18925204020503733,-0.042903419293679634,-9.37789989517047,9.046932649612426,9.410339050292968,9.730159080972575,9.046932649612426,8.363706218252277,1246675.0,236412000.0,0.6185628580260603,0.6185628580260603,-1.5136213581249935,0.4087193436644702
2018-12-27,PTC,PTC,8.66734718471016,8.747353602059507,8.578450977038203,8.649567604064941,575000,8.676237106323242,-0.02666950225830078,38.14899027562653,-0.2310495656878615,-0.1976115453016022,-0.033438020386259315,-4.88758204739844,8.99937334060669,9.412116947174072,9.652017447103013,8.99937334060669,8.346729234110366,1227900.0,235837000.0,-0.30738558584186276,0.30927589911925385,1.0384095566698706,0.40837513237876677
2018-12-28,PTC,PTC,8.622899963830362,8.711796180604994,8.534004594832883,8.569562911987305,861500,8.649567604064941,-0.08000469207763672,36.472037922618426,-0.2339322218628972,-0.20487568061386122,-0.029056541249035978,-5.582749134011325,8.942924499511717,9.40856113433838,9.533269535486308,8.942924499511717,8.352579463537126,1249350.0,234975500.0,-0.9249559716723621,-1.2294983761819205,-1.2294983761819205,0.40466965651980574
2018-12-31,PTC,PTC,8.53400351372502,8.61400908135431,8.48066562086178,8.542892456054688,87500,8.569562911987305,-0.026670455932617188,35.90541095155855,-0.23565237664009508,-0.211031019819108,-0.024621356820987095,-3.90001167205641,8.902476835250853,9.399849319458008,9.485661968818986,8.902476835250853,8.31929170168272,1240475.0,234888000.0,-0.3112230601085842,-1.2333003555012503,-0.927838757145314,0.38898063450308823
2019-01-01,PTC,PTC,8.542892236629351,8.729573585190183,8.534003294527997,8.71179485321045,195500,8.542892456054688,0.16890239715576172,42.04600832876879,-0.2208408835825697,-0.21299299257180035,-0.007847891010769353,-3.2576563242315184,8.870918798446654,9.399138145446777,9.421118411380196,8.870918798446654,8.320719185513113,1191375.0,235083500.0,1.9771101886698088,1.659733905730328,1.0309270369225476,0.39814434755575817
2019-01-02,PTC,PTC,8.587341483993955,8.791802439591358,8.587341483993955,8.66734790802002,138000,8.71179485321045,-0.04444694519042969,40.93460760657851,-0.21026535748622166,-0.2124474655546846,0.0021821080684629457,-4.785146254301001,8.843361091613769,9.38758171081543,9.375161730376242,8.843361091613769,8.311560452851296,1193375.0,234945500.0,-0.5101927437381082,1.4568303722134006,-0.10245453408303247,0.39643703560276544
2019-01-03,PTC,PTC,8.711794692879788,8.756242793676641,8.622898491286083,8.658456802368164,78000,8.66734790802002,-0.008891105651855469,40.702831288668236,-0.2002927644714383,-0.21001652533803536,0.00972376086659707,-5.3450014429099735,8.831360101699827,9.378692111968995,9.368727567614316,8.831360101699827,8.293992635785338,982950.0,234867500.0,-0.10258161719374854,-0.612250996964525,0.10277043558853853,0.37805613994128007
2019-01-04,PTC,PTC,8.711794863089732,9.102936292634688,8.622898659759183,8.86291790008545,265000,8.658456802368164,0.20446109771728516,47.99509455431962,-0.17388665372205026,-0.20279055101483837,0.02890389729278811,0.6054442130811155,8.826026344299315,9.36286865234375,9.35972181957583,8.826026344299315,8.2923308690228,992250.0,235132500.0,2.3614034508015704,2.256399467759521,3.4232199601194684,0.3869994592218018
2019-01-07,PTC,PTC,8.889586838584599,9.111826509549212,8.862918315446422,9.076268196105955,1033000,8.86291790008545,0.21335029602050604,54.309360420398775,-0.13419709429314963,-0.18907185967050064,0.054874765377351004,6.022837813690725,8.801135492324828,9.343311557769775,9.222557739852405,8.801135492324828,8.379713244797252,951100.0,236165500.0,2.4072241041344755,4.825471827999605,6.243502921229486,0.30920060436633195
2019-01-08,PTC,PTC,9.022930506734468,9.129606297261205,8.978483249754929,9.031820297241213,371000,9.076268196105955,-0.04444789886474254,52.86915774190148,-0.10511767534184635,-0.17228102280476978,0.06716334746292343,4.098357232063442,8.798024177551268,9.325176792144775,9.211178752110122,8.798024177551268,8.384869602992413,940975.0,235794500.0,-0.4897155736739058,1.9057199791293913,3.6734731409891785,0.25338374304790856
2019-01-09,PTC,PTC,9.03181972316433,9.111826137085504,8.907366055088755,8.916254997253418,315000,9.031820297241213,-0.11556529998779475,49.21484316799691,-0.09035561689934646,-0.15589594162368514,0.06554032472433868,3.4020570098868967,8.790023517608642,9.307397594451905,9.18634553406295,8.790023517608642,8.393701501154334,923650.0,235479500.0,-1.279534979489067,-1.7629844710978098,2.871779140226749,0.2572595183361808
2019-01-10,PTC,PTC,8.889587040873584,9.06737861213564,8.862918517128547,8.880697250366211,292500,8.916254997253418,-0.03555774688720703,48.11290659102154,-0.08059672337671664,-0.14083609797429145,0.06023937459757481,2.9896928309904096,8.789579010009765,9.28979621887207,9.1854505270131,8.789579010009765,8.393707493006431,911000.0,235187000.0,-0.39879688162979093,-1.6732291155212933,2.5667443179627822,0.24685221637551136
2019-01-11,PTC,PTC,8.889586835798845,9.049599670131885,8.676236955206168,8.925145149230957,428000,8.880697250366211,0.044447898864746094,49.63109166361406,-0.06848668411619663,-0.1263662152026725,0.057879531086475866,2.8688478640851187,8.785578680038451,9.273261566162109,9.173821481181392,8.785578680038451,8.397335878895511,928325.0,235615000.0,0.5005001027696694,0.09970724233747917,0.7021079270621232,0.242895639568174
2019-01-14,PTC,PTC,8.889587243893395,9.040710294861752,8.880697453182997,8.987372398376465,242000,8.925145149230957,0.06222724914550781,51.75920090233383,-0.05325428950314226,-0.11174383006276645,0.05848954055962419,3.9054529633685857,8.779800462722779,9.260104961395264,9.151231848379362,8.779800462722779,8.408369077066196,935525.0,235857000.0,0.6972127411381055,1.2012023943936945,-0.9794311473478704,0.24090379436521647
2019-01-15,PTC,PTC,8.97848376949429,8.97848376949429,8.880697763813739,8.942925453186035,564000,8.987372398376465,-0.04444694519042969,50.129998402658096,-0.04425881596676007,-0.09824682724356518,0.05398801127680511,4.356844625954753,8.769577503204346,9.247659568786622,9.10821797617348,8.769577503204346,8.430937030235212,959500.0,235293000.0,-0.4945488316302422,0.19921585204258754,-0.9842406196050054,0.24050142595236804
2019-01-16,PTC,PTC,8.934035508910894,8.996262349438622,8.88958740234375,8.88958740234375,72500,8.942925453186035,-0.053338050842285156,48.17048416532578,-0.0409615935656511,-0.08678978050798238,0.045828186942331275,4.058285271323368,8.77357783317566,9.22525779724121,9.11607625923014,8.77357783317566,8.43107940712118,915200.0,235220500.0,-0.596427322597023,-1.0880265298718381,-0.29908963929231175,0.2010648529065885
2019-01-17,PTC,PTC,8.845138732064436,8.978483043267659,8.80069062833003,8.925145149230957,81000,8.88958740234375,0.03555774688720703,49.58526762916323,-0.03507498545337384,-0.07644682149706067,0.04137183604368683,2.4489820939927722,8.791801452636719,9.201433696746825,9.125268610738019,8.791801452636719,8.458334294535419,327275.0,235301500.0,0.39999321990840875,-0.19881977154068367,0.5005001027696694,0.17002776367231046
2019-01-18,PTC,PTC,8.88958647520537,8.978482679068236,8.809580061284196,8.916254997253418,291500,8.925145149230957,-0.008890151977539062,49.22348739364422,-0.030772441529391514,-0.06731194550352684,0.03653950397413533,2.871779140226749,8.803802347183227,9.177431793212891,9.137033665136522,8.803802347183227,8.470571029229932,316125.0,235010000.0,-0.09960792602129377,0.29998686893653836,-0.09960792602129377,0.16489224847819572
2019-01-21,PTC,PTC,8.96959340961569,8.996261933211263,8.942924886020117,8.978483200073242,150500,8.916254997253418,0.06222820281982422,51.87055934711909,-0.022086746303841664,-0.05826690566358981,0.036180159359748144,3.6961135801653255,8.821581554412841,9.154674453735351,9.152105914127151,8.821581554412841,8.49105719469853,307500.0,235160500.0,0.6979186086422284,0.5976155003695495,-0.09890764407212566,0.16348350811387644
2019-01-22,PTC,PTC,8.942925649924742,9.111827444160404,8.934035858707825,9.049600601196287,163000,8.978483200073242,0.0711174011230451,54.772438686374684,-0.009356830623822532,-0.048484890655636353,0.03912806003181382,2.106334541461094,8.842916631698609,9.132094917297364,9.174526552694909,8.842916631698609,8.511306710702309,315650.0,235323500.0,0.7920870322780684,1.4955337637152075,1.1928439811856835,0.16456589084169745
2019-01-23,PTC,PTC,9.09404677091441,9.11182635121562,8.987371832438303,9.022930145263672,173000,9.049600601196287,-0.02667045593261541,53.47040782481178,-0.0014041771526329683,-0.039068747955035676,0.03766457080240271,-0.5876649928124349,8.86025128364563,9.113782348632812,9.191420634920862,8.86025128364563,8.529081932370397,318875.0,235150500.0,-0.29471417698909036,0.4950384625107625,1.4999879846478128,0.16502231666156753
2019-01-24,PTC,PTC,9.111827056529464,9.138495581268543,8.978483585056955,9.014041900634766,442500,9.022930145263672,-0.00888824462890625,53.0180798607233,0.004133502515681897,-0.030428297860892163,0.03456180037657406,-0.19684178849171233,8.878474998474122,9.09635877609253,9.200824686563422,8.878474998474122,8.556125310384822,312250.0,234708000.0,-0.09850729736139958,-0.3929311593797971,0.9960258339492492,0.1643336540078812
2019-01-25,PTC,PTC,9.022931075779036,9.067379183338849,8.93403570843655,8.996262550354004,127500,9.014041900634766,-0.01777935028076172,52.0692124714664,0.007006739241786519,-0.022941290440356428,0.029948029682142947,0.8973223974104781,8.899809980392456,9.080179729461669,9.191055175639798,8.899809980392456,8.608564785145115,275550.0,234580500.0,-0.1972405994641505,-0.2955536004417186,0.8973223974104781,0.15962074576647237
2019-01-28,PTC,PTC,8.934034360178469,9.120715705535403,8.934034360178469,9.08515739440918,661000,8.996262550354004,0.08889484405517578,56.282155945201346,0.0162693283479296,-0.015099166682699224,0.03136849503062883,2.3022983249939917,8.92692322731018,9.064534034729004,9.176205928535968,8.92692322731018,8.677640526084392,304225.0,235241500.0,0.9881308327498485,0.7889412381076922,1.1881093048664089,0.1602452072805893
2019-01-29,PTC,PTC,8.996261804061982,9.111826535019873,8.97848307117919,9.10293674468994,477000,9.08515739440918,0.017779350280759942,57.09444130561099,0.024759232902512807,-0.007127486765656818,0.031886719668169625,1.9920302973930029,8.946480321884156,9.050844058990478,9.18587640476273,8.946480321884156,8.707084239005582,318300.0,235718500.0,0.19569666775064337,1.1857612396132,0.5893756624640619,0.14769340888557894
2019-01-30,PTC,PTC,9.085158142436567,9.138495189628912,9.067378561521068,9.129606246948242,118500,9.10293674468994,0.026669502258302558,58.34471112465384,0.033256192686367925,0.0009492491247481303,0.0323069435616198,1.5825965840413083,8.969593238830566,9.037687473297119,9.183411096747147,8.969593238830566,8.755775380913985,317325.0,235837000.0,0.29297690411679295,0.48924691790607194,1.1822778184819138,0.14512794219847944
2019-01-31,PTC,PTC,9.129606296633597,9.24517018210496,9.085158191880025,9.182943344116213,199000,9.129606246948242,0.053337097167970526,60.804647686733375,0.04378917812943861,0.009517234925686227,0.03427194320375238,2.683885627657424,8.995817565917969,9.02577543258667,9.174772980204274,8.995817565917969,8.816862151631664,323375.0,236036000.0,0.5842212218714201,0.8789097592372452,1.8737592452233123,0.14487399461165065
2019-02-01,PTC,PTC,9.245169639587402,9.334065843878006,9.156274283073833,9.245169639587402,336500,9.182943344116213,0.06222629547118963,63.511932075229325,0.0565064161850497,0.018915071177558924,0.03759134500749078,3.9999858390492085,9.014930152893067,9.017774772644042,9.214575763800084,9.014930152893067,8.815284541986049,326950.0,236372500.0,0.6776290905797636,1.2658091654039252,2.7667832929531824,0.12388094772266259
2019-02-04,PTC,PTC,9.245170722442923,9.369625253471302,9.245170722442923,9.27184009552002,660000,9.245169639587402,0.026670455932617188,64.63928908797672,0.06795367420973975,0.02872279178399509,0.039230882425744656,3.884474039270227,9.02470874786377,9.01084093093872,9.253966222960614,9.02470874786377,8.795451272766925,308300.0,237032500.0,0.2884798978529879,0.9680638121410783,2.054809762852546,0.09315324479422421
2019-02-05,PTC,PTC,9.27184009552002,9.27184009552002,9.27184009552002,9.27184009552002,0,9.27184009552002,0.0,64.63928908797672,0.07614792281358795,0.03820781798991366,0.03794010482367429,3.988054383551578,9.03670973777771,9.002840328216553,9.291267374989493,9.03670973777771,8.782152100565925,289750.0,237032500.0,0.0,0.2884798978529879,1.8554819786988757,0.09056972347616936
2019-02-06,PTC,PTC,9.334066775841563,9.502968563525338,9.2718399352913,9.369625091552734,632500,9.27184009552002,0.09778499603271484,68.7454419613161,0.08950064806635183,0.0484663840052013,0.04103426406115053,4.356436190428038,9.059378242492675,8.996262035369874,9.347327112878288,9.059378242492675,8.771429372107063,305625.0,237665000.0,1.0546449790475003,1.0546449790475003,2.629016390325962,0.07951878071349461
2019-02-07,PTC,PTC,9.405182086241076,9.54741532910811,9.33406546480756,9.36073398590088,326000,9.369625091552734,-0.008891105651853692,67.97255504859491,0.09823297255066166,0.05841970171429338,0.03981327083636828,3.438089683907862,9.083380079269409,8.991461639404298,9.38815290080853,9.083380079269409,8.778607257730288,307300.0,237339000.0,-0.09489286460212314,0.9587513316133766,1.9360964684442243,0.07692203689820859
2019-02-08,PTC,PTC,9.334065970837644,9.502967743954713,9.102936514759936,9.120716094970703,401500,9.36073398590088,-0.24001789093017756,51.2286287443726,0.08480834690091221,0.06369743075161714,0.02111091614929507,1.0837493822155009,9.093158626556397,8.979905166625976,9.388972946269806,9.093158626556397,8.797344306842987,305975.0,236937500.0,-2.564092637304853,-2.6565523609523853,-1.3461466849001311,0.12583132095357102
2019-02-11,PTC,PTC,9.156275193969488,9.156275193969488,8.880697611474899,8.88958740234375,1788500,9.120716094970703,-0.23112869262695312,40.80474980481914,0.05488638440849236,0.06193522148299219,-0.007048837074499825,-1.3806736163745987,9.088269376754761,8.970659999847411,9.394494767700058,9.088269376754761,8.782043985809464,383300.0,235149000.0,-2.534106864201166,-5.0332226539796,-4.122727411584319,0.15481871870295835
2019-02-12,PTC,PTC,9.0229305314778,9.111826741234829,8.898476855150465,9.058488845825195,929000,8.88958740234375,0.1689014434814453,48.97546163629459,0.04429138496242757,0.05840645417887927,-0.014115069216451698,0.6916905228465436,9.094047546386719,8.964970664978027,9.393000361463573,9.094047546386719,8.795094731309865,401550.0,236078000.0,1.8999919325492456,-0.6822627576339191,-2.3010669672561717,0.1684354615551116
2019-02-13,PTC,PTC,9.111827243705962,9.111827243705962,8.90736713687778,8.942925453186035,270000,9.058488845825195,-0.11556339263916016,44.45422080573267,0.026266982166374575,0.05197855977637834,-0.025711577610003762,-1.5655418508288161,9.096714448928832,8.959459133148194,9.38886164361318,9.096714448928832,8.804567254244484,411425.0,235808000.0,-1.2757469220974986,0.6000059218521494,-4.554073767064533,0.17364374630881987
2019-02-14,PTC,PTC,8.97848376949429,9.06737913637636,8.889587554835085,8.942925453186035,1590500,8.942925453186035,0.0,44.45422080573267,0.011845960235945086,0.04395203986829169,-0.0321060796323466,-1.7577985653612789,9.097603464126587,8.960348110198975,9.387653058659556,9.097603464126587,8.807553869593619,486900.0,235808000.0,0.0,-1.2757469220974986,-4.463416366111332,0.1731102413187243
2019-02-15,PTC,PTC,8.996261958175008,9.0673785864786,8.934035120353636,9.005151748657227,214000,8.942925453186035,0.062226295471191406,47.48190845360412,0.005376363088885228,0.0362369045124104,-0.03086054142352517,-1.3631967789697073,9.102048301696778,8.961059284210204,9.382977798848449,9.102048301696778,8.821118804545106,483025.0,236022000.0,0.6958158803506795,0.6958158803506795,-1.267053432100583,0.1747031196840958
2019-02-18,PTC,PTC,9.067378636356317,9.111826741234829,8.978483274376373,9.058488845825195,1297500,9.005151748657227,0.05333709716796875,49.99778519097766,0.004501132470386082,0.029889750104005536,-0.025388617633619454,-1.3552789517182324,9.106048583984375,8.950747356414794,9.381800422436411,9.106048583984375,8.830296745532339,540375.0,237319500.0,0.5922953733225199,1.2922325389393599,1.8999919325492456,0.17422749625016404
2019-02-19,PTC,PTC,8.978482890064749,9.102936561065016,8.978482890064749,9.022930145263672,3804000,9.058488845825195,-0.03555870056152344,48.33534349720912,0.0009275240211206182,0.024097304887428554,-0.023169780866307936,-2.4038444180852117,9.104715061187743,8.94932502746582,9.381870669154216,9.104715061187743,8.827559453221271,722425.0,233515500.0,-0.3925456129242953,0.19742473089469345,-0.3925456129242953,0.17260340836666796
2019-02-20,PTC,PTC,8.978482890064749,9.076268038390252,8.978482890064749,9.022930145263672,264500,9.022930145263672,0.0,48.33534349720912,-0.0018828817328184755,0.01890126756337915,-0.020784149296197627,-2.6845798427500527,9.104715061187743,8.948258266448974,9.381870669154216,9.104715061187743,8.827559453221271,727000.0,233515500.0,0.0,-0.3925456129242953,0.8946143238746778,0.17227330100897295
2019-02-21,PTC,PTC,9.022930891152418,9.111827104453052,9.022930891152418,9.067378997802734,348500,9.022930145263672,0.0444488525390625,50.71124035982407,-0.0005175318305603582,0.015017507684591251,-0.01553503951515161,-2.2051836055291436,9.107381916046142,8.951814098358154,9.381877612366434,9.107381916046142,8.83288621972585,722300.0,233864000.0,0.4926210424270507,0.4926210424270507,1.3916424247097017,0.17307533521524512
2019-02-22,PTC,PTC,9.02293087426806,9.02293087426806,8.845139295776608,8.88958740234375,75500,9.067378997802734,-0.17779159545898438,42.32662676478612,-0.013624720783290911,0.009289061991014818,-0.02291378277430573,-5.123339349423558,9.10204815864563,8.949502811431884,9.38947610735593,9.10204815864563,8.81462020993533,719700.0,233788500.0,-1.9607826638995456,-1.4778208494711258,-1.2833137024116064,0.1869788978950651
2019-02-25,PTC,PTC,8.854028701782227,9.022930482063074,8.800690806664702,8.854028701782227,136000,8.88958740234375,-0.03555870056152344,40.87111848371896,-0.02657520994166873,0.0021162076044781084,-0.02869141754614684,-5.413093512558445,9.090491724014282,8.944524650573731,9.398619432162995,9.090491724014282,8.782364015865568,693450.0,233652500.0,-0.40000394790143295,-2.3529434037356136,-2.257110954408237,0.18318139789520907
2019-02-26,PTC,PTC,8.800690832671316,8.93403514697063,8.578451156616211,8.578451156616211,1126000,8.854028701782227,-0.2755775451660156,31.756862218954026,-0.05840214710245384,-0.009987463336908281,-0.04841468376554556,-5.945420652370761,9.064267444610596,8.933145980834961,9.44794882531723,9.064267444610596,8.680586063903963,725900.0,232526500.0,-3.1124537139860937,-3.500007724154978,-4.9261047297454414,0.2110767163746196
2019-02-27,PTC,PTC,8.542893154482169,8.667347682819857,8.22286831447012,8.534004211425781,817000,8.578451156616211,-0.04444694519042969,30.572673538875108,-0.08621785535355997,-0.02523354174023862,-0.06098431361332135,-3.999996567042232,9.034487342834472,8.927634449005128,9.483680070706026,9.034487342834472,8.585294614962919,760825.0,231709500.0,-0.5181231947232056,-3.6144505640921136,-5.418704633267478,0.21007795777796165
2019-02-28,PTC,PTC,8.622899033273667,8.774022076815516,8.542892616365974,8.747353553771973,133500,8.534004211425781,0.2133493423461914,41.792720970705055,-0.0900089287494179,-0.03818861914207448,-0.05182030960734343,-3.4347372652185384,9.012707853317261,8.93136806488037,9.47367861672456,9.012707853317261,8.551737089909961,757550.0,231843000.0,2.4999910600061326,1.968914831735029,-3.52941510560342,0.23107296114633794
2019-03-01,PTC,PTC,8.791802439591358,8.845139490423977,8.66734790802002,8.66734790802002,99500,8.747353553771973,-0.08000564575195312,39.23224103040308,-0.09833561692582471,-0.05021801869882453,-0.04811759822700018,-3.081514506730429,8.983816766738892,8.931190280914306,9.455741788542074,8.983816766738892,8.51189174493571,745700.0,231743500.0,-0.9146268669734248,1.5624986031259582,-2.499997854401395,0.22966238548407727
2019-03-04,PTC,PTC,8.667347159186042,8.75624336659621,8.578450951775872,8.622899055480957,253500,8.66734790802002,-0.0444488525390625,37.84499409316867,-0.10728451906799386,-0.0616313187726584,-0.045653200295335455,-3.5785426075654527,8.951369714736938,8.931190280914306,9.429113481596787,8.951369714736938,8.473625947877089,725375.0,231490000.0,-0.5128310644820585,-1.4227674407575446,-2.6104460928023134,0.22864188361143306
2019-03-05,PTC,PTC,8.640679382603711,8.738464540981603,8.551783167513163,8.66734790802002,317500,8.622899055480957,0.0444488525390625,40.12502475896038,-0.10952737417264125,-0.07121052985265497,-0.038316844319986276,-3.751228741787472,8.921145105361939,8.932079257965087,9.389924559435661,8.921145105361939,8.452365651288217,741250.0,231807500.0,0.5154745782488264,0.0,1.036279740722731,0.23042038566459364
2019-03-06,PTC,PTC,8.667347159186042,8.694015682298266,8.587340742072302,8.622899055480957,50500,8.66734790802002,-0.0444488525390625,38.600136231795815,-0.1135821990392536,-0.0796848636899747,-0.0338973353492789,-4.808636382490987,8.883808803558349,8.931012496948242,9.320004983052801,8.883808803558349,8.447612624063897,712150.0,231757000.0,-0.5128310644820585,0.0,1.0416545604249716,0.22460357962964578
2019-03-07,PTC,PTC,8.702906234835135,8.711796025910173,8.453998019174026,8.51622486114502,125500,8.622899055480957,-0.1066741943359375,35.14786264901542,-0.12397429443403318,-0.0885427498387864,-0.03543154459524678,-5.615750936347798,8.841583347320556,8.928345642089845,9.245711857458303,8.841583347320556,8.437454837182809,702125.0,231631500.0,-1.2371035964770154,-1.743590409416515,-2.6422699300554444,0.22616700948692897
2019-03-08,PTC,PTC,8.667346592082936,8.711794692879788,8.57845039048923,8.658456802368164,188500,8.51622486114502,0.14223194122314453,42.528462085415974,-0.11935729928184102,-0.09470565972739733,-0.02465163955444369,-4.039412220062766,8.81847038269043,8.93012351989746,9.20799245377102,8.81847038269043,8.42894831160984,691475.0,231820000.0,1.670129001314571,0.4123641788964876,-0.10258161719374854,0.2238989002729682
2019-03-11,PTC,PTC,8.649567224585828,9.02292992398434,8.649567224585828,8.765131950378418,863500,8.658456802368164,0.1066751480102539,47.36661349997968,-0.1058700998280866,-0.0969385477475352,-0.008931552080551394,-3.3333452533257835,8.812247610092163,8.934568309783936,9.20096161894721,8.812247610092163,8.423533601237116,645225.0,232683500.0,1.2320341885990274,2.9227397502035015,1.6494788351610552,0.21257021262123835
2019-03-12,PTC,PTC,8.67623746747361,8.800691147945539,8.66734767664644,8.685127258300781,46500,8.765131950378418,-0.08000469207763672,44.35105681068741,-0.10047884948358465,-0.0976466080947451,-0.002832241388839557,-2.299995880450679,8.793579530715942,8.934034957885743,9.168103270991663,8.793579530715942,8.41905579044022,601100.0,232637000.0,-0.9127608406874316,0.30802782229418274,0.20513022517891816,0.20128676661541506
2019-03-13,PTC,PTC,8.756243705749512,8.756243705749512,8.702905809682074,8.756243705749512,6500,8.685127258300781,0.07111644744873047,47.547733399527736,-0.08943677036325148,-0.09600464054844637,0.006567870185194891,-1.1044124581732122,8.784245443344116,8.935812873840332,9.152347376500574,8.784245443344116,8.416143510187657,587925.0,232643500.0,0.8188302293528418,-0.10140457301983363,1.5464016151713742,0.20020387698338457
2019-03-14,PTC,PTC,8.72068560435034,8.72068560435034,8.542893178293205,8.560672760009766,69000,8.756243705749512,-0.1955709457397461,40.634847631958685,-0.09536744740361591,-0.09587720191948029,0.0005097545158643801,-0.20724483105243954,8.765132808685303,8.933857192993164,9.138205385456008,8.765132808685303,8.392060231914598,511850.0,232574500.0,-2.233502770272721,-1.432961136776305,0.5219202121768542,0.21398003682207997
2019-03-15,PTC,PTC,8.507335070069981,8.614010019639027,8.445108228098988,8.51622486114502,66000,8.560672760009766,-0.044447898864746094,39.23856212771211,-0.10247288206087646,-0.09719633794775953,-0.005276544113116927,-0.2083353820819279,8.740686464309693,8.926923332214356,9.111606671516727,8.740686464309693,8.36976625710266,504450.0,232508500.0,-0.5192103484247118,-2.741116541181824,-1.6426938941849643,0.2114939036403474
2019-03-18,PTC,PTC,8.631788615702241,8.711795030683458,8.445107263338416,8.640678405761719,47500,8.51622486114502,0.12445354461669922,44.9431904385956,-0.09694411782508183,-0.097145893923224,0.0002017760981421618,-1.219513391730396,8.719795942306519,8.91821153640747,9.061244414316482,8.719795942306519,8.378347470296555,441950.0,232556000.0,1.4613698751017508,0.9345719430567494,-1.419870748338548,0.21833423690372705
2019-03-19,PTC,PTC,8.542892842358476,8.711795470915524,8.462887271111391,8.578451156616211,99500,8.640678405761719,-0.06222724914550781,42.78045818243308,-0.09647168574511156,-0.09701105228760151,0.0005393665424899552,-1.0256511258945908,8.697571992874146,8.909144153594971,9.012799047317566,8.697571992874146,8.382344938430725,256725.0,232456500.0,-0.7201662441691368,0.7306793383896745,-1.2282618148469269,0.2189728514198649
2019-03-20,PTC,PTC,8.53400368980898,8.551782422612193,8.267315915544248,8.320652961730957,11183500,8.578451156616211,-0.2577981948852539,35.21908202774263,-0.11556725238845722,-0.10072229230777266,-0.01484496008068456,-3.505156349451683,8.662458133697509,8.897232112884522,8.98151886769098,8.662458133697509,8.343397399704038,802675.0,221273000.0,-3.0051834553656533,-3.703707382713891,-4.974630202817879,0.23956136556649105
2019-03-21,PTC,PTC,8.391769196334792,8.400658986209494,8.240647007349969,8.285094261169434,75500,8.320652961730957,-0.03555870056152344,34.318073290484946,-0.1320477521978276,-0.10698738428578367,-0.02506036791204394,-4.410272333672925,8.623343896865844,8.885320053100585,8.924706744270871,8.623343896865844,8.321981049460817,789025.0,221197500.0,-0.42735468868931303,-3.419695351654746,-3.2191219845204975,0.23726295620329058
2019-03-22,PTC,PTC,8.285094597256569,8.373990804055646,8.22286776116345,8.267315864562988,901000,8.285094261169434,-0.017778396606445312,33.8517750164133,-0.14487322668149183,-0.1145645527649253,-0.030308673916566525,-4.1237081476901905,8.592230319976807,8.872163467407226,8.906086539076528,8.592230319976807,8.278374100877086,830300.0,220296500.0,-0.21458291295210816,-0.6410205715017943,-2.922762146848305,0.23041027233478992
2019-03-25,PTC,PTC,8.196199651844776,8.26731628176202,8.018408077051667,8.027297019958496,743000,8.267315864562988,-0.2400188446044922,28.26751130798543,-0.1724175008273825,-0.12613514237741674,-0.046282358449965755,-5.741133532267798,8.55089373588562,8.852961959838867,8.93046112865021,8.55089373588562,8.171326343121029,860650.0,219553500.0,-2.903225769240397,-3.1115788557672928,-7.098764205762036,0.24759239011189357
2019-03-26,PTC,PTC,8.080634530013237,8.222867783048667,8.0184076937545,8.142861366271973,694000,8.027297019958496,0.11556434631347656,33.91973641009332,-0.1828140925368782,-0.13747093240930902,-0.04534316012756917,-5.954819061465682,8.529114246368408,8.836960678100587,8.949786204269499,8.529114246368408,8.108442288467318,839050.0,220247500.0,1.4396420865721757,-1.505379742710415,-5.077720702626902,0.23577889307394553
2019-03-27,PTC,PTC,8.133971985321118,8.249536721171983,8.133971985321118,8.20508861541748,123500,8.142861366271973,0.06222724914550781,36.807174899824204,-0.18391222180721734,-0.14675919028889067,-0.03715303151832666,-6.389445568320951,8.512668466567993,8.823270702362061,8.957555839913462,8.512668466567993,8.067781093222523,804375.0,220371000.0,0.7641938913912416,2.214837634846899,-1.3888855459420044,0.23822365775946894
2019-03-28,PTC,PTC,8.14286131476639,8.205088150631527,8.089524269104004,8.089524269104004,244500,8.20508861541748,-0.11556434631347656,33.84905689257127,-0.1918955219750007,-0.15578645662611268,-0.036109065348888025,-6.857734739897239,8.479777002334595,8.806558284759522,8.948252611849393,8.479777002334595,8.011301392819798,809925.0,220126500.0,-1.4084472664479148,-0.655016643030335,-2.360504128263535,0.2194425225195559
2019-03-29,PTC,PTC,8.045076755162222,8.151751702077899,8.045076755162222,8.080635070800781,80000,8.089524269104004,-0.008889198303222656,33.62519957674668,-0.19667251060956126,-0.16396366742280238,-0.032708843186758874,-7.715735852636368,8.450441360473633,8.789845886230468,8.94235480462599,8.450441360473633,7.958527916321276,808950.0,220046500.0,-0.10988530360398095,-1.5167848934970574,-2.258058078588667,0.2187050529924519
2019-04-01,PTC,PTC,8.142861496157893,8.213978123809982,8.009518031254494,8.018407821655273,165000,8.080635070800781,-0.06222724914550781,32.02835711362353,-0.2031378804333226,-0.17179851002490643,-0.03133937040841617,-6.334372934889215,8.420216798782349,8.770644378662109,8.940953182855349,8.420216798782349,7.899480414709349,804525.0,219881500.0,-0.7700786955516006,-0.879117795842985,-0.11073712958572718,0.2191636228574284
2019-04-02,PTC,PTC,8.0895248616547,8.107303595585421,8.000628648669744,8.080635070800781,168000,8.018407821655273,0.06222724914550781,35.33546269247249,-0.2009243824382434,-0.17762368450757382,-0.02330069793066958,-5.114822558662132,8.390881156921386,8.751265068054199,8.919049925846174,8.390881156921386,7.862712387996599,797050.0,220049500.0,0.7760549292273585,0.0,-0.7641821796074655,0.22072380467776304
2019-04-03,PTC,PTC,8.036186810642427,8.125083021927532,8.009518286367737,8.027297019958496,85000,8.080635070800781,-0.053338050842285156,33.816690565807946,-0.20115531105700057,-0.18233000981745917,-0.018825301239541403,-7.098764205762036,8.361101055145264,8.731352405548096,8.901216970654215,8.361101055145264,7.820985139636313,798775.0,219964500.0,-0.6600725113180915,0.11085989264870819,-2.1668455246773495,0.22093796146112046
2019-04-04,PTC,PTC,8.027296995568172,8.160641312090673,8.000628471374512,8.000628471374512,340000,8.027297019958496,-0.026668548583984375,33.05175770435851,-0.2011712754053825,-0.18609826293504383,-0.015073012470338654,-6.735746053599058,8.335321235656739,8.71108413696289,8.89318932362795,8.335321235656739,7.777453147685527,809500.0,219624500.0,-0.33222326914872596,-0.9901028659909643,-1.0989001920546595,0.2184286425671505
2019-04-05,PTC,PTC,8.018407821655273,8.089524449307362,8.000628240853715,8.018407821655273,389500,8.000628471374512,0.01777935028076172,34.12164044298328,-0.19747293718977588,-0.18837319778599024,-0.00909973940378564,-3.6324690077304593,8.303318786621094,8.691527042388916,8.856551239831298,8.303318786621094,7.750086333410891,819550.0,220014000.0,0.2222244207986228,-0.11073712958572718,-0.7700786955516006,0.20682197339323083
2019-04-08,PTC,PTC,8.018408005792162,8.018408005792162,7.733940640874146,7.796168327331543,126000,8.018407821655273,-0.22223949432373047,28.080809726831575,-0.2100534815858257,-0.19270925454595733,-0.017344227039868376,-5.901271831382631,8.25487060546875,8.665747261047363,8.807529225633658,8.25487060546875,7.70221198530384,782675.0,219888000.0,-2.771616251839042,-2.5555510392028293,-2.771616251839042,0.21425185431635288
2019-04-09,PTC,PTC,7.867284775950315,8.089524449307362,7.822836671723491,8.018407821655273,94500,7.796168327331543,0.22223949432373047,39.5970250295021,-0.1997877549234488,-0.19412495462145563,-0.005662800301993176,-3.010747949943874,8.221534633636475,8.64405668258667,8.7445558136574,8.221534633636475,7.698513453615551,785075.0,219982500.0,2.8506246272878792,0.0,-0.7700786955516006,0.24572442597676067
2019-04-10,PTC,PTC,8.000628053309086,8.11619278247902,7.6894921787918,7.787278175354004,89000,8.018407821655273,-0.23112964630126953,33.57549909075492,-0.20790571573424188,-0.1968811068440129,-0.011024608890228993,-2.9900331831216227,8.173086357116699,8.617210121154786,8.666215603518546,8.173086357116699,7.6799571107148505,789200.0,219893500.0,-2.882488038049884,-0.11403232465328217,-2.9900331831216227,0.25651858260161503
2019-04-11,PTC,PTC,7.787278519719063,7.947290511372817,7.6450452614592415,7.911732196807861,25000,7.787278175354004,0.12445402145385742,38.95830306998215,-0.20196868940752744,-0.19789862335671582,-0.004070066050811616,-2.8384269247350415,8.140639328956604,8.591785898208618,8.611274899121202,8.140639328956604,7.6700037587920065,787000.0,219918500.0,1.5981709995636548,-1.330384126376234,-1.1111161439968475,0.2596443835358175
2019-04-12,PTC,PTC,7.91173152824104,8.16952949899648,7.885063006515172,8.10730266571045,260500,7.911732196807861,0.1955704689025879,46.31990852952905,-0.17941447252220222,-0.19420179318981312,0.014787320667610904,-1.1917720123496294,8.120193219184875,8.569028558731079,8.5563971098444,8.120193219184875,7.68398932852535,796725.0,220179000.0,2.471904559427511,4.109580820796828,1.108634607173483,0.2785470429561726
2019-04-15,PTC,PTC,7.920621147941214,8.20508763431221,7.920621147941214,8.17841911315918,225000,8.10730266571045,0.07111644744873047,48.74076754856941,-0.15402607348482888,-0.1861666492488163,0.032140575763987406,1.0988884030509471,8.097080254554749,8.547160139083863,8.459993019244235,8.097080254554749,7.734167489865262,805600.0,220404000.0,0.8771899900754289,3.370777848862456,4.903059679811618,0.27458303325558
2019-04-16,PTC,PTC,8.267316044291297,8.267316044291297,8.009518056302014,8.045076370239258,38000,8.17841911315918,-0.13334274291992188,44.6727488341797,-0.14301662269434878,-0.17753664393792282,0.034520021243574034,-0.4400483408787277,8.0704115152359,8.522624864578248,8.354132646176113,8.0704115152359,7.786690384295687,802525.0,220366000.0,-1.6304219810081844,-0.7675338893461487,0.3325915715082583,0.278478540621175
2019-04-17,PTC,PTC,8.053966135481318,8.160641076959452,7.840615404747976,8.018407821655273,53000,8.045076370239258,-0.026668548583984375,43.88387022646421,-0.13488857113364006,-0.16900702937706627,0.034118458243426214,0.0,8.055299258232116,8.495600519180298,8.313992320430943,8.055299258232116,7.79660619603329,246000.0,220313000.0,-0.33148906681157164,-1.9565063772098212,2.9680414786359233,0.25963922537027545
2019-04-18,PTC,PTC,8.267315706334726,8.400659166204221,8.098413086204522,8.213977813720703,614500,8.018407821655273,0.1955699920654297,50.75207119383962,-0.11138222286708377,-0.1574820680750698,0.04609984520798602,1.6501517733643647,8.05174343585968,8.472665395736694,8.29883184542988,8.05174343585968,7.804655026289481,272950.0,220927500.0,2.43901278676865,2.099438659230804,3.820220520542752,0.27536142208337405
2019-04-19,PTC,PTC,8.427327849913445,8.445107430384084,8.22286776116345,8.267315864562988,506000,8.213977813720703,0.053338050842285156,52.46100365121007,-0.08744136791450607,-0.14347392804295706,0.05603256012845098,2.9900331831216227,8.05174343585968,8.45559739112854,8.29883184542988,8.05174343585968,7.804655026289481,253200.0,221433500.0,0.6493571330712483,3.1042078233473003,1.973692181609418,0.27629431761733475
2019-04-22,PTC,PTC,8.267316095487894,8.356211456992963,8.009518105902158,8.098413467407227,317500,8.267315864562988,-0.16890239715576172,46.909837661352434,-0.08116150049782256,-0.13101144253393016,0.0498499420361076,1.2222164344036255,8.055299258232116,8.439773912429809,8.302952592902312,8.055299258232116,7.80764592356192,231925.0,221116000.0,-2.0430137171817124,-1.4069230394126073,-0.9782531886049106,0.26573171336314455
2019-04-23,PTC,PTC,8.356211063655376,8.445107268753066,8.098413086204522,8.213977813720703,339000,8.098413467407227,0.11556434631347656,50.749811395685015,-0.06609765081589458,-0.11802868419032306,0.051931033374428476,2.43901278676865,8.058855080604554,8.42288369178772,8.313738629277978,8.058855080604554,7.803971531931129,214175.0,221455000.0,1.426999828776036,-0.6451676906517302,2.099438659230804,0.2656448608640279
2019-04-24,PTC,PTC,8.17841911315918,8.320652356344679,8.089523760056744,8.17841911315918,521500,8.213977813720703,-0.03555870056152344,49.56194060954252,-0.056378831300024856,-0.10569871361226342,0.049319882312238564,4.903059679811618,8.057521605491639,8.407593564987183,8.309445762472519,8.057521605491639,7.805597448510758,234075.0,220933500.0,-0.43290475538083223,0.987917523277156,1.9955494290495497,0.2648141355019721
2019-04-25,PTC,PTC,8.142861522315316,8.222867940625191,8.13397173188598,8.196199417114258,86500,8.17841911315918,0.017780303955078125,50.18975523295178,-0.046703505935902,-0.09389967207699114,0.04719616614108914,2.2172930014712335,8.06285536289215,8.392659044265747,8.32204472456996,8.06285536289215,7.803666001214342,226175.0,221020000.0,0.21740514528620075,-0.216440767307018,-0.216440767307018,0.2596074875943767
2019-04-26,PTC,PTC,8.258426255242755,8.453997405818814,8.17841983692632,8.347322463989258,232500,8.196199417114258,0.151123046875,55.284341207210645,-0.026535489379270416,-0.08042683553744699,0.053891346158176576,7.191784806246436,8.076189732551574,8.379502458572388,8.364980368805233,8.076189732551574,7.787399096297916,233800.0,221252500.0,1.8438185698537803,2.0652322715805855,0.9677457682391175,0.26689038434572715
2019-04-29,PTC,PTC,8.356211044323903,8.66734691366899,8.267315687208907,8.338432312011719,118000,8.347322463989258,-0.008890151977539062,54.92842274529941,-0.01114112397978495,-0.06656969322591459,0.05542856924612964,5.393257817498141,8.092190957069397,8.365101327896118,8.402186470644986,8.092190957069397,7.782195443493808,231450.0,221134500.0,-0.10650303754157811,1.7353518095285525,2.963776121958567,0.26480204702852705
2019-04-30,PTC,PTC,8.356210830330749,8.356210830330749,8.178419272876758,8.231757164001465,476000,8.338432312011719,-0.1066751480102539,50.70972523377793,-0.007462745528243886,-0.05474830368638045,0.047285558158136565,1.5350913049958221,8.099747061729431,8.349277868270875,8.41586332309807,8.099747061729431,7.7836308003607915,246850.0,220658500.0,-1.2793189896928912,-1.3844595136506,0.21645237769041611,0.2689831914015114
2019-05-01,PTC,PTC,8.231757164001465,8.231757164001465,8.231757164001465,8.231757164001465,0,8.231757164001465,0.0,50.70972523377793,-0.004495779555918844,-0.04469779886028813,0.040202019304369285,0.6521804532671058,8.10997006893158,8.333454408645629,8.429427682249488,8.10997006893158,7.790512455613671,242600.0,220658500.0,0.0,-1.2793189896928912,0.6521804532671058,0.2675051633069014
2019-05-02,PTC,PTC,8.18730946978981,8.18730946978981,8.00062811323654,8.142861366271973,116000,8.231757164001465,-0.08889579772949219,47.205731399336926,-0.009211402279030168,-0.03760051954403654,0.02838911726500637,1.2154638630211878,8.117081713676452,8.314964056015015,8.43259876118387,8.117081713676452,7.8015646661690345,231400.0,220542500.0,-1.0799127811768423,-1.0799127811768423,-0.6507656552488394,0.2705525232138054
2019-05-03,PTC,PTC,8.142861366271973,8.142861366271973,8.142861366271973,8.142861366271973,0,8.142861366271973,0.0,47.20573139933693,-0.012801005241250607,-0.032640616683479354,0.019839611442228747,1.5520979648925832,8.123304390907288,8.300029535293579,8.435519196788718,8.123304390907288,7.811089585025857,211925.0,220542500.0,0.0,-1.0799127811768423,-2.449421339589311,0.2705364913018586
2019-05-06,PTC,PTC,8.133972330524228,8.178420438165093,7.947290956654305,8.036187171936035,103000,8.142861366271973,-0.1066741943359375,43.06441741398028,-0.02397711417302517,-0.03090791618138852,0.006930802008363348,-2.1644889457539667,8.135305333137513,8.283672704696656,8.410876264790023,8.135305333137513,7.859734401485004,210775.0,220439500.0,-1.31003328606067,-1.31003328606067,-3.6247237941872115,0.25452656599453005
2019-05-07,PTC,PTC,8.080634658906583,8.133971705757112,7.95618013662689,8.018407821655273,71500,8.036187171936035,-0.01777935028076172,42.39681506062629,-0.033878377157090966,-0.03150200837652901,-0.002376368780561959,-3.010747949943874,8.135305333137513,8.272471837997436,8.410876264790023,8.135305333137513,7.859734401485004,209625.0,220368000.0,-0.2212411172160194,-1.528376070998707,-2.5917837236403862,0.2340531914121247
2019-05-08,PTC,PTC,8.00062789831789,8.00062789831789,7.849504859083054,7.885063171386719,280000,8.018407821655273,-0.1333446502685547,37.67897941704759,-0.051886878637175116,-0.03557898242865823,-0.016307896208516887,-2.6344702808661813,8.140194582939149,8.259493017196656,8.3922313383859,8.140194582939149,7.888157827492399,219175.0,220088000.0,-1.662981644665559,-1.8805435627118232,-4.2116644807123755,0.2174782602401053
2019-05-09,PTC,PTC,8.101738125810998,8.271308770461534,7.866222493065572,7.95100736618042,210500,7.885063171386719,0.06594419479370117,41.16576575914852,-0.060144294415666266,-0.040492044826059836,-0.01965224958960643,-3.2014993649120282,8.142158341407775,8.243566093444825,8.387215418805651,8.142158341407775,7.897101264009899,228450.0,220298500.0,0.8363179008254387,-0.8405715570218997,-2.356100533483463,0.21199634326646033
2019-05-10,PTC,PTC,8.007531927087507,8.101738544421599,7.894484525339132,7.913325309753418,107000,7.95100736618042,-0.03768205642700195,39.79561392167587,-0.06893435065890863,-0.04618050599262959,-0.022753844666279034,-3.2413819802805466,8.132459473609924,8.228485641479493,8.397837016242397,8.132459473609924,7.86708193097745,220775.0,220191500.0,-0.47392807843799056,0.35842627703043317,-2.818862389937048,0.1918858187100911
2019-05-13,PTC,PTC,8.29015093512299,8.29015093512299,7.658968930732954,7.677809715270996,1008500,7.913325309753418,-0.23551559448242188,32.51201336467888,-0.09382313900581529,-0.05570903259526674,-0.038114106410548555,-6.324757066803749,8.107429003715515,8.209583854675293,8.440384988308473,8.107429003715515,7.774473019122556,259950.0,219183000.0,-2.976189974044687,-3.4360130525280232,-4.459545913969805,0.21306557071544632
2019-05-14,PTC,PTC,7.687230485111857,7.913325287986703,7.59302476645778,7.621286392211914,174500,7.677809715270996,-0.05652332305908203,31.04351165821724,-0.11676267543040275,-0.06791976116229395,-0.0488429142681088,-8.697831848589743,8.086239504814149,8.18866262435913,8.483612564851542,8.086239504814149,7.688866444776754,266775.0,219008500.0,-0.7361907256786837,-3.690470265155875,-4.952621995240197,0.20800159052868428
2019-05-15,PTC,PTC,7.772016048431396,7.819119355681819,7.583603717850565,7.772016048431396,129500,7.621286392211914,0.15072965621948153,38.96110124110018,-0.12138059976343563,-0.07861192888252229,-0.04276867088091334,-6.792838778152417,8.073919916152954,8.171644964218139,8.49473371545938,8.073919916152954,7.653106116846528,270600.0,219138000.0,1.9777455991354695,1.226994893778432,-1.4336869660797142,0.2226168868407117
2019-05-16,PTC,PTC,7.611865355724545,7.621286196874757,7.357508484404407,7.5270795822143555,535500,7.772016048431396,-0.24493646621704013,32.44228539853205,-0.1431544682722885,-0.09152043676047554,-0.051634031511812964,-8.560475822449613,8.039575004577637,8.151862058639527,8.520139778050746,8.039575004577637,7.559010231104527,266650.0,218602500.0,-3.1515177618100134,-1.2361011665147135,-5.331749355047006,0.22493339946120894
2019-05-17,PTC,PTC,7.54592142601634,7.54592142601634,6.688644179047654,7.084310531616211,469000,7.5270795822143555,-0.44276905059814453,24.471424488773508,-0.1939029850346632,-0.11199694641531308,-0.08190603861935011,-13.939267273373732,7.9804247379302975,8.120379133224487,8.610824129335095,7.9804247379302975,7.350025346525499,264800.0,218133500.0,-5.882348469443024,-8.84848297442698,-10.476187262457422,0.2927745968628488
2019-05-20,PTC,PTC,7.4422944782578435,7.658968889813049,7.159675524330029,7.630707263946533,567000,7.084310531616211,0.5463967323303223,43.062602954758646,-0.18786629461946447,-0.12717081605614336,-0.06069547856332111,-6.289608520744322,7.957039427757263,8.09769063949585,8.603505062767724,7.957039427757263,7.310573792746804,277275.0,218700500.0,7.7127721871004375,1.3767315809578833,-0.6134881310066482,0.4150256174740221
2019-05-21,PTC,PTC,7.536500534160877,7.866222791898765,7.442294367325953,7.828540325164795,241000,7.630707263946533,0.19783306121826172,48.048771021883105,-0.16521421269134784,-0.13477949538318426,-0.030434717308163578,-3.8600809588765306,7.937767553329468,8.08055890083313,8.574895354148994,7.937767553329468,7.300639752509941,272375.0,218941500.0,2.5925914122401315,10.50532426870898,2.7194088017040112,0.42330753053325865
2019-05-22,PTC,PTC,7.960428274832537,8.054634888100482,7.913324968198563,7.98868989944458,1970500,7.828540325164795,0.16014957427978516,51.73366681877665,-0.13280860738983513,-0.13438531778451446,0.001576710394679326,-0.5910423870828321,7.928281092643738,8.06520782470703,8.55590086818671,7.928281092643738,7.300661317100766,344825.0,220912000.0,2.045714368552019,4.6913427958301925,2.7878718940231106,0.430630185948284
2019-05-23,PTC,PTC,8.233626229041441,8.243047069885167,7.988689757629568,8.1582612991333,1785500,7.98868989944458,0.1695713996887207,55.345334059253325,-0.09237904876088976,-0.1259840639797895,0.03360501521889975,1.7441552062284205,7.92638418674469,8.057159595489502,8.550815712525917,7.92638418674469,7.301952660963462,429775.0,222697500.0,2.1226434099101814,4.2117809996918565,8.385479521305406,0.4376445155799662
2019-05-24,PTC,PTC,8.007531746116532,8.243047385708195,7.91332513091152,8.07347583770752,2934500,8.1582612991333,-0.08478546142578125,53.20173913852793,-0.06641422853843526,-0.11407009689151866,0.0476558683530834,2.3894883557117437,7.912691855430603,8.048304615020752,8.509665325906475,7.912691855430603,7.315718384954732,564875.0,219763000.0,-1.0392589587046996,1.0613246894066355,13.962760408042712,0.43359094811020316
2019-05-27,PTC,PTC,8.026373355767713,8.1017382878802,7.56476202355265,8.016952514648438,1702000,8.07347583770752,-0.05652332305908203,51.76238723859689,-0.04982354640261022,-0.10122078679373697,0.05139724039112675,0.8293936281396873,7.896617865562439,8.035830097198486,8.461789507275126,7.896617865562439,7.331446223849751,644075.0,218061000.0,-0.7001113794765743,-1.7320943679491527,5.0617228173177455,0.4340571478888708
2019-05-28,PTC,PTC,8.186523447745257,8.186523447745257,7.875642867351189,7.903905391693115,442000,8.016952514648438,-0.11304712295532227,48.91219086610984,-0.045275363125649726,-0.09003170206011953,0.0447563389344698,-0.11903868085256643,7.880225276947021,8.022339181900024,8.423044544394031,7.880225276947021,7.33740600950001,642375.0,217619000.0,-1.4101009423314472,-2.100340044648653,0.9626962805065942,0.4345285153632245
2019-05-29,PTC,PTC,7.903905391693115,7.903905391693115,7.903905391693115,7.903905391693115,0,7.903905391693115,0.0,48.91219086610983,-0.04119601311520338,-0.0802645642711363,0.039068551155932926,2.9447939556566474,7.863832688331604,8.014004230499268,8.38115623308024,7.863832688331604,7.346509143582967,642375.0,217619000.0,0.0,-1.4101009423314472,-1.0613067826973677,0.4345285153632245
2019-05-30,PTC,PTC,7.913325108839111,8.177103271309049,7.7720160848466096,7.8002777099609375,95000,7.903905391693115,-0.10362768173217773,46.20725901341866,-0.04579706662850036,-0.07337106474260911,0.027573998114108753,2.348570943770492,7.846703505516052,8.004307899475098,8.347550449539265,7.846703505516052,7.345856561492839,641325.0,217524000.0,-1.3110946626599156,-1.3110946626599156,-4.387988764350976,0.4352490262880474
2019-05-31,PTC,PTC,7.8002777099609375,7.8002777099609375,7.8002777099609375,7.8002777099609375,0,7.8002777099609375,0.0,46.20725901341866,-0.04887997674144273,-0.06847284714237584,0.019592870400933105,0.36363359717001453,7.8295743227005,7.994967136383057,8.31082359376585,7.8295743227005,7.34832505163515,641325.0,217524000.0,0.0,-1.3110946626599156,-3.3838972610854707,0.4352490262880474
2019-06-03,PTC,PTC,7.913325324995743,7.913325324995743,7.640127212305723,7.649548053741455,103500,7.8002777099609375,-0.15072965621948242,42.26444181401403,-0.06276234354554067,-0.0673307464230088,0.004568402877468139,1.627038351188406,7.810242366790772,7.987412157058716,8.287592549832988,7.810242366790772,7.332892183748556,641350.0,217420500.0,-1.9323626904590971,-1.9323626904590971,-4.582844419193793,0.4379454665398472
2019-06-04,PTC,PTC,7.649548053741455,7.649548053741455,7.649548053741455,7.649548053741455,0,7.649548053741455,0.0,42.264441814014035,-0.07292360137159459,-0.06844931741272597,-0.004474283958868619,7.978723117834463,7.791799378395081,7.977545890808106,8.263757698626128,7.791799378395081,7.319841058164033,637775.0,217420500.0,0.0,-1.9323626904590971,-3.2181222490211723,0.4380086626697712
2019-06-05,PTC,PTC,7.649548053741455,7.649548053741455,7.649548053741455,7.649548053741455,0,7.649548053741455,0.0,42.26444181401403,-0.08005366261569247,-0.07077018645331927,-0.009283476162373197,0.24690751647544643,7.780023622512817,7.966435079574585,8.25393257488731,7.780023622512817,7.306114670138325,623775.0,217420500.0,0.0,0.0,-3.2181222490211723,0.43460318669822384
2019-06-06,PTC,PTC,7.649548053741455,7.649548053741455,7.649548053741455,7.649548053741455,0,7.649548053741455,0.0,42.26444181401403,-0.08472760048368144,-0.07356166925939171,-0.01116593122428973,-2.2864067117080595,7.7649506568908695,7.957635555267334,8.235123211892153,7.7649506568908695,7.294778101889585,613250.0,217420500.0,0.0,0.0,-1.9323626904590971,0.43318351248989856
2019-06-07,PTC,PTC,7.649548053741455,7.649548053741455,7.649548053741455,7.649548053741455,0,7.649548053741455,0.0,42.264441814014035,-0.08742396091605276,-0.07633412759072393,-0.011089833325328827,-4.245274882014185,7.751761794090271,7.949013814926148,8.219200368872855,7.751761794090271,7.284323219307686,607900.0,217420500.0,0.0,0.0,-1.9323626904590971,0.43305183657754426
2019-06-10,PTC,PTC,7.7154921774722975,7.7249130189452995,7.59302483200685,7.658968925476074,38500,7.649548053741455,0.00942087173461914,42.707043908766416,-0.08778868703191733,-0.07862503947896261,-0.00916364755295472,-6.120083132300129,7.750819754600525,7.941825037002563,8.218961266811283,7.750819754600525,7.282678242389768,559400.0,217459000.0,0.12315592592442527,0.12315592592442527,0.12315592592442527,0.419849624475848
2019-06-11,PTC,PTC,7.715491802417569,7.753174268056915,7.53650031523589,7.724912643432617,172500,7.658968925476074,0.06594371795654297,45.837010792675166,-0.08181353270414515,-0.07926273812399912,-0.0025507945801460374,-4.3173869753461425,7.75600106716156,7.9347105884552,8.22038489770907,7.75600106716156,7.29161723661405,559300.0,217631500.0,0.8609999413523404,0.9852162397267469,0.9852162397267469,0.4198591755012129
2019-06-12,PTC,PTC,7.772015919142387,7.875642474632781,7.630706898162681,7.715491771697998,509000,7.724912643432617,-0.00942087173461914,45.45495910002528,-0.07695131856629711,-0.07880045421245872,0.001849135646161612,-3.7602909883726463,7.75317485332489,7.92847448348999,8.217836223753828,7.75317485332489,7.288513482895953,578275.0,217122500.0,-0.12195441125963222,0.7379955026832861,0.8620603138023215,0.41398147453519457
2019-06-13,PTC,PTC,7.743754288331611,7.988689864602473,7.640126834504666,7.696650981903076,540500,7.715491771697998,-0.018840789794921875,44.653368232778355,-0.07376792241838981,-0.07779394785364493,0.004026025435255126,-2.622177259457841,7.761653423309326,7.922394933700562,8.214994598885239,7.761653423309326,7.308312247733412,578525.0,216582000.0,-0.24419428278095956,-0.36585088834069657,0.6157609290209332,0.39719164310221783
2019-06-14,PTC,PTC,7.894484571775753,7.98869029124309,7.6212864580049615,7.658968925476074,170500,7.696650981903076,-0.03768205642700195,43.019355038941896,-0.07343912455402446,-0.07692298319372085,0.0034838586396963855,-3.098929631349909,7.79038634300232,7.9152061557769775,8.118523237310983,7.79038634300232,7.4622494486936555,563600.0,216411500.0,-0.48959029733325227,-0.7325890285990737,0.12315592592442527,0.32900281931623315
2019-06-17,PTC,PTC,7.677809649179438,7.68723049057781,7.630707239029349,7.640127182006836,22500,7.658968925476074,-0.01884174346923828,42.18804709266823,-0.07384765135237892,-0.07630791682545246,0.002460265473073542,-2.0531387972198694,7.790857338905335,7.912085332870483,8.118054888154036,7.790857338905335,7.463659789656633,536375.0,216389000.0,-0.2460088773381085,-0.734394739077335,-0.2460088773381085,0.18409156953907768
2019-06-18,PTC,PTC,7.640127115587687,7.753174516122718,7.536500556369127,7.602444648742676,75500,7.640127182006836,-0.037682533264160156,40.50234102192707,-0.07633216757897276,-0.07631276697615652,-1.9400602816244117e-05,-2.5362309981044566,7.779552555084228,7.903766069412232,8.116739054698234,7.779552555084228,7.442366055470223,528100.0,216313500.0,-0.49321866464351277,-0.7380141802819098,-1.5853641373415186,0.15738011507479677
2019-06-19,PTC,PTC,7.555342329355235,7.649548048383914,7.5459214879261,7.630707263946533,67000,7.602444648742676,0.028262615203857422,42.362518418948014,-0.07515427602993885,-0.07608106878691298,0.0009267927569741319,-0.24629938478138844,7.761653423309326,7.900634651184082,8.089985382172234,7.761653423309326,7.433321464446418,432925.0,216380500.0,0.3717569349029277,-0.12329530433063288,-1.0988866330267082,0.13633012896656715
2019-06-20,PTC,PTC,7.715492116352039,7.724912957750411,7.593024771856748,7.640127182006836,1127000,7.630707263946533,0.009419918060302734,43.00215367520491,-0.07262352108466086,-0.07538955924646257,0.0027660381618017094,-0.12315592592442527,7.735746717453003,7.895202550888062,8.009552864492548,7.735746717453003,7.461940570413458,400000.0,217507500.0,0.12344750931292885,0.49566336889269236,-0.734394739077335,0.10568593718078344
2019-06-21,PTC,PTC,7.668389731242183,7.724912982975213,7.593024796650885,7.630707263946533,1061000,7.640127182006836,-0.009419918060302734,42.49429519213884,-0.07056456385217835,-0.07442456016760574,0.003859996315427383,-0.24629938478138844,7.713608288764954,7.885670642852784,7.939918140109267,7.713608288764954,7.487298437420641,306325.0,216446500.0,-0.12329530433063288,0.0,-0.369000864274747,0.10243161509755555
2019-06-24,PTC,PTC,7.583603662766768,7.668389435517512,7.442294191252336,7.489397048950195,72500,7.630707263946533,-0.1413102149963379,35.68569570698182,-0.07941987589079957,-0.0754236233122445,-0.003996252578555071,-2.0936008724453807,7.687230515480041,7.871890201568603,7.885970720978017,7.687230515480041,7.488490309982065,224850.0,216374000.0,-1.8518626138889975,-1.972874658574051,-1.972874658574051,0.11596685699522873
2019-06-25,PTC,PTC,7.442294191252336,7.583603662766768,7.442294191252336,7.489397048950195,1518000,7.489397048950195,0.0,35.68569570698182,-0.08545272861745978,-0.07742944437328757,-0.008023284244172216,-2.0936008724453807,7.6665050983428955,7.860776615142822,7.856359973263944,7.6665050983428955,7.476650223421847,278650.0,216374000.0,0.0,-1.8518626138889975,-1.486990106678077,0.1092729345467494
2019-06-26,PTC,PTC,7.442294323912726,7.6589687309743395,7.442294323912726,7.564762115478516,1696000,7.489397048950195,0.07536506652832031,41.48481005997652,-0.08319347426580315,-0.07858225035179069,-0.004611223914012461,-1.230019483225711,7.6495479345321655,7.851703701019287,7.808130455944365,7.6495479345321655,7.490965413119966,363450.0,218070000.0,1.0062901731039136,1.0062901731039136,-0.8642075522880344,0.118018692350301
2019-06-27,PTC,PTC,7.630707172692092,7.7154920492777075,7.489397248207645,7.602444648742676,57500,7.564762115478516,0.037682533264160156,44.194298819046956,-0.07746931536219748,-0.07835966335387205,0.0008903479916745755,-1.5853641373415186,7.639656281471252,7.839473037719727,7.7825565667559955,7.639656281471252,7.496755996186509,361575.0,218127500.0,0.49813242887118225,1.5094352596558704,-0.49321866464351277,0.11313303611924874
2019-06-28,PTC,PTC,7.545921311011036,8.007531749165448,7.536500469802775,7.790857791900635,334000,7.602444648742676,0.18841314315795898,55.33149641500274,-0.05707162599364235,-0.07410205588182611,0.017030429888183762,0.9768142126610088,7.639185285568237,7.82994387626648,7.779901911236119,7.639185285568237,7.498468659900355,378275.0,218461500.0,2.4783231166190673,2.98880087662634,2.0987638814396496,0.14617119920661054
2019-07-01,PTC,PTC,7.649548023405208,7.762595424923012,7.640127182006836,7.640127182006836,21000,7.790857791900635,-0.15073060989379883,47.21366520616442,-0.05246423567084779,-0.06977449183963046,0.017310256168782664,-0.734394739077335,7.638714241981506,7.820778150558471,7.779347856347207,7.638714241981506,7.498080627615805,374150.0,218440500.0,-1.9347113491212504,0.49566336889269236,2.012580346207827,0.14621235485497572
2019-07-02,PTC,PTC,7.64012720695478,7.706072198537832,7.602444739659131,7.630707263946533,59500,7.640127182006836,-0.009419918060302734,46.75203052230284,-0.04900802035528162,-0.06562119754276069,0.016613177187479067,-0.369000864274747,7.63777220249176,7.8091127395629885,7.77835265746883,7.63777220249176,7.49719174751469,377125.0,218381000.0,-0.12329530433063288,-2.055621245206065,1.8868036248144389,0.14627545296828914
2019-07-03,PTC,PTC,7.724912957750411,7.724912957750411,7.583603930458376,7.640127182006836,195000,7.630707263946533,0.009419918060302734,47.30687258007668,-0.04499021693964078,-0.061495001422136715,0.016504784482495934,0.0,7.6373011589050295,7.798346900939942,7.777778572816949,7.6373011589050295,7.49682374499311,386875.0,218576000.0,0.12344750931292885,0.0,0.9962648577423645,0.14635036036263102
2019-07-04,PTC,PTC,7.630707172692092,7.7154920492777075,7.593024705847081,7.602444648742676,22500,7.640127182006836,-0.037682533264160156,45.27452549361009,-0.04433567028532881,-0.058063135194775135,0.013727464909446326,0.0,7.63494598865509,7.78647180557251,7.776136488165128,7.63494598865509,7.493755489145053,388000.0,218553500.0,-0.49321866464351277,-0.37038002148755284,0.0,0.14738438237793935
2019-07-05,PTC,PTC,7.564762109715885,7.696651191625396,7.536500484457014,7.545921325683594,32000,7.602444648742676,-0.05652332305908203,42.33646639899722,-0.047826582064751655,-0.05601582456877044,0.008189242504018784,-1.1111150687634808,7.629764652252197,7.770443782806397,7.776206910925598,7.629764652252197,7.483322393578796,389600.0,218521500.0,-0.7434887811834329,-1.2330404203886183,-3.1438959965573576,0.14955205939495933
2019-07-08,PTC,PTC,7.687230418090026,7.687230418090026,7.527079709511411,7.583603858947754,32500,7.545921325683594,0.037682533264160156,44.90347834287937,-0.04701058058237351,-0.05421477577149105,0.007204195189117545,-0.7398217557451057,7.625996398925781,7.755347213745117,7.773151366613312,7.625996398925781,7.4788414312382505,389300.0,218554000.0,0.49937617472769574,-0.2478254122907405,-0.7398217557451057,0.15076770873693598
2019-07-09,PTC,PTC,7.762595150913231,7.762595150913231,7.489397048950195,7.489397048950195,119000,7.583603858947754,-0.0942068099975586,40.09760855992601,-0.05335060323179963,-0.05404194126355277,0.0006913380317531415,-1.8518626138889975,7.61422061920166,7.740500011444092,7.765677304460792,7.61422061920166,7.4627639339425285,386625.0,218435000.0,-1.2422432889398056,-0.749070581229229,-1.8518626138889975,0.1524766623828994
2019-07-10,PTC,PTC,7.536500520547233,7.574182987213135,7.508238445942589,7.574182987213135,7000,7.489397048950195,0.08478593826293945,45.727476955616,-0.05094632273123878,-0.05342281755708998,0.0024764948258512026,1.1320796281567698,7.607155179977417,7.727348527908325,7.751748702937598,7.607155179977417,7.462561657017235,361525.0,218442000.0,1.1320796281567698,-0.12422684398926809,-0.8631295425160656,0.15913815649544222
2019-07-11,PTC,PTC,7.630707038024969,7.7720160615947105,7.508238349124361,7.5270795822143555,99000,7.574182987213135,-0.0471034049987793,43.293110116712555,-0.052239578889033744,-0.05318616982347874,0.0009465909344449977,0.5031450865519568,7.598676609992981,7.715032892227173,7.741043439737642,7.598676609992981,7.456309780248319,339450.0,218343000.0,-0.6218942040124997,0.5031450865519568,-0.9913267377853847,0.16019231833603587
2019-07-12,PTC,PTC,7.52707954557703,7.809698489761754,7.489397079580457,7.4988179206848145,63000,7.5270795822143555,-0.028261661529541016,41.853417487585226,-0.05491198245218154,-0.05353133234921931,-0.0013806501029622331,-0.8717285988249455,7.590669059753418,7.7021520233154295,7.736725047440968,7.590669059753418,7.444613072065868,334075.0,218280000.0,-0.3754664903014996,-0.995025689972805,-0.6242233779784624,0.15988125808464523
2019-07-15,PTC,PTC,7.53650053152594,7.53650053152594,7.310405731201172,7.310405731201172,74500,7.4988179206848145,-0.18841218948364258,33.78676129164059,-0.07141000055930036,-0.05710706599123552,-0.014302934568064835,-3.8413817006849573,7.574182987213135,7.687636394500732,7.764470462548604,7.574182987213135,7.3838955118776655,336675.0,218205500.0,-2.5125585322444555,-2.878591207208166,-3.602484159615492,0.1814057215608981
2019-07-16,PTC,PTC,7.348088068825104,7.442294233972004,7.206778596499538,7.253881454467773,442000,7.310405731201172,-0.05652427673339844,31.806213645395957,-0.08803106815404682,-0.06329186642379778,-0.024739201730249044,-6.892390437303337,7.55675482749939,7.672345867156983,7.794159133263026,7.55675482749939,7.319350521735753,355000.0,217763500.0,-0.7732030042074141,-3.266334358398086,-3.144653607534863,0.18224734303223278
2019-07-17,PTC,PTC,7.348088133624048,7.442294299601703,7.178516585653835,7.282143592834473,115000,7.253881454467773,0.02826213836669922,33.89282710160376,-0.09779553949783981,-0.0701926010386062,-0.027602938459233617,-4.685571072893207,7.539326643943786,7.660287475585937,7.803536033228136,7.539326643943786,7.2751172546594365,357400.0,217878500.0,0.3896140093286491,-0.38660150210370703,-3.8557214008651233,0.18232638564271625
2019-07-18,PTC,PTC,7.263302305328785,7.33866723754738,6.971262968376513,6.999524593353272,289500,7.282143592834473,-0.2826189994812003,25.492580753981713,-0.12687639262326833,-0.08152935935553862,-0.04534703326772971,-8.271614265370452,7.507296514511109,7.641257820129394,7.860414439677894,7.507296514511109,7.1541785893443235,315525.0,217589000.0,-3.8809863590068923,-3.5064932162330678,-7.008760610258942,0.22298580770205684
2019-07-19,PTC,PTC,7.159675516592131,7.197357983847054,6.688644226695143,6.848794937133789,600000,6.999524593353272,-0.1507296562194833,22.315854547287543,-0.16023867015359627,-0.09727122151515015,-0.06296744863844612,-10.35757947507344,7.468200898170471,7.619967212677002,7.922447074898705,7.468200898170471,7.013954721442237,292475.0,216989000.0,-2.1534270536404105,-5.950839202444355,-8.668339335963813,0.2308197514654898
2019-07-22,PTC,PTC,6.782850130547965,6.782850130547965,6.641541108453136,6.707485198974609,209000,6.848794937133789,-0.1413097381591797,19.821997957689973,-0.19582369667406052,-0.11698171654693224,-0.07884198012712829,-11.771995602968035,7.429105305671692,7.600560722351074,7.996237117925071,7.429105305671692,6.861973493418313,299300.0,216780000.0,-2.0632788608256627,-4.172274709285009,-8.24742913588596,0.23254241531679887
2019-07-23,PTC,PTC,6.735747373713148,6.782850232046127,6.66980283299446,6.76400899887085,127000,6.707485198974609,0.056523799896240234,23.504457825882753,-0.21696307305393692,-0.13697798784833318,-0.07998508520560374,-10.362052466030844,7.392835903167724,7.583415174484253,8.031945720118605,7.392835903167724,6.753726086216845,229750.0,216907000.0,0.8426973481041923,-1.2379687089656426,-6.753245950762045,0.2370164265370145
2019-07-24,PTC,PTC,6.773429939740949,6.877056948335161,6.688644164599282,6.82053279876709,643000,6.76400899887085,0.056523799896240234,27.109721918755383,-0.22654372779796894,-0.15489113583826034,-0.0716525919597086,-10.062116565863743,7.355624437332153,7.564385509490966,8.037798949364866,7.355624437332153,6.6734499252994395,177100.0,217550000.0,0.8356553030262975,1.6853946962083846,-6.3389411123614945,0.23565411039251674
2019-07-25,PTC,PTC,6.895898046103786,6.895898046103786,6.6886440329933,6.7451677322387695,30000,6.82053279876709,-0.07536506652832031,25.39137593726562,-0.2374802719752065,-0.17140896306564957,-0.06607130890955693,-9.937105909156545,7.312760591506958,7.548747272491455,8.036124195872413,7.312760591506958,6.589396987141504,175725.0,217520000.0,-1.104973302700687,-0.27855176767543255,-3.6339162427693923,0.2334551406869798
2019-07-26,PTC,PTC,6.641541071865977,6.782850093182358,6.603858606286886,6.679223537445068,438000,6.7451677322387695,-0.06594419479370117,23.960280450370533,-0.24860296717481667,-0.18684776388748298,-0.06175520328733369,-11.81592062508857,7.257178878784179,7.540645532608032,7.9965194846634144,7.257178878784179,6.517838272904944,180925.0,217082000.0,-0.9776509259883717,-2.071821446963281,-2.47593045558006,0.20361181085290836
2019-07-29,PTC,PTC,6.688644030052247,6.735747337341309,6.6038587058265374,6.735747337341309,31000,6.679223537445068,0.056523799896240234,27.72069569195378,-0.24997522618934198,-0.1994732563478548,-0.05050196984148719,-10.513137747910573,7.211959886550903,7.5227463340759275,7.9632132713661,7.211959886550903,6.460706501735706,181425.0,217113000.0,0.8462630361052668,-0.13966138829188524,0.4213522285672688,0.20622405968072585
2019-07-30,PTC,PTC,6.735747201588229,6.735747201588229,6.613278964473253,6.660382270812988,43000,6.735747337341309,-0.07536506652832031,25.882763985031985,-0.25421366546863133,-0.21042133817201011,-0.04379232729662122,-11.180904227039262,7.163443636894226,7.499383172988892,7.926074098475409,7.163443636894226,6.4008131753130435,180600.0,217070000.0,-1.1188820297714424,-0.28208767870175555,-1.5320311974032008,0.20607270916878054
2019-07-31,PTC,PTC,6.858215476737656,6.867635868531594,6.613279001149328,6.688643932342529,73500,6.660382270812988,0.028261661529541016,27.81553877093414,-0.25238286665695764,-0.21881364386899962,-0.033569222787958014,-8.505161296382397,7.115869474411011,7.47338225364685,7.871976726336275,7.115869474411011,6.359762222485747,174525.0,217143500.0,0.4243249168052828,-0.6993048082081365,-1.9337032797262022,0.2078773097534713
2019-08-01,PTC,PTC,6.688644244406046,6.782850412792803,6.585017234575389,6.594438076019287,332000,6.688643932342529,-0.09420585632324219,25.434581876399392,-0.25558731918463007,-0.2261683789321257,-0.029418940252504355,-9.09090371255413,7.065469145774841,7.44210578918457,7.819391908590699,7.065469145774841,6.3115463829589835,190000.0,216811500.0,-1.4084447800803914,-0.9900962454164333,-2.234631697875572,0.20946764850132246
2019-08-02,PTC,PTC,6.650961679328569,6.650961679328569,6.500231812124435,6.547334671020508,45000,6.594438076019287,-0.0471034049987793,24.313911302068988,-0.25894279071835413,-0.23272326128937143,-0.026219529428982702,-10.090557985385052,7.015539813041687,7.41158296585083,7.767753115628096,7.015539813041687,6.263326510455277,190650.0,216766500.0,-0.71428989787729,-2.1126742991763874,-1.974613750912289,0.2094622323021405
2019-08-05,PTC,PTC,5.661796335174716,6.688644244406046,5.661796335174716,6.594438076019287,81000,6.547334671020508,0.0471034049987793,27.742542146259026,-0.2548632698321285,-0.23715126299792286,-0.017712006834205624,-5.787343296409791,6.966081523895264,7.3831326770782475,7.690595955142916,6.966081523895264,6.241567092647612,193075.0,216847500.0,0.7194287044355023,0.0,-2.0979002662204693,0.21126967324860882
2019-08-06,PTC,PTC,6.453128471169986,6.594437945559783,6.415446004560764,6.528493404388428,96000,6.594438076019287,-0.06594467163085938,25.968883522524195,-0.2540231828880346,-0.24052564697594522,-0.013497535912089381,-4.67675752720678,6.918036341667175,7.355624437332153,7.623627985611965,6.918036341667175,6.212444697722385,191925.0,216751500.0,-1.000004410848402,-0.2877700251901643,-1.9801996501390264,0.21060052713060198
2019-08-07,PTC,PTC,6.528493404388428,6.528493404388428,6.528493404388428,6.528493404388428,0,6.528493404388428,0.0,25.968883522524195,-0.2504701440242796,-0.2425145463856121,-0.007955597638667489,-2.6685380478147693,6.86575186252594,7.328116197586059,7.519707420707471,6.86575186252594,6.211796304344409,191575.0,216751500.0,0.0,-1.000004410848402,-2.3943646810036254,0.20134177233156153
2019-08-08,PTC,PTC,6.443708079122898,6.58501710430226,6.217612830257137,6.528493404388428,370500,6.528493404388428,0.0,25.968883522524195,-0.24483206350111875,-0.24297804980871343,-0.0018540136924053152,-3.481893571131228,6.815822553634644,7.302680511474609,7.406612406626859,6.815822553634644,6.225032700642428,205150.0,216751500.0,0.0,0.0,-1.000004410848402,0.2029976298204589
2019-08-09,PTC,PTC,6.406025513550008,6.556755377658337,6.406025513550008,6.471969604492188,42000,6.528493404388428,-0.056523799896239346,24.305350741810884,-0.24213367603451186,-0.24280917505387314,0.0006754990193612864,-5.110498029390157,6.764480137825013,7.276114349365234,7.278890663090115,6.764480137825013,6.25006961255991,204100.0,216709500.0,-0.8658015930328469,-0.8658015930328469,-1.1510801007606437,0.2026998426604063
2019-08-12,PTC,PTC,6.471969604492188,6.471969604492188,6.471969604492188,6.471969604492188,0,6.471969604492188,0.0,24.305350741810884,-0.2372601966685437,-0.24169937937680724,0.004439182708263545,-4.050279230875475,6.722558331489563,7.252562780380249,7.1835219211170385,6.722558331489563,6.261594741862088,200375.0,216709500.0,0.0,-0.8658015930328469,-1.8571479497617247,0.1926988065344541
2019-08-13,PTC,PTC,6.471969604492188,6.471969604492188,6.471969604492188,6.471969604492188,0,6.471969604492188,0.0,24.305350741810884,-0.23073812369898405,-0.23950712824124262,0.008769004542258568,-3.1029644657192983,6.683462738990784,7.229011211395264,7.0832617514170595,6.683462738990784,6.283663726564508,178275.0,216709500.0,0.0,0.0,-0.8658015930328469,0.19372963691706385
2019-08-14,PTC,PTC,6.471969604492188,6.471969604492188,6.471969604492188,6.471969604492188,0,6.471969604492188,0.0,24.305350741810884,-0.22299874318210477,-0.23620545122941508,0.013206708047310306,-3.916087104200035,6.642954039573669,7.205459642410278,6.937725289229556,6.642954039573669,6.348182789917782,172525.0,216709500.0,0.0,0.0,-0.8658015930328469,0.19167543670321044
2019-08-15,PTC,PTC,6.471969604492188,6.471969604492188,6.471969604492188,6.471969604492188,0,6.471969604492188,0.0,24.305350741810884,-0.2143938297494259,-0.23184312693341727,0.01744929718399138,-2.828856643055739,6.616576290130615,7.181908073425293,6.868267550299789,6.616576290130615,6.364885029961441,158050.0,216709500.0,0.0,0.0,-0.8658015930328469,0.1474603321873742
2019-08-16,PTC,PTC,6.5096519336685486,6.547334398903442,6.142247673023125,6.396604537963867,72500,6.471969604492188,-0.0753650665283212,21.629363833731233,-0.21122088202808165,-0.22771867795235018,0.016497795924268532,-4.366197353794294,6.593966770172119,7.156849203109741,6.838977443837178,6.593966770172119,6.3489560965070595,131675.0,216637000.0,-1.1644842472067602,-1.1644842472067602,-1.1644842472067602,0.13543543759563423
2019-08-19,PTC,PTC,6.547334358335592,6.641540970049533,6.500231501689037,6.622699737548828,65000,6.396604537963867,0.22609519958496094,42.19190161356857,-0.1882917944501319,-0.21983330125190653,0.031541506801774644,0.42856815400715814,6.58972749710083,7.136123819351196,6.829342677407921,6.58972749710083,6.350112316793738,124475.0,216702000.0,3.534612750297212,2.328968494413479,2.328968494413479,0.17944318215424074
2019-08-20,PTC,PTC,6.688643963029564,6.971262905511129,6.594437798605852,6.698064804077148,49000,6.622699737548828,0.07536506652832031,47.167946205412434,-0.16216960606115816,-0.20830056221375687,0.04613095615259871,2.3021602015213145,6.586430287361145,7.115586862564087,6.817614339302412,6.586430287361145,6.3552462354198775,120575.0,216751000.0,1.1379810276015048,4.712817000396283,3.493452741620226,0.18169998428903147
2019-08-21,PTC,PTC,6.735747553204647,6.782850412792803,6.537914374987232,6.594438076019287,654000,6.698064804077148,-0.10362672805786133,41.83549517062419,-0.14812193698539655,-0.19626483716808482,0.04814290018268827,0.0,6.5751255512237545,7.093165788650513,6.778555617076893,6.5751255512237545,6.3716954853706165,121125.0,216097000.0,-1.547114444082165,-0.4267392853295977,1.89229058557527,0.18605427242106873
2019-08-22,PTC,PTC,6.735747455793625,7.244461206935647,6.613279214056728,7.065469264984131,2128500,6.594438076019287,0.47103118896484375,62.55674870086539,-0.09785279158712967,-0.1765824280518938,0.07872963646476414,8.225111481842811,6.591140627861023,7.080542154312134,6.882405011738173,6.591140627861023,6.2998762439838725,226050.0,218225500.0,7.142855593378782,5.485232998691523,9.170309762888795,0.31574983767460607
2019-08-23,PTC,PTC,6.905318668540052,7.018366070804531,6.8299537336970655,6.858215808868408,188500,7.065469264984131,-0.20725345611572266,53.52180339269194,-0.07388604121780773,-0.1560431506850766,0.08215710946726887,5.050512944661051,6.60009024143219,7.06452709197998,6.912949588654489,6.60009024143219,6.28723089420989,213575.0,218037000.0,-2.933328960085543,4.000003181595569,7.216504759124575,0.3329985133931606
2019-08-26,PTC,PTC,6.707485478083397,6.858215796712655,6.594438076019287,6.594438076019287,438000,6.858215808868408,-0.2637777328491211,44.677540396594495,-0.07530876487405003,-0.1398962735228713,0.06458750864882126,1.010105510507702,6.593024778366089,7.04361330986023,6.899297892423086,6.593024778366089,6.286751664309091,233925.0,217599000.0,-3.8461567877177063,-6.66666531689883,-0.4267392853295977,0.36055262057299364
2019-08-27,PTC,PTC,6.72632639793913,6.782850096334031,6.500231604359527,6.688643932342529,181000,6.594438076019287,0.09420585632324219,47.9834924714111,-0.06805021777695419,-0.12552706237368788,0.05747684459673369,3.347888526855062,6.594437861442566,7.025337295532227,6.902276285095087,6.594437861442566,6.286599437790046,240825.0,217780000.0,1.4285653339565405,-2.472536316320118,-0.1406506507504168,0.36217129188412417
2019-08-28,PTC,PTC,6.773429600876081,6.971262766835706,6.603858508286581,6.632120132446289,230000,6.688643932342529,-0.056523799896240234,46.1995891324052,-0.06609684192021792,-0.11364101828299389,0.04754417636277597,2.474525341450002,6.591611671447754,7.005365552902222,6.896835238990242,6.591611671447754,6.286388103905265,248650.0,217550000.0,-0.8450711454817149,0.5714217950432042,0.5714217950432042,0.36321131483633995
2019-08-29,PTC,PTC,6.613279142057371,6.69806491606145,6.443708043259645,6.500231742858887,1246500,6.632120132446289,-0.13188838958740234,42.25237665774985,-0.07433419001185282,-0.10577965262876568,0.03144546261691286,0.4366852765668368,6.586901354789734,6.982567644119262,6.894836869398231,6.586901354789734,6.278965840181236,294375.0,216303500.0,-1.988630889572784,-2.816896689216583,-7.999999730046432,0.3667239032259953
2019-08-30,PTC,PTC,6.123406575229707,6.40602551992448,6.123406575229707,6.208192348480225,1168500,6.500231742858887,-0.2920393943786621,35.10097557767001,-0.10323742935018565,-0.10527120797304969,0.002033778622864038,-4.075687497494986,6.569944238662719,6.954117345809936,6.921338289100694,6.569944238662719,6.218550188224745,350550.0,215135000.0,-4.492753580662638,-6.392040184737979,-9.478025750482123,0.3989518943296413
2019-09-02,PTC,PTC,6.179930102150285,6.406025341449051,6.179930102150285,6.368342876434326,68500,6.208192348480225,0.16015052795410156,40.998560702090295,-0.11193038182290849,-0.10660304274302146,-0.005327339079887028,-1.6011621560449698,6.558639478683472,6.931696262359619,6.921089230689934,6.558639478683472,6.19618972667701,349925.0,215203500.0,2.579664400915456,-2.028987144488392,-3.4285741556533447,0.4101674935952549
2019-09-03,PTC,PTC,6.3118191723598205,6.547334819824149,6.3118191723598205,6.358922481536865,79000,6.368342876434326,-0.009420394897460938,40.763901703720045,-0.118217024158624,-0.10892583902614197,-0.009291185132482033,-0.5890946705140021,6.550160932540893,6.909086771011353,6.923353992843426,6.550160932540893,6.176967872238361,349075.0,215124500.0,-0.14792537211400078,2.4279230506371086,-4.929570988392971,0.40891942748889354
2019-09-04,PTC,PTC,6.55675527458123,6.56617566633469,6.311818800045351,6.415445804595947,95000,6.358922481536865,0.05652332305908203,42.876545724164416,-0.11728627059746533,-0.11059792534040665,-0.006688345257058678,-3.129447825904138,6.544508552551269,6.886100444793701,6.922477287586712,6.544508552551269,6.166539817515826,353825.0,215219500.0,0.8888820900584578,0.7396418358050832,-3.267044678372261,0.4104233433207012
2019-09-05,PTC,PTC,6.406025625892074,6.585017118054463,6.255295309929967,6.274136543273926,924500,6.415445804595947,-0.14130926132202148,39.12017622749106,-0.12649298571230272,-0.11377693741478587,-0.012716048297516852,-6.329115546107814,6.531790709495544,6.859534282684326,6.928672343698349,6.531790709495544,6.1349090752927395,381525.0,214295000.0,-2.2026413382027052,-1.3333381325077553,-3.4782636762658146,0.417412930583329
2019-09-06,PTC,PTC,6.255295131851926,6.424866676330566,6.255295131851926,6.424866676330566,11000,6.274136543273926,0.15073013305664062,44.6867949838963,-0.12024065234519554,-0.11506968040086782,-0.0051709719443277236,-2.5714306167400087,6.529435563087463,6.832214460372925,6.9283656189323555,6.529435563087463,6.130505507242571,379975.0,214306000.0,2.4024044108225238,0.1468467199562366,3.4901355449043714,0.42617554003055264
2019-09-09,PTC,PTC,6.424866676330566,6.424866676330566,6.424866676330566,6.424866676330566,0,6.424866676330566,0.0,44.6867949838963,-0.11397183671745914,-0.11485011166418609,0.0008782749467269452,-9.066667260564515,6.527080416679382,6.807909250259399,6.927990179805351,6.527080416679382,6.126170653553413,379975.0,214306000.0,0.0,2.4024044108225238,0.8875746955366236,0.42617554003055264
2019-09-10,PTC,PTC,6.424866676330566,6.424866676330566,6.424866676330566,6.424866676330566,0,6.424866676330566,0.0,44.6867949838963,-0.1077615471319957,-0.11343239875774802,0.005670851625752316,-6.3186861512505175,6.5247252702713014,6.7837924385070805,6.927547039429107,6.5247252702713014,6.121903501113496,379975.0,214306000.0,0.0,0.0,1.0370341042082236,0.42617554003055264
2019-09-11,PTC,PTC,6.453128266863516,6.5850168958201865,6.349501262363778,6.406025409698486,385000,6.424866676330566,-0.018841266632080078,44.05786028405538,-0.10317089083902697,-0.11138009717400382,0.008209206334976848,-2.8571451297111206,6.521428060531616,6.759110403060913,6.927137214560154,6.521428060531616,6.115718906503079,399225.0,213921000.0,-0.29325537137590674,-0.29325537137590674,-0.14683928731363113,0.4263002256359519
2019-09-12,PTC,PTC,6.358922173283183,6.556755343499939,6.358922173283183,6.453128337860107,325000,6.406025409698486,0.047102928161621094,46.100236310230954,-0.09464098761268058,-0.10803227526173918,0.0133912876490586,-3.521126208312579,6.520485997200012,6.736124076843262,6.9267658003105765,6.520485997200012,6.114206194089448,415475.0,214246000.0,0.7352909979143853,0.4398793461918512,2.8528514378295853,0.4271380181298
2019-09-13,PTC,PTC,6.406025412842487,6.519072809146544,6.387184180125144,6.415445804595947,65000,6.453128337860107,-0.037682533264160156,44.69442556371075,-0.0898854992756446,-0.10440292006452027,0.014517420788875676,-3.267044678372261,6.521428060531616,6.713514566421509,6.9265842094882,6.521428060531616,6.116271911575033,415100.0,214181000.0,-0.5839421020511718,0.14705522215379926,-0.14663139655996227,0.42549774946821206
2019-09-16,PTC,PTC,6.415445905451564,6.575596610671878,6.406025513550008,6.471969604492188,87500,6.415445804595947,0.05652379989624112,47.29090683414881,-0.08062633207654901,-0.09964760246692603,0.019021270390377015,-0.4347866273805843,6.513891553878784,6.691281881332397,6.916716801763787,6.513891553878784,6.111066305993781,416225.0,214268500.0,0.881058021809617,0.29197105102559967,0.7331347175677717,0.40667165032971764
2019-09-17,PTC,PTC,6.537914175534487,6.594437874842169,6.443708010021686,6.481390476226807,408500,6.471969604492188,0.009420871734618252,47.73136218733943,-0.07170165767020631,-0.0940584135075821,0.022356755837375786,4.400606688893287,6.503057837486267,6.67112174987793,6.8965745066515876,6.503057837486267,6.109541168320947,434200.0,214677000.0,0.14556421476515022,1.0279047417658398,0.8797661141277202,0.40423429732346433
2019-09-18,PTC,PTC,6.481390611526381,6.594438012501617,6.481390611526381,6.566175937652588,277500,6.481390476226807,0.08478546142578125,51.647435733992644,-0.057128765897137335,-0.08667248398549315,0.02954371808835582,3.1065076905694133,6.501644730567932,6.6509616088867185,6.893980948217539,6.501644730567932,6.109308512918325,415375.0,214954500.0,1.3081369150148747,1.4556053090084196,2.499998325196144,0.4036995481293494
2019-09-19,PTC,PTC,6.453128569149888,6.622700120676477,6.453128569149888,6.585017204284668,88000,6.566175937652588,0.018841266632080078,52.49913171278826,-0.04355721100573895,-0.07804942938954232,0.03449221838380337,3.555550856363934,6.477622127532959,6.632120361328125,6.770939906027839,6.477622127532959,6.1843043490380785,313350.0,215042500.0,0.28694428554736295,1.5988348246870085,2.043797357179101,0.3040704189022907
2019-09-20,PTC,PTC,6.5473345674805525,6.575596641739608,6.406025543816565,6.481390476226807,167500,6.585017204284668,-0.10362672805786133,47.53932791070372,-0.04069436754836797,-0.07057841702130746,0.02988404947293949,1.0279047417658398,6.4587808609008786,6.611771812438965,6.6912642727478016,6.4587808609008786,6.2262974490539555,312300.0,214875000.0,-1.5736743708191774,-1.2912456539520034,1.0279047417658398,0.29225455231376296
2019-09-23,PTC,PTC,6.726326365736115,6.726326365736115,6.321239637906844,6.406025409698486,236000,6.481390476226807,-0.07536506652832031,44.26406156870714,-0.043999673650425564,-0.06526266834713108,0.02126299469670552,2.1021038594697083,6.4493602275848385,6.593684206008911,6.6738295858033085,6.4493602275848385,6.2248908693663685,302200.0,214639000.0,-1.1627916386885346,-2.718167455503642,-1.0189200324415963,0.262680284325006
2019-09-24,PTC,PTC,6.415446101968522,6.594438045685231,6.330660326205227,6.585017204284668,211500,6.406025409698486,0.17899179458618164,52.614132083767835,-0.03180933243974504,-0.05857200116565388,0.026762668725908836,2.4926669458231983,6.444178891181946,6.580306921005249,6.649346365636443,6.444178891181946,6.239011416727449,303725.0,214850500.0,2.7941162130764368,1.5988348246870085,1.5988348246870085,0.2774928407899833
2019-09-25,PTC,PTC,6.547334701405928,6.59443800973104,6.500231842291257,6.556755542755127,115000,6.585017204284668,-0.028261661529541016,51.30711380290027,-0.02415048731191316,-0.05168769839490574,0.027537211082992577,2.052787599631347,6.4404106616973875,6.565799160003662,6.633454229710933,6.4404106616973875,6.247367093683842,297975.0,214735500.0,-0.42918128613471235,2.3529431030423447,-0.14346851176255163,0.27632934085365174
2019-09-26,PTC,PTC,6.547334604172646,6.547334604172646,6.462549279341192,6.509652137756348,56000,6.556755542755127,-0.0471034049987793,49.117078705193805,-0.021632284977338934,-0.04567661571139238,0.024044330734053446,1.3196454603195713,6.440881681442261,6.5560017108917235,6.634584668421728,6.440881681442261,6.247178694462794,238450.0,214679500.0,-0.7183950155168756,-1.144493084684465,-1.144493084684465,0.2680185607373965
2019-09-27,PTC,PTC,6.500231776194594,6.585017101423053,6.424866843009104,6.519073009490967,146000,6.509652137756348,0.00942087173461914,49.580626381018085,-0.01866129013264839,-0.04027355059564358,0.021612260462995192,1.7647073272817584,6.456425714492798,6.549407272338867,6.618881371840848,6.456425714492798,6.293970057144747,187325.0,214825500.0,0.14472158473687952,-0.5747131034311229,0.5813958193442673,0.20834411117072035
2019-09-30,PTC,PTC,6.68864407485636,6.68864407485636,6.500231742858887,6.500231742858887,27500,6.519073009490967,-0.018841266632080078,48.62651472455436,-0.017623930368767304,-0.03574362655026833,0.018119696181501027,0.7299313221841028,6.463020157814026,6.545262203216553,6.621068711964013,6.463020157814026,6.304971603664039,185275.0,214798000.0,-0.2890175735821568,-0.14471425965793344,1.4705894394014654,0.18991955431548316
2019-10-01,PTC,PTC,6.509652171083817,6.5661758709976485,6.50023177903673,6.528493404388428,25000,6.500231742858887,0.028261661529541016,50.17534479970621,-0.014355850085662425,-0.03146607125734715,0.017110221171684724,1.7621160436192065,6.471498703956604,6.5405518913269045,6.6241349043218,6.471498703956604,6.318862503591407,182575.0,214823000.0,0.43477929168585566,0.14450512954443068,-0.8583698135133486,0.18999907165679622
2019-10-02,PTC,PTC,6.519073141309881,6.594438076019287,6.5002319076325294,6.594438076019287,158500,6.528493404388428,0.06594467163085938,53.684163716947936,-0.006371245288339544,-0.026447106063545632,0.020075860775206088,1.89229058557527,6.480448317527771,6.536029996871949,6.640076072606243,6.480448317527771,6.320820562449299,185750.0,214981500.0,1.010105510507702,1.4492765317774225,0.5747131034311229,0.19068160067958023
2019-10-03,PTC,PTC,6.500231702175067,6.782850198402416,6.32123976329253,6.7451677322387695,304000,6.594438076019287,0.15072965621948242,60.52678945801263,0.011981124154859302,-0.01876146001986465,0.03074258417472395,4.069763378390419,6.503999876976013,6.536029996871949,6.674110149068724,6.503999876976013,6.333889604883302,154725.0,215285500.0,2.2857088728698765,3.3189024546566004,3.617944392395689,0.18384090906457345
2019-10-04,PTC,PTC,6.688643857415961,7.30098459031688,6.688643857415961,7.159675121307373,3047500,6.7451677322387695,0.4145073890686035,72.54101937559349,0.059289340662497025,-0.003151299883392314,0.06244064054588934,9.038734101708542,6.540740299224853,6.5456390285491945,6.876065416319351,6.540740299224853,6.205415182130356,306550.0,218333000.0,6.145249540459174,8.571420927335321,9.826582872806739,0.26765242310908965
2019-10-07,PTC,PTC,7.300984650612063,7.545921125479405,7.065469016721351,7.442294120788574,5850500,7.159675121307373,0.28261899948120117,77.55673859713573,0.1182236260255296,0.02112368529839207,0.09709994072713754,13.018597976419901,6.591611671447754,6.559769964218139,7.111068595084112,6.591611671447754,6.072154747811395,599075.0,224183500.0,3.9473718387042442,10.335197228941606,14.492750646384742,0.29231531237798164
2019-10-08,PTC,PTC,7.489397157985314,7.536500465579358,7.253881518435959,7.282143592834473,941500,7.442294120788574,-0.16015052795410156,69.77848585102103,0.15027439294295686,0.046953826827305034,0.10332056611565182,12.354650125536502,6.634475517272949,6.572205190658569,7.231662406678377,6.634475517272949,6.037288627867521,646150.0,223242000.0,-2.1518973229874483,1.7105311267913588,11.544013936499411,0.30916605971472627
2019-10-09,PTC,PTC,7.348087997255376,7.348087997255376,7.15967521958627,7.206778526306152,289500,7.282143592834473,-0.07536506652832031,66.4034414070264,0.16766083587095526,0.07109522863603508,0.09656560723492018,12.499999069553414,6.674513173103333,6.582567882537842,7.31314392284994,6.674513173103333,6.035882423356726,641375.0,222952500.0,-1.0349296957351746,-3.164556394305295,9.285710825212611,0.3132480312073895
2019-10-10,PTC,PTC,7.348088133624048,7.630707080767447,7.216199052044897,7.282143592834473,1978000,7.206778526306152,0.07536506652832031,68.06679706273621,0.18538405616870168,0.09395299414256841,0.09143106202613327,10.586553792087377,6.71596393585205,6.596321992874145,7.400088275279673,6.71596393585205,6.031839596424428,724025.0,224930500.0,1.0457524988900806,0.0,7.9608970734590905,0.3136080012230751
2019-10-11,PTC,PTC,7.442294145163587,7.772015943848404,7.395190838547004,7.706071853637695,4691000,7.282143592834473,0.42392826080322266,75.43437984094047,0.23097477029888758,0.12135734937383225,0.10961742092505533,17.52873510973736,6.780495238304138,6.619496736526489,7.579157381847233,6.780495238304138,5.981833094761043,955325.0,229621500.0,5.821476264493907,6.928106996892226,7.631585554828205,0.3598857784242772
2019-10-14,PTC,PTC,7.724912884907296,8.054635143374062,7.5459213921304835,7.583603858947754,2052500,7.706071853637695,-0.1224679946899414,70.3824007944934,0.2542922730148067,0.14794433410202715,0.10634793891277958,16.497835805425392,6.836076951026916,6.639280052185058,7.696658106784151,6.836076951026916,5.975495795269682,1053575.0,227569000.0,-1.589240238295075,4.139718782940698,1.8987389622839406,0.3709755328133859
2019-10-15,PTC,PTC,7.687230381439411,7.687230381439411,7.479976814932557,7.555342197418213,475000,7.583603858947754,-0.028261661529541016,69.23014937316955,0.26740856256463896,0.17183717979454952,0.09557138277008945,15.895959232525328,6.8897745370864865,6.659817028045654,7.790268089604265,6.8897745370864865,5.989280984568708,1056900.0,227094000.0,-0.37266795649136664,-1.9559856056666487,3.7516234210564567,0.37267921823713296
2019-10-16,PTC,PTC,7.611865398361482,7.734333638737652,7.216199052044897,7.282143592834473,2768000,7.555342197418213,-0.27319860458374023,59.14927761567968,0.2528438458911362,0.18803851301386687,0.0648053328772693,12.028984210210494,6.925572919845581,6.674890031814575,7.82882178912261,6.925572919845581,6.022324050568551,1181425.0,224326000.0,-3.6159659939307156,-3.975158403845078,1.0457524988900806,0.4034103664734655
2019-10-17,PTC,PTC,7.300984624942539,7.34808793123924,7.1502547635297695,7.178516387939453,777000,7.282143592834473,-0.10362720489501953,55.8285073717805,0.23028477407963166,0.19648776522701986,0.033797008852611804,9.956707363969802,6.95524787902832,6.687890491485596,7.850347768530673,6.95524787902832,6.060147989525968,1215875.0,223549000.0,-1.4230316056523145,-4.987541260639756,-1.4230316056523145,0.40940506307900004
2019-10-18,PTC,PTC,7.112572672651303,7.34808831811379,7.084310597543208,7.121993064880371,539500,7.178516387939453,-0.05652332305908203,54.04615816431602,0.20547697667183407,0.1982856075159827,0.007191369155851363,7.9999991322921185,6.987278008460999,6.70089096069336,7.856453376009176,6.987278008460999,6.118102640912822,1234475.0,223009500.0,-0.7873956121914863,-2.1992223294207967,-7.579462011914753,0.4051452675913492
2019-10-21,PTC,PTC,7.14083400473183,7.14083400473183,6.688643966081271,6.707485198974609,466500,7.121993064880371,-0.4145078659057617,43.16333551217934,0.15063289564849214,0.1887550651424846,-0.03812216949399247,-0.5586596917976575,7.002350997924805,6.705601272583007,7.838929012070153,7.002350997924805,6.165772983779457,1246000.0,222543000.0,-5.820110496172243,-6.561678813692174,-11.552800967305647,0.4604878687149437
2019-10-22,PTC,PTC,6.650961629808729,6.829953570386171,6.641541237783829,6.773429870605469,64500,6.707485198974609,0.06594467163085938,45.05876131204036,0.11120781571017702,0.1732456152560231,-0.062037799545846095,-5.39473152283724,7.011771631240845,6.711630477905273,7.832658263056727,7.011771631240845,6.190884999424963,1238650.0,222607500.0,0.9831504606367303,-4.894180478688197,-10.349131864337483,0.451724854533403
2019-10-23,PTC,PTC,6.735747565143333,6.867636201118558,6.735747565143333,6.858215808868408,55000,6.773429870605469,0.08478593826293945,47.48370195774051,0.08581544541241382,0.15575958128730125,-0.06994413587488743,-7.848094988461407,7.026844644546509,6.7193554019927975,7.823258505629989,7.026844644546509,6.23043078346303,1235650.0,222662500.0,1.2517430590207106,2.247200037308191,-5.821469716461008,0.45266127967085373
2019-10-24,PTC,PTC,6.867635794999737,6.980683190579139,6.773429632016902,6.905318260192871,161000,6.858215808868408,0.04710245132446289,48.83478436028106,0.06870064490970762,0.13834779401178252,-0.0696471491020749,-5.174648478675873,7.046627950668335,6.728022375106812,7.807826371455203,7.046627950668335,6.285429529881467,1240900.0,222823500.0,0.6868032829114881,1.9471433543551697,-3.8057742433461486,0.45136537684573075
2019-10-25,PTC,PTC,6.877057078099142,7.008945714755572,6.877057078099142,6.886477470397949,238000,6.905318260192871,-0.018840789794921875,48.2995169544513,0.05300573085802451,0.12127938138103092,-0.06827365052300641,-4.444441503773726,7.064998173713684,6.737819833755493,7.789435389556434,7.064998173713684,6.3405609578709345,1245500.0,222585500.0,-0.27284462619968564,0.4120847508618154,-3.3068776160957674,0.4518402854434176
2019-10-28,PTC,PTC,6.782850394832452,7.065469348454822,6.735747535369018,6.848794937133789,600000,6.886477470397949,-0.037682533264160156,47.18554020610638,0.037099077812323245,0.1044433206672894,-0.06734424285496615,-5.950839202444355,7.0824263334274296,6.742341737747193,7.765230456011181,7.0824263334274296,6.399622210843678,1274125.0,221985500.0,-0.5471960581609597,-0.8185476893211767,2.106746924775653,0.45238894061807117
2019-10-29,PTC,PTC,7.027786912265126,7.027786912265126,6.839374575157661,6.858215808868408,208000,6.848794937133789,0.00942087173461914,47.51147698852996,0.02496534137287032,0.08854772480840559,-0.06358238343553527,-11.002441462689603,7.098912453651428,6.745544757843017,7.740053674301803,7.098912453651428,6.457771233001052,1283275.0,222193500.0,0.1375551731522825,-0.4103935814939631,1.2517430590207106,0.4523943826841845
2019-10-30,PTC,PTC,6.877057078099142,6.971263247139449,6.877057078099142,6.886477470397949,160000,6.858215808868408,0.028261661529541016,48.537512957822216,0.01742883891271685,0.07432394762926783,-0.056895108716550985,-9.192547521153523,7.113514423370361,6.7513855457305905,7.7185659099851485,7.113514423370361,6.508462936755574,1283350.0,222353500.0,0.4120847508618154,0.55020676790668,0.4120847508618154,0.45162042169181477
2019-10-31,PTC,PTC,6.839374301132728,7.065469096603019,6.839374301132728,6.9712629318237305,374500,6.886477470397949,0.08478546142578125,51.59455115908683,0.018089065088582323,0.06307697112113073,-0.0449879060325484,-7.730679171541325,7.12481918334961,6.749501419067383,7.708981188983775,7.12481918334961,6.5406571777154445,1286875.0,222728000.0,1.2311876687354026,1.648345956234568,0.9549838131431395,0.44685787126179854
2019-11-01,PTC,PTC,6.877056800176037,7.065469130642327,6.877056800176037,6.9901041984558105,778000,6.9712629318237305,0.018841266632080078,52.27304700770762,0.019903200141879296,0.054442216925280444,-0.03453901678340115,-4.010349296957352,7.116340637207031,6.7521391868591305,7.703288210903927,7.116340637207031,6.529393063510136,1173400.0,223506000.0,0.2702704921093985,1.5047856978158827,1.5047856978158827,0.38801590316004575
2019-11-04,PTC,PTC,7.065468988761243,7.235040082775761,7.018365682485332,7.169095993041992,2293500,6.9901041984558105,0.17899179458618164,58.25888187707854,0.03537626164473373,0.050629025869171104,-0.015252764224437373,-0.13123038784571198,7.102680730819702,6.763632345199585,7.670078484379306,7.102680730819702,6.535282977260098,995550.0,225799500.0,2.5606455855940293,2.8378367471287906,4.676750564855555,0.37164881009627915
2019-11-05,PTC,PTC,7.1219928668869095,7.159675333176488,6.999524626840562,7.018365859985352,1729500,7.169095993041992,-0.15073013305664062,52.309236906584005,0.035071826149350116,0.04751758592520691,-0.012445759775856796,-1.4550309716815228,7.089491844177246,6.770226783752442,7.6515630412071,7.089491844177246,6.527420647147392,1034950.0,224070000.0,-2.102498462887547,0.40430958862937005,2.335156191933362,0.3713017590590903
2019-11-06,PTC,PTC,7.291564167897602,7.291564167897602,7.10315183121179,7.121993064880371,575000,7.018365859985352,0.10362720489501953,55.66171667154224,0.042700187036052384,0.04655410614737601,-0.003853919111323628,6.179780552764076,7.085252571105957,6.780024242401123,7.6448727204439555,7.085252571105957,6.525632421767958,1049225.0,224645000.0,1.4765147181317761,-0.6570274440087999,3.4199719013792422,0.3741282492357275
2019-11-07,PTC,PTC,7.065469124173973,7.310405602766343,7.065469124173973,7.253881454467773,603000,7.121993064880371,0.13188838958740234,59.55825739015228,0.05871122237549997,0.048985529393000805,0.009725692982499166,7.0931801619045585,7.083839464187622,6.795097236633301,7.641505572230296,7.083839464187622,6.526173356144948,980475.0,225248000.0,1.8518466444142443,3.3557041508080263,4.054050541601191,0.3782812155527343
2019-11-08,PTC,PTC,7.310405427934783,7.329246660513567,7.131413493831128,7.150254726409912,403500,7.253881454467773,-0.10362672805786133,55.4359378961652,0.06231988745591721,0.05165240100558409,0.010667486450333122,4.2582345857922155,7.0560486078262326,6.813938484191895,7.532659620997516,7.0560486078262326,6.579437594654949,766100.0,224844500.0,-1.4285693626001577,0.3968223680096455,2.291103585973447,0.3122752825648737
2019-11-11,PTC,PTC,7.282143757882063,7.414032393239997,7.159675514730189,7.376349925994873,1553500,7.150254726409912,0.22609519958496094,61.66964936704014,0.08247307530682679,0.05781653586583263,0.024656539440994163,6.821288289018638,7.045685911178589,6.834098625183105,7.481245190293612,7.045685911178589,6.610126632063566,741150.0,226398000.0,3.162057971863075,1.6883164178492254,2.8909353864703773,0.33226951227606677
2019-11-12,PTC,PTC,7.385770747945394,7.677809643720184,7.282143738689202,7.621286392211914,4741500,7.376349925994873,0.24493646621704102,67.04737596681112,0.11686183716394893,0.0696255961254559,0.04723624103849304,10.670316209885202,7.048983120918274,6.859345903396607,7.50145711750315,7.048983120918274,6.596509124333399,954475.0,231139500.0,3.3205646244338882,6.587620774714739,8.59061132255965,0.3536775479579826
2019-11-13,PTC,PTC,7.63070716707456,7.913325218993644,7.536500550820947,7.583603858947754,3904500,7.621286392211914,-0.037682533264160156,65.52427231147696,0.13946682642507824,0.08359384218538037,0.05587298423969787,10.729025011829036,7.064056134223938,6.882709064483643,7.566553481018889,7.064056134223938,6.561558787428987,1011300.0,227235000.0,-0.49443796394618383,2.809708528367136,6.481483341280627,0.326904295494426
2019-11-14,PTC,PTC,7.630707233603587,7.724912952257664,7.583603925066106,7.621286392211914,1693000,7.583603858947754,0.037682533264160156,66.34755499618028,0.15859393660316012,0.09859386106893633,0.06000007553422379,11.126371706716691,7.086194634437561,6.909652061462403,7.64570460212045,7.086194634437561,6.526684666754672,1057100.0,228928000.0,0.4968948004806347,0.0,5.064942680002725,0.32113205740393347
2019-11-15,PTC,PTC,7.677809397694156,7.837960102537226,7.630706989086898,7.743754386901855,3304500,7.621286392211914,0.12246799468994052,68.94327803963978,0.18154175256862537,0.11518343936887415,0.06635831319975122,12.448699936781553,7.117282700538635,6.9360298156738285,7.7495331692378135,7.117282700538635,6.485032231839457,1195350.0,232232500.0,1.6069202545004588,2.1117997581735763,8.30039884173377,0.3214334370764704
2019-11-18,PTC,PTC,7.81911928338755,8.07347570271472,7.724912669757723,7.998110771179199,4986000,7.743754386901855,0.25435638427734464,73.5129052690515,0.21774249655721256,0.13569525080654182,0.08204724575067074,14.72972471986275,7.181813979148865,6.9674946975708005,7.896090424440544,7.181813979148865,6.467537533857186,1421325.0,237218500.0,3.2846649256796527,4.94436712616333,8.429112656290735,0.23790512576765932
2019-11-19,PTC,PTC,8.22420551843877,8.422038687185795,8.148840587337128,8.2147855758667,6186000,7.998110771179199,0.2166748046875,76.66298099360804,0.26090810664804653,0.16073782197484277,0.10017028467320377,17.520216332131845,7.2538817644119264,7.0032930755615235,8.077197770441787,7.2538817644119264,6.430565758382066,1727400.0,243404500.0,2.7090748163713494,6.082723772354772,7.787388547178514,0.2464926441713055
2019-11-20,PTC,PTC,8.469142113622931,8.469142113622931,8.016952520611651,8.03579330444336,1842000,8.2147855758667,-0.17899227142333984,69.3278946601116,0.27747541932193087,0.1840853414442604,0.09339007787767048,12.089352859029162,7.312760639190674,7.035888433456421,8.183970757979782,7.312760639190674,6.441550520401564,1816750.0,241562500.0,-2.178903755554877,0.4711429279017655,5.962725030291178,0.27040914361243024
2019-11-21,PTC,PTC,8.148840606480467,8.148840606480467,7.545921156250938,7.724912643432617,1384500,8.03579330444336,-0.3108806610107422,58.80412302101302,0.26249379766873915,0.19976703268915616,0.06272676497958299,10.067112452424078,7.3537403583526615,7.061324119567871,8.221351333796807,7.3537403583526615,6.486129382908516,1877925.0,240178000.0,-3.8686990721730234,-5.963307598353206,1.3596950158781245,0.31740763865527805
2019-11-22,PTC,PTC,7.856801481342776,8.459720913075403,7.781436552376197,8.356094360351562,10928500,7.724912643432617,0.6311817169189453,69.06986964943765,0.2981153558693883,0.2194366973252026,0.07867865854418571,17.328032816498126,7.427221202850342,7.100137090682983,8.373565645660571,7.427221202850342,6.480876760040113,2412450.0,251106500.0,8.170729509226856,3.985929500340607,7.907533514821289,0.4140601913180617
2019-11-25,PTC,PTC,8.4691418854783,8.4785627263508,8.195943789121607,8.412618637084961,2938500,8.356094360351562,0.05652427673339844,69.79575831014985,0.3271357172090923,0.24097650130198056,0.08615921590711173,15.974029764485662,7.5054123878479,7.138950071334839,8.507315944649815,7.5054123878479,6.503508831045986,2529375.0,254045000.0,0.6764437343072358,8.90244363134645,5.182572206919421,0.41024257117008467
2019-11-26,PTC,PTC,8.43146017433045,8.459721801054208,7.743754900719899,8.026373863220215,6170500,8.412618637084961,-0.3862447738647461,59.516981324989075,0.315332876272822,0.25584777629614885,0.05948509997667317,12.252977975376206,7.5638202905654905,7.169849739074707,8.542800295346039,7.5638202905654905,6.584840285784942,2827500.0,247874500.0,-4.591255000697179,-3.9458685231682264,-2.293568236278718,0.4561850167622095
2019-11-27,PTC,PTC,8.007531513344492,8.129999750182614,7.837959970273116,7.95100736618042,1363500,8.026373863220215,-0.07536649703979492,57.73042159806718,0.29647995695749607,0.26397421242841834,0.03250574452907773,7.790539304004628,7.617046785354614,7.197546367645264,8.555900299728801,7.617046785354614,6.678193270980429,2887675.0,246511000.0,-0.938985628182009,-5.487129404269453,-1.0551035230841168,0.4603220067351387
2019-11-28,PTC,PTC,8.007531544330565,8.29015048440287,7.866222523504833,7.960428237915039,3243500,7.95100736618042,0.00942087173461914,57.900539734295755,0.27908198478947543,0.26699576690062976,0.012086217888845674,4.449929162217146,7.66650505065918,7.225054588317871,8.565489245033817,7.66650505065918,6.767520856284543,3031125.0,249754500.0,0.1184865175033139,-0.8216116820493845,3.048780036142505,0.4605081374612578
2019-11-29,PTC,PTC,7.960428438514025,8.224205703298844,7.922745972116195,8.07347583770752,2783500,7.960428237915039,0.11304759979248047,59.98184006765245,0.27128871558385104,0.267854356637274,0.0034343589465770097,6.459619830771814,7.720673632621765,7.256896295547485,8.577625656883004,7.720673632621765,6.863721608360527,3131400.0,252538000.0,1.4201195766584713,1.5402887443925508,-3.3821844327779043,0.4608767821719468
2019-12-02,PTC,PTC,8.195944359064626,8.808285582046672,8.101738639051085,8.73292064666748,10861000,8.07347583770752,0.6594448089599609,69.46508108302743,0.31469655249837114,0.27722279580949344,0.0374737566888777,14.585913679763168,7.79886486530304,7.3034342002868655,8.72638231176135,7.79886486530304,6.871347418844729,3559775.0,263399000.0,8.168040905999808,9.704156430593855,3.8073996147946954,0.5279872092608388
2019-12-03,PTC,PTC,8.855387241851888,9.185109479989055,8.619871614159862,8.864808082580566,14094500,8.73292064666748,0.13188743591308594,70.94789590577544,0.35564019109400036,0.29290627486639487,0.06273391622760549,14.476875681580422,7.891186976432801,7.349030017852783,8.858327059373012,7.891186976432801,6.924046893492588,4178025.0,277493500.0,1.510232844763278,9.801630187299196,10.445990102733244,0.5148516168619769
2019-12-04,PTC,PTC,8.845967459580818,9.279316258310908,8.77060252922957,9.194530487060549,3821000,8.864808082580566,0.32972240447998225,74.3070767414728,0.4099683027032919,0.3163186804337743,0.09364962226951756,14.958779018072486,7.994813847541809,7.401785516738892,9.054628546335394,7.994813847541809,6.934999148748224,4340325.0,281314500.0,3.719453387015675,5.285858638475324,15.639818498589872,0.5224134412988469
2019-12-05,PTC,PTC,9.222792609567763,9.3264191697936,8.855387880441988,8.949594497680664,2580000,9.194530487060549,-0.2449359893798846,68.01559260108904,0.428322005777666,0.33871934550255267,0.08960266027511332,8.944955592908936,8.079599499702454,7.450584363937378,9.160932723817073,8.079599499702454,6.998266275587835,4439175.0,278734500.0,-2.663931450600797,0.9564382478477315,12.426043300714475,0.5407658314915597
2019-12-06,PTC,PTC,8.968435601529666,9.703244113923976,8.90249061435139,9.41120433807373,14015000,8.949594497680664,0.4616098403930664,72.70587733360685,0.47464410222595,0.3659042968472322,0.1087398053787178,17.1160578865293,8.192646980285645,7.508426990509033,9.335863348173389,8.192646980285645,7.0494306123979,5119750.0,292749500.0,5.157885538978276,2.356551553318646,16.569424709470137,0.5502151717316556
2019-12-09,PTC,PTC,9.420625448767204,9.844553414277556,9.373522141839198,9.561934471130373,7460500,9.41120433807373,0.1507301330566424,74.0443295129368,0.5175513496332442,0.39623370740443464,0.12131764222880959,23.780486750999202,8.301926207542419,7.569661045074463,9.531196488697612,8.301926207542419,7.072655926387225,5415100.0,300210000.0,1.6016030216967279,6.842097411322938,9.492973290433454,0.5465104700816039
2019-12-10,PTC,PTC,9.56193471257684,9.891656970977785,9.326419070410704,9.420625686645508,4229000,9.561934471130373,-0.14130878448486506,70.5513747402991,0.5339976222056002,0.4237864903646678,0.1102111318409324,12.739580004565168,8.3918931722641,7.627503690719604,9.673675454140788,8.3918931722641,7.110110890387411,5389475.0,295981000.0,-1.47782632177106,0.10010778890075284,6.269933865315465,0.5502233209919386
2019-12-11,PTC,PTC,9.420625214797033,9.69382331008931,9.138006278668954,9.175688743591309,2991000,9.420625686645508,-0.24493694305419922,64.8415308680413,0.5212583061459366,0.4432808535209216,0.07797745262501499,9.07054199678731,8.471497416496277,7.6791287040710445,9.739596267511745,8.471497416496277,7.203398565480809,5343800.0,292990000.0,-2.6000071672672123,-4.039409898752464,-0.20492338891861875,0.5633438888353045
2019-12-12,PTC,PTC,9.279316836419756,9.561934893633843,9.090903600382504,9.241634368896484,5123500,9.175688743591309,0.06594562530517578,65.64763613809407,0.5105977146005056,0.4567442257368384,0.0538534888636672,15.140841012216466,8.552514815330506,7.729058036804199,9.798758059907662,8.552514815330506,7.306271570753349,5515325.0,298113500.0,0.7186994584056157,-1.8999939462912532,3.2631631666831833,0.5631277600402491
2019-12-13,PTC,PTC,9.401783455918633,9.533672531274226,9.090902898256926,9.119165420532228,3707500,9.241634368896484,-0.12246894836425604,62.76934904797332,0.4866570191942525,0.46272678442832127,0.023930234765931258,14.691950347330382,8.621285367012025,7.768247842788696,9.83087357613369,8.621285367012025,7.411697157890359,5535475.0,294406000.0,-1.3251871203262036,-0.6160117745772332,-3.103098254492646,0.568714319806556
2019-12-16,PTC,PTC,9.279316326746835,9.561934368437935,9.109744782995506,9.232213020324709,4774500,9.119165420532228,0.11304759979248047,64.32426866492075,0.47137215731588533,0.4644558590058341,0.00691629831005125,15.976336252266373,8.6829904794693,7.804046220779419,9.884610252235932,8.6829904794693,7.481370706702668,5524900.0,299180500.0,1.239670458635924,-0.10194461494261152,-3.448271391120355,0.5618396569208562
2019-12-17,PTC,PTC,9.32641944056932,9.420626060543118,9.043801377489755,9.100324630737305,1549500,9.232213020324709,-0.13188838958740412,61.11725327614688,0.4435040645686996,0.4602655001184072,-0.016761435549707604,12.71879440369219,8.72726743221283,7.840409841537475,9.921483392856357,8.72726743221283,7.533051471569304,5293075.0,297631000.0,-1.4285674441983947,-0.20660651414988845,-3.399997691896999,0.5621773916894854
2019-12-18,PTC,PTC,9.090903343195723,9.27931657390266,8.996697626263126,9.109745025634766,1250000,9.100324630737305,0.009420394897460938,61.26580167842122,0.4173673958888653,0.4516858792724988,-0.034318483383633525,4.314986866519656,8.7809650182724,7.878469171524048,9.940339158713572,8.7809650182724,7.62159087783123,5263475.0,298881000.0,0.10351713020920772,-1.3265291260105243,-0.7186786714250837,0.5531327337633852
2019-12-19,PTC,PTC,9.090903072034004,9.090903072034004,8.761181724973468,8.959014892578125,1632000,9.109745025634766,-0.15073013305664062,57.4817530359459,0.38010956911936233,0.43737061724187154,-0.057261048122509206,1.0627055782817891,8.842670130729676,7.912006597518921,9.891479943352472,8.842670130729676,7.793860318106879,5275850.0,297249000.0,-1.6546032038491414,-1.552798871392908,-3.0581114231216455,0.5342142464405094
2019-12-20,PTC,PTC,9.090903780891177,9.11916630591048,8.723499939849344,8.827126502990723,979500,8.959014892578125,-0.13188838958740234,54.3202643584263,0.33606621998392505,0.41710973779028226,-0.08104351780635721,-3.9958971759011854,8.866221737861633,7.934427690505982,9.889878924472992,8.866221737861633,7.842564551250272,4778400.0,296269500.0,-1.4721304872108432,-3.1023757728537538,-3.202474174708646,0.46250789201109216
2019-12-23,PTC,PTC,8.761181831359863,8.94959416031388,8.666975217672428,8.761181831359863,517500,8.827126502990723,-0.06594467163085938,52.75781393433932,0.29246896443450865,0.39218158311912754,-0.09971261868461889,-2.105264840430803,8.883649897575378,7.9579792499542235,9.886446457043338,8.883649897575378,7.880853338107418,4657350.0,295752000.0,-0.7470683875269787,-2.2082010532447227,-5.102039867666298,0.4637871320362519
2019-12-24,PTC,PTC,8.714078917049827,9.043801181387638,8.525666579608604,8.987277030944824,531000,8.761181831359863,0.22609519958496094,57.29342144278496,0.2730146751312361,0.3683482015215493,-0.09533352639031317,-4.504495831780813,8.931695055961608,7.986617946624756,9.850075105979569,8.931695055961608,8.013315005943648,4375375.0,296283000.0,2.5806472681079793,1.8142996806473872,-1.2422370012015869,0.433521609245019
2019-12-25,PTC,PTC,8.987277030944824,8.987277030944824,8.987277030944824,8.987277030944824,0,8.987277030944824,0.0,57.29342144278496,0.25466143222831583,0.3456108476629026,-0.09094941543458679,-6.009844994447185,8.983508539199828,8.020720615386963,9.777419892124318,8.983508539199828,8.18959718627534,4307200.0,296283000.0,0.0,2.5806472681079793,-1.3443624859457344,0.43036600555748394
2019-12-26,PTC,PTC,8.959015404933863,9.241634360306143,8.94959456345658,8.987277030944824,877000,8.987277030944824,0.0,57.29342144278496,0.237379986281832,0.32396467538668855,-0.08658468910485656,-4.599998663729841,9.034850978851319,8.05689582824707,9.666390842809935,9.034850978851319,8.403311114892702,4188875.0,296283000.0,0.0,0.0,0.315460334708365,0.43058002343932533
2019-12-27,PTC,PTC,8.959015070068252,9.138006559341935,8.761181898544255,8.798864364624023,605000,8.987277030944824,-0.18841266632080078,52.08843510421845,0.2061051366026483,0.30039276762988054,-0.09428763102723225,-4.106769415325638,9.071120405197144,8.090433254241944,9.52986937754379,9.071120405197144,8.612371432850498,4079950.0,295678000.0,-2.0964377271565326,-2.0964377271565326,-0.3201737094979177,0.44014435788497247
2019-12-30,PTC,PTC,8.761182272829453,8.855387992842994,8.714078963612234,8.73292064666748,584500,8.798864364624023,-0.06594371795654297,50.36386096519118,0.17399280523236627,0.2751127751503777,-0.10111996991801142,-5.504586114563499,9.071120405197144,8.1309419631958,9.52986937754379,9.071120405197144,8.612371432850498,3566125.0,295093500.0,-0.7494571483755421,-2.8301829731246584,-0.3225727445950778,0.3342910611314843
2019-12-31,PTC,PTC,8.817705154418945,8.949594234997791,8.71407859723469,8.817705154418945,299000,8.73292064666748,0.08478450775146484,52.539566023195036,0.1536141837773357,0.2508130568757693,-0.09719887309843361,-3.3057878896958175,9.068765258789062,8.17182746887207,9.532431205647063,9.068765258789062,8.605099311931061,2876350.0,295392500.0,0.9708608515046907,0.21412751707676703,-1.8867992601319865,0.3316415187212796
2020-01-01,PTC,PTC,8.817705347876062,8.977856056942285,8.808285404958722,8.911911964416504,427500,8.817705154418945,0.0942068099975586,54.90484510208921,0.14341251153998158,0.2293329478086118,-0.08592043626863022,-3.469385457236119,9.05463433265686,8.212901391983031,9.519386994811907,9.05463433265686,8.589881670501814,2706675.0,295820000.0,1.0683824004973375,2.049615758472823,-0.8385750908626131,0.3043715290601851
2020-01-02,PTC,PTC,8.968436334001794,9.656141596983986,8.9590154924325,9.571355819702148,3425500,8.911911964416504,0.6594438552856445,67.21999932023238,0.18639062560427178,0.2207444833677438,-0.03435385776347202,5.1759822652247625,9.085722398757934,8.266222143173218,9.60129357855357,9.085722398757934,8.570151218962298,2748950.0,299245500.0,7.399577755241221,8.547015942186672,6.4989516484941445,0.39094369368790344
2020-01-03,PTC,PTC,9.759767526049547,10.080068931266338,9.514831950078626,9.740926742553713,5285000,9.571355819702148,0.16957092285156428,69.52470825180927,0.23146585268434805,0.22288875723106466,0.00857709545328339,6.92864306457322,9.102208518981934,8.323311128616332,9.679048037470421,9.102208518981934,8.525369000493447,2312450.0,304530500.0,1.771649973585886,9.302322346173305,10.706635980402952,0.3524604979772186
2020-01-06,PTC,PTC,9.561935028572162,9.609038338246195,9.232213657695722,9.316999435424805,1657000,9.740926742553713,-0.423927307128908,58.458914626160606,0.2303258510794297,0.22437617600073767,0.0059496750786920405,3.995802520020847,9.089961767196655,8.372675218582152,9.635242133719846,9.089961767196655,8.544681400673465,2022275.0,302873500.0,-4.3520223314785955,-2.657474960378801,6.688241109578971,0.38298614524780705
2020-01-07,PTC,PTC,9.307578092844944,9.505411264091215,9.23221316079121,9.32641887664795,932500,9.316999435424805,0.009419441223144531,58.61652643875504,0.22755929982181833,0.2250128007649538,0.0025464990568645207,5.656340979004448,9.085251426696777,8.422039279937744,9.62003132473289,9.085251426696777,8.550471528660664,1857450.0,303806000.0,0.10109951480012144,-4.255322690139591,5.769230353252,0.3795515094123505
2020-01-08,PTC,PTC,9.269895456182464,9.279316297120982,8.949594051639608,8.959014892578125,1556000,9.32641887664795,-0.3674039840698242,50.55882293181479,0.19348992560789924,0.2187082257335429,-0.02521830012564366,2.258063638288342,9.074417734146119,8.463490028381347,9.610261326458426,9.074417734146119,8.538574141833811,1785700.0,302250000.0,-3.939389694256093,-3.842272883322951,0.5285389751345585,0.3943013030842455
2020-01-09,PTC,PTC,9.09090317356955,9.420625422733565,9.09090317356955,9.288736343383787,1388500,8.959014892578125,0.3297214508056623,56.357027697693326,0.1908949484321134,0.21314557027325703,-0.022250621841143625,3.354289752068218,9.076772832870484,8.50983949661255,9.616113526248409,9.076772832870484,8.537432139492559,1598950.0,303638500.0,3.6803315404555463,-0.4040407552197096,-2.9527632410927964,0.4157917460682116
2020-01-10,PTC,PTC,9.090903728673611,9.373522688296925,9.090903728673611,9.316999435424805,910000,9.288736343383787,0.0282630920410174,56.824439724626515,0.1889410112813419,0.20830465847487403,-0.019363647193532146,3.6687686753694853,9.086664533615112,8.556377401351929,9.636434743218949,9.086664533615112,8.536894324011275,1459075.0,304548500.0,0.3042727341609683,3.995802520020847,-4.3520223314785955,0.4126155548761085
2020-01-13,PTC,PTC,9.392363660379983,9.392363660379983,9.185109652559277,9.213371276855469,560000,9.316999435424805,-0.10362815856933594,54.51888559019396,0.17699034119151413,0.20204179501820207,-0.02505145382668794,2.515714661205625,9.08572244644165,8.597262907028199,9.634506189148441,9.08572244644165,8.53693870373486,1248350.0,303988500.0,-1.1122482005883159,-0.8113597344379337,-1.1122482005883159,0.41274033372816266
2020-01-14,PTC,PTC,9.232213292840408,9.543093866613836,9.232213292840408,9.40178394317627,1819500,9.213371276855469,0.18841266632080078,57.866137750401236,0.18064036688243768,0.19776150939104922,-0.017121142508611548,6.852243125559408,9.100795412063599,8.644931268692016,9.667533974701781,9.100795412063599,8.534056849425417,1261850.0,305808000.0,2.044991574301412,0.9099979917257464,0.8080815104393811,0.4149662138276306
2020-01-15,PTC,PTC,9.326418672461084,9.382942819474309,9.185109652559277,9.213371276855469,599500,9.40178394317627,-0.18841266632080078,53.61660366950619,0.16641142369295459,0.1914914922514303,-0.02508006855847572,5.5016030675983565,9.105976724624634,8.686758832931519,9.67495015885123,9.105976724624634,8.537003290398038,1229325.0,305208500.0,-2.004009743890669,0.0,2.8391110778045365,0.42226229782217933
2020-01-16,PTC,PTC,9.279316264774373,9.326418672461084,9.147427187357405,9.213371276855469,280000,9.213371276855469,0.0,53.616603669506176,0.15336696479871037,0.18386658676088635,-0.030499621962175982,4.487177961923999,9.118694543838501,8.725948629379273,9.685202239391455,9.118694543838501,8.552186848285547,1161725.0,305208500.0,0.0,-2.004009743890669,-0.8113597344379337,0.4172517564409375
2020-01-17,PTC,PTC,9.185110092163086,9.326419118828012,9.138006783801153,9.185110092163086,510000,9.213371276855469,-0.028261184692382812,52.94028291898604,0.1391447219881723,0.17492221380634354,-0.03577749181817125,3.0655388971234,9.13659372329712,8.766645736694336,9.686696793722255,9.13659372329712,8.586490652871984,1138250.0,304698500.0,-0.3067409729094124,-0.3067409729094124,-1.415577452546076,0.41319038647935624
2020-01-20,PTC,PTC,9.18510989090976,9.232213198239624,9.043800867341032,9.072062492370604,434500,9.185110092163086,-0.11304759979248225,50.211837962001184,0.11739820217324315,0.1634174114797235,-0.046019209306480346,-5.216537100248377,9.152137756347656,8.80055998802185,9.674442657283073,9.152137756347656,8.62983285541224,1134100.0,304264000.0,-1.2307702211314446,-1.533735917490279,-1.533735917490279,0.4150610562713462
2020-01-21,PTC,PTC,9.175689250806522,9.23221340052502,9.04380106549816,9.185110092163086,701000,9.072062492370604,0.11304759979248225,52.82990277474026,0.1080405014222201,0.1523420294682228,-0.04430152804600271,-5.705993537170491,9.16202940940857,8.831836462020874,9.678650550338286,9.16202940940857,8.645408268478853,1142600.0,304965000.0,1.2461069342010451,0.0,-2.3046035978144714,0.4075724266278578
2020-01-22,PTC,PTC,9.175689435260516,9.175689435260516,8.902491319374391,9.024959564208984,1505500,9.185110092163086,-0.16015052795410156,48.90641887517135,0.0867021980178464,0.13921406317814755,-0.05251186516030115,-3.1344841570499127,9.163913536071778,8.860663576126099,9.678120419581635,9.163913536071778,8.649706652561921,1217875.0,303459500.0,-1.743588550895488,-0.519208594531087,-2.0449812233203466,0.41302838228282107
2020-01-23,PTC,PTC,9.279316294537422,9.561934335247525,9.213371306407003,9.48656940460205,4212000,9.024959564208984,0.4616098403930664,58.478322572506926,0.10581967181480323,0.1325351849054787,-0.026715513090675463,1.717170653305055,9.188878154754638,8.897969236373902,9.715312661365676,9.188878154754638,8.6624436481436,1384625.0,307671500.0,5.114813391781943,3.2820435401876757,2.9652351949917812,0.450379426717708
2020-01-24,PTC,PTC,9.561934190452924,9.590196712832633,9.316998618774573,9.392363548278809,984500,9.48656940460205,-0.09420585632324219,56.16577201217042,0.11207683030441373,0.1284435139852657,-0.01636668368085198,4.8370123378149605,9.218553113937379,8.93094141960144,9.718672386269814,9.218553113937379,8.718433841604943,1403600.0,306687000.0,-0.9930445064528993,4.070976511926635,2.2564068806595508,0.4442263205796716
2020-01-27,PTC,PTC,9.41120515635197,9.42062599797096,9.232213657695722,9.316999435424805,503000,9.392363548278809,-0.0753641128540039,54.31526965310585,0.1096899815964747,0.12469280750750751,-0.015002825911032816,0.3042727341609683,9.247757053375244,8.957319192886352,9.693759648252286,9.247757053375244,8.801754458498202,1399525.0,306184000.0,-0.802397740106799,-1.7874740798816655,2.699903613540883,0.44440618323904496
2020-01-28,PTC,PTC,9.326419118828012,9.326419118828012,9.185110092163086,9.185110092163086,647500,9.316999435424805,-0.13188934326171875,51.13980849021243,0.09604882794292102,0.11896401159459022,-0.022915183651669196,-1.415577452546076,9.26612730026245,8.97672568321228,9.665361483237616,9.26612730026245,8.866893117287285,1416950.0,305536500.0,-1.415577452546076,-2.206616631164184,0.0,0.4481198122034453
2020-01-29,PTC,PTC,9.222792877334877,9.345261123932444,9.090903789055742,9.100324630737305,1095000,9.185110092163086,-0.08478546142578125,49.15046902777908,0.07750322826650624,0.11067185492897344,-0.0331686266624672,-1.2269845935997814,9.27554793357849,8.998016309738158,9.647552386154272,9.27554793357849,8.903543481002709,1450325.0,304441500.0,-0.9230750701412044,-2.325585680124288,0.8350737307145584,0.44882144741389085
2020-01-30,PTC,PTC,9.156847960340546,9.232212890185256,9.100323813746598,9.175688743591309,239000,9.100324630737305,0.0753641128540039,50.97598875412965,0.06810192437998985,0.10215786881917673,-0.03405594443918687,-2.404811692668803,9.255764579772949,9.027031831741333,9.602776384842283,9.255764579772949,8.908752774703615,1291000.0,304680500.0,0.8281475212373598,-0.102571972216379,-3.277060945339526,0.35964017821607014
2020-01-31,PTC,PTC,9.185110025631348,9.373522359293457,9.119165933454829,9.147427558898926,408500,9.175688743591309,-0.028261184692382812,50.247497286279156,0.0577056866657486,0.09326743238849111,-0.03556174572274251,-0.7157392877696949,9.22608962059021,9.04285849571228,9.489957285955699,9.22608962059021,8.962221955224722,1047175.0,304272000.0,-0.30800069054349327,0.5175961306097366,-2.6078205780776917,0.3521191050524808
2020-02-03,PTC,PTC,9.090902869543916,9.138006174766485,8.855387241851888,8.864808082580566,2480000,9.147427558898926,-0.2826194763183594,43.54557686165037,0.026357728104512645,0.07988549153169541,-0.05352776342718277,-3.783231824712346,9.203480052947999,9.051902284622193,9.508787522546415,9.203480052947999,8.898172583349583,1088325.0,301792000.0,-3.0896060613611267,-3.388090743900554,-4.8534010974062145,0.33525390632717295
2020-02-04,PTC,PTC,9.13800689553708,9.13800689553708,8.855387940330596,8.968436241149902,477000,8.864808082580566,0.10362815856933594,46.370143612430354,0.009763622472556577,0.06586111771986765,-0.05609749524731107,-2.3589684700464715,9.185580921173095,9.070743532180787,9.502302333854145,9.185580921173095,8.868859508492045,1065550.0,302269000.0,1.1689836666962512,-1.9567393848874446,-2.3589684700464715,0.33876643123042643
2020-02-05,PTC,PTC,8.968436241149902,8.968436241149902,8.968436241149902,8.968436241149902,0,8.968436241149902,0.0,46.370143612430354,-0.003348723791482655,0.05201914941759759,-0.055367873209080244,-1.1422568055262918,9.186051988601685,9.091092109680176,9.50137950809092,9.186051988601685,8.87072446911245,987750.0,302269000.0,0.0,1.1689836666962512,-1.4492712616200023,0.30817107504939667
2020-02-06,PTC,PTC,9.090902939769638,9.090902939769638,8.827125686274762,8.902490615844727,1074500,8.968436241149902,-0.06594562530517578,44.71885817507676,-0.01884438714188086,0.0378464421057019,-0.05669082924758276,-3.0769307442432923,9.166739702224731,9.10993335723877,9.502252835986024,9.166739702224731,8.831226568463439,972050.0,301194500.0,-0.7353079570616478,-0.7353079570616478,-2.9774127630189637,0.2769428503379542
2020-02-07,PTC,PTC,8.902491056534878,8.949594364453015,8.761182031201336,8.874229431152344,3624000,8.902490615844727,-0.028261184692382812,43.99578240076226,-0.03302456675492671,0.023672240333576178,-0.05669680708850289,-1.6701474614291167,9.144601202011108,9.125948429107666,9.496404094290693,9.144601202011108,8.792798309731523,1107750.0,297570500.0,-0.3174525636913711,-1.0504262667923001,-2.986611547208217,0.2763263949852669
2020-02-10,PTC,PTC,8.902491110384027,8.902491110384027,8.572769749804397,8.657554626464844,427500,8.874229431152344,-0.2166748046875,38.81394664174084,-0.061042645552127794,0.006729263156435385,-0.06777190870856317,-8.738825836608983,9.116810369491578,9.124441108703614,9.528462622438417,9.116810369491578,8.70515811654474,1101125.0,297143000.0,-2.4416182426710615,-2.7513198266555174,-2.337935059451289,0.2858283035313983
2020-02-11,PTC,PTC,8.940173180362457,8.949594021269005,8.535086904010136,8.685816764831543,2039500,8.657554626464844,0.02826213836669922,39.809764541525475,-0.08004395954857912,-0.010625381384567516,-0.0694185781640116,-7.522566389338106,9.08101201057434,9.120861282348633,9.512371816909669,9.08101201057434,8.649652204239013,1112125.0,299182500.0,0.32644481711159073,-2.1231439617663215,-3.1512681667024136,0.2734044572800564
2020-02-12,PTC,PTC,8.761181695242247,8.893069874250559,8.666975083018448,8.685816764831543,626000,8.685816764831543,0.0,39.809764541525475,-0.09401884704382013,-0.02730407451641804,-0.06671477252740209,-6.7745273032152244,9.054634284973144,9.110687007904053,9.515430668983814,9.054634284973144,8.593837900962473,1113450.0,299182500.0,0.0,0.32644481711159073,-3.1512681667024136,0.2668037649188772
2020-02-13,PTC,PTC,8.666975401040972,8.80828532456184,8.582189626612626,8.619872093200684,186000,8.685816764831543,-0.06594467163085938,38.1304076747177,-0.10915693672667004,-0.04367464695846844,-0.0654822897682016,-6.153851105657126,9.024959325790405,9.104092559814454,9.518025324887185,9.024959325790405,8.531893326693625,1108750.0,298996500.0,-0.7592224590537784,-0.7592224590537784,-3.1746006240212843,0.26710363142611016
2020-02-14,PTC,PTC,8.591610772788204,8.591610772788204,8.487984210598473,8.497405052185059,122500,8.619872093200684,-0.122467041015625,35.16371641233839,-0.1295427602717254,-0.06084826962111983,-0.06869449065060557,-6.625253526844766,8.990574073791503,9.085816574096679,9.53032259417935,8.990574073791503,8.450825553403657,1089375.0,298874000.0,-1.4207524159462466,-2.1691882035706116,-4.246277176973477,0.26994727111052164
2020-02-17,PTC,PTC,8.506824487240195,8.572769475986512,8.478562862589401,8.487983703613281,134500,8.497405052185059,-0.009421348571777344,34.93850842206554,-0.14478984914298643,-0.07763658552549316,-0.06715326361749327,-7.494860159226192,8.961370134353638,9.064337558746338,9.544051689750509,8.961370134353638,8.378688578956767,1074375.0,298739500.0,-0.11087324323035182,-1.5300504248947653,-1.9586468716375138,0.2681584636517585
2020-02-18,PTC,PTC,8.478562862589401,8.714078497661328,8.450301237938607,8.487983703613281,268000,8.487983703613281,0.0,34.93850842206554,-0.15508554727126267,-0.09312637787464706,-0.06195916939661561,-7.209063433840647,8.926513814926148,9.045684719085694,9.535645277749547,8.926513814926148,8.317382352102749,1052725.0,298739500.0,0.0,-0.11087324323035182,-2.277656397487895,0.26209296596544424
2020-02-19,PTC,PTC,8.487983703613281,8.487983703613281,8.487983703613281,8.487983703613281,0,8.487983703613281,0.0,34.93850842206554,-0.16138462076468585,-0.10677802645265483,-0.05460659431203102,-4.250790039185944,8.899665021896363,9.031930618286133,9.537200630724707,8.899665021896363,8.262129413068019,977450.0,298739500.0,0.0,0.0,-2.277656397487895,0.25733564943396836
2020-02-20,PTC,PTC,8.572769344813345,8.572769344813345,8.412618643541256,8.431459426879883,320500,8.487983703613281,-0.05652427673339844,33.33853935469871,-0.16898971044037658,-0.11922036325019919,-0.04976934719017739,-5.987407389999689,8.846909523010254,9.0157271194458,9.453841795482703,8.846909523010254,8.239977250537805,782875.0,298419000.0,-0.6659329082987802,-0.6659329082987802,-2.1857942239006056,0.1593374984443416
2020-02-21,PTC,PTC,8.412618637084961,8.525666032292472,8.384356114467458,8.412618637084961,144500,8.431459426879883,-0.018840789794921875,32.79937451689726,-0.17452527435294485,-0.13028134547074832,-0.044243928882196526,-6.197486263153457,8.797922277450562,9.001596183776856,9.377002436680657,8.797922277450562,8.218842118220467,740875.0,298274500.0,-0.22345822758580283,-0.887903054010788,-0.9977918503284167,0.15905200470287464
2020-02-24,PTC,PTC,8.39377706262789,8.39377706262789,8.195943893880866,8.2147855758667,148000,8.412618637084961,-0.19783306121826172,27.728470817260757,-0.19265491735196427,-0.14275605984699152,-0.04989885750497275,-7.7248611613703275,8.742811584472657,8.981247634887696,9.323681937533634,8.742811584472657,8.16194123141168,723125.0,298126500.0,-2.351622838888278,-2.5698261717587982,-3.218645761893762,0.17141050970723215
2020-02-25,PTC,PTC,8.469142454165587,8.469142454165587,8.139421087275375,8.205365180969238,224000,8.2147855758667,-0.009420394897460938,27.51036309398546,-0.2054150404643611,-0.15528785597046543,-0.050127184493895666,-7.537153004351067,8.693824338912965,8.963348445892334,9.282833302430259,8.693824338912965,8.10481537539567,701950.0,297902500.0,-0.11467608996558673,-2.46360217973149,-3.329630834749766,0.1696326751228038
2020-02-26,PTC,PTC,8.290150369033766,8.290150369033766,8.054634738654515,8.139420509338379,369000,8.205365180969238,-0.06594467163085938,25.970370758249103,-0.21833191938092966,-0.16789666865255828,-0.05043525072837138,-5.984762897627081,8.645779132843018,8.943941955566407,9.251693698335416,8.645779132843018,8.03986456735062,665650.0,297533500.0,-0.8036774741458835,-0.9174319382081856,-4.106548815904549,0.16934353529184265
2020-02-27,PTC,PTC,8.101738804917192,8.101738804917192,7.819119842248748,8.045214653015137,391500,8.139420509338379,-0.09420585632324219,23.911138351362567,-0.2334788652543871,-0.18101310797292408,-0.05246575728146302,-7.375266243356336,8.589255428314209,8.925665950775146,9.197938926331734,8.589255428314209,7.980571930296684,673275.0,297142000.0,-1.1574024983124973,-1.9517781892942416,-4.580995463648676,0.16242276021777324
2020-02-28,PTC,PTC,8.045214653015137,8.045214653015137,8.045214653015137,8.045214653015137,0,8.045214653015137,0.0,23.911138351362567,-0.24268540273069306,-0.19334756692447788,-0.049337835806215175,-7.375266243356336,8.53414478302002,8.910027713775635,9.12948363866376,8.53414478302002,7.938805927376278,652850.0,297142000.0,0.0,-1.1574024983124973,-4.367296319010755,0.16364678559011872
2020-03-02,PTC,PTC,8.054635245815495,8.337254199749895,8.054635245815495,8.167682647705078,358000,8.045214653015137,0.1224679946899414,32.03607090397955,-0.23736332963594364,-0.20215071946677104,-0.0352126101691726,-5.245895073690136,8.499288511276244,8.89815773010254,9.094743536274947,8.499288511276244,7.9038334862775415,546750.0,297500000.0,1.5222464529774056,1.5222464529774056,-0.5733920590696795,0.15345542216100472
2020-03-03,PTC,PTC,8.290150574990873,8.431459597360714,8.243047268060641,8.25246810913086,294000,8.167682647705078,0.08478546142578125,37.04785843591612,-0.2237251064464214,-0.20646559686270113,-0.017259509583720273,-2.882491084630773,8.463490104675293,8.88346155166626,9.025325810656511,8.463490104675293,7.901654398694073,537600.0,297794000.0,1.0380601828304863,2.5761084701207997,0.574050357574179,0.15173597091932053
2020-03-04,PTC,PTC,8.280729387844483,8.290150228520975,8.054634602133566,8.064055442810059,185500,8.25246810913086,-0.18841266632080078,31.490514011417844,-0.22552038523297036,-0.210276554536755,-0.01524383069621535,-4.994451869915338,8.4182710647583,8.864997119903565,8.953958361481751,8.4182710647583,7.882583768034851,546875.0,297608500.0,-2.2831068697173573,-1.2687467102328747,-0.9259266853439231,0.164632853302807
2020-03-05,PTC,PTC,8.233626229041441,8.459721018765864,8.054634745114814,8.1582612991333,1340000,8.064055442810059,0.09420585632324219,36.61055724972999,-0.21684191272105657,-0.21158962617361535,-0.005252286547441226,-3.884578670192542,8.381059598922729,8.848416805267334,8.87704491707556,8.381059598922729,7.8850742807698975,560150.0,298948500.0,1.1682193530456995,-1.1415592129744123,1.4051414535695095,0.1749489781609731
2020-03-06,PTC,PTC,8.082896225742227,8.24304692355933,8.007531297171921,8.064055442810059,376000,8.1582612991333,-0.09420585632324219,33.883490631661175,-0.21508640384752553,-0.2122889817083974,-0.0027974221391281195,-4.994451869915338,8.340550899505615,8.833720626831054,8.797765090279078,8.340550899505615,7.883336708732151,397750.0,298572500.0,-1.1547295786327685,0.0,0.23418629095074348,0.17675139185118105
2020-03-09,PTC,PTC,7.960428478527117,7.988690103862331,7.442294338347318,7.819119453430176,706500,8.064055442810059,-0.2449359893798828,28.03605226521556,-0.2307989313319272,-0.21599097163310338,-0.014807959698823814,-7.2625620601047896,8.298629140853881,8.81544460296631,8.786203931930391,8.298629140853881,7.811054349777372,411700.0,297866000.0,-3.0373797789084978,-4.157035834818799,-4.2675898331191915,0.18655173818347498
2020-03-10,PTC,PTC,7.819119585510945,8.1959442577487,7.772016276876005,7.894484519958496,197500,7.819119453430176,0.07536506652832031,31.92868827503183,-0.23446710076238375,-0.21968619745895945,-0.014780903303424298,-6.159011117446807,8.25906252861023,8.7969801902771,8.742759230576414,8.25906252861023,7.775365826644045,319600.0,298063500.0,0.9638561858171684,-2.1027995659770986,-4.337897274347247,0.19160689838767936
2020-03-11,PTC,PTC,8.045214088872838,8.045214088872838,7.734333521263228,7.753174304962158,136500,7.894484519958496,-0.1413102149963379,28.7847146202716,-0.24594164267185192,-0.22493728650153796,-0.02100435617031396,-5.619273523835573,8.212430405616761,8.773805437088013,8.702679427492262,8.212430405616761,7.72218138374126,295125.0,297927000.0,-1.7899865993667285,-0.8433833101128548,-3.855146334901295,0.19626750508283725
2020-03-12,PTC,PTC,7.819119189160277,7.819119189160277,7.348087923529187,7.423452854156494,1196000,7.753174304962158,-0.32972145080566406,23.075174346036817,-0.27843148049799016,-0.2356361253008284,-0.042795355197161766,-9.529281263754585,8.15260944366455,8.7308473777771,8.71951060269748,8.15260944366455,7.585708284631622,345625.0,296731000.0,-4.252728467546989,-5.966591797237172,-9.00692461339611,0.2361227747557762
2020-03-13,PTC,PTC,7.404611791734609,7.715491913114297,7.300984785134425,7.5270795822143555,209000,7.423452854156494,0.10362672805786133,27.91462057172116,-0.2924469537019112,-0.24699829098104498,-0.04544866272086623,-7.523151389235672,8.104093170166015,8.686570434570312,8.711393912374533,8.104093170166015,7.496792427957498,349950.0,296940000.0,1.3959370402660978,-2.91615683918132,-6.6588810605769435,0.2462052964556669
2020-03-16,PTC,PTC,7.621286029655095,7.621286029655095,7.074889832823385,7.178516387939453,461000,7.5270795822143555,-0.34856319427490234,22.73382860436932,-0.32790061967333006,-0.263178756719502,-0.06472186295382804,-10.772842024182259,8.038619804382325,8.643800773620605,8.745793960725551,8.038619804382325,7.3314456480390975,366275.0,296479000.0,-4.630789278467549,-3.299495140996251,-8.19277757944593,0.28386528372766257
2020-03-17,PTC,PTC,7.253881464196246,7.423453010898514,6.961842127243973,6.999524593353272,700000,7.178516387939453,-0.17899179458618075,20.617705029666652,-0.3662194969150958,-0.2837869047586208,-0.08243259215647503,-12.99766513091067,7.9641968488693236,8.597262887954711,8.77756774667729,7.9641968488693236,7.150825951061357,387875.0,295779000.0,-2.493437152095981,-7.008760610258942,-11.336521394685423,0.28809223825174934
2020-03-18,PTC,PTC,7.06546938241019,7.06546938241019,6.594438090249511,6.867636203765869,628500,6.999524593353272,-0.13188838958740323,19.199568516354333,-0.40258897885889144,-0.3075473195786749,-0.09504165928021652,-15.916955885945086,7.883179473876953,8.555435314178467,8.793851211006196,7.883179473876953,6.97250773674771,419300.0,295150500.0,-1.884247820382602,-4.330702437287604,-11.421619924493767,0.2876710982347931
2020-03-19,PTC,PTC,6.594438026691305,7.253881649676259,6.274136607361815,6.829953670501709,302000,6.867636203765869,-0.037682533264160156,18.801652026453866,-0.4295016926779942,-0.3319381941985388,-0.09756349847945539,-17.237442421076718,7.803104186058045,8.506259660720826,8.789294832991814,7.803104186058045,6.816913539124275,418375.0,294848500.0,-0.5486972831131756,-2.422606286898219,-7.99492089887089,0.28790207531969775
2020-03-20,PTC,PTC,7.056048181162502,7.291563815234048,6.8770566945733,7.187937259674072,670000,6.829953670501709,0.3579835891723633,33.00661485283314,-0.4171354506059579,-0.34897764548002264,-0.06815780512593528,-10.86448610564969,7.7418701171875,8.463678417205811,8.720768232413896,7.7418701171875,6.762972001961105,444650.0,295518500.0,5.241376536981206,4.6639199632118835,-4.5056295583965715,0.3636424428052451
2020-03-23,PTC,PTC,7.187937259674072,7.187937259674072,7.187937259674072,7.187937259674072,0,7.187937259674072,0.0,33.00661485283314,-0.4026931190611309,-0.35972074019624434,-0.042972378864886585,-11.893760249654072,7.690527701377869,8.423169736862183,8.672697043226748,7.690527701377869,6.708358359528991,437250.0,295518500.0,0.0,5.241376536981206,0.13123703040431925,0.3595368912547871
2020-03-24,PTC,PTC,6.509652036606263,6.820532604315328,6.406025480176859,6.453128337860107,422000,7.187937259674072,-0.7348089218139648,23.302181870462874,-0.4454060425930946,-0.37685780067561436,-0.06854824191748021,-19.97663726861228,7.602915859222412,8.36419662475586,8.697851741319912,7.602915859222412,6.507979977124911,447150.0,295096500.0,-10.222806561437402,-10.222806561437402,-7.80619095205439,0.4938546719051141
2020-03-25,PTC,PTC,6.66038223677844,6.735747167168565,6.59443769808187,6.641541004180908,184500,6.453128337860107,0.18841266632080078,29.06150576985658,-0.45876466123678483,-0.3932391727878485,-0.06552548844893635,-15.060243755870422,7.528021883964539,8.312760019302369,8.672245270762987,7.528021883964539,6.38379849716609,437925.0,295281000.0,2.919710510255859,-7.6015724087989565,-3.2921836986790534,0.5145349632309988
2020-03-26,PTC,PTC,6.688644275085661,6.8582158281700645,6.519073171211704,6.603858947753906,399000,6.641541004180908,-0.03768205642700195,28.5989671225433,-0.4670087041485331,-0.40799307905998544,-0.059015625088547685,-16.348446424103887,7.455954098701477,8.260569772720338,8.643755026875375,7.455954098701477,6.2681531705275795,438300.0,294882000.0,-0.5673691753657889,2.3357757974449633,-3.3103405038352838,0.5146614259310494
2020-03-27,PTC,PTC,6.6509616652499375,6.877056914787983,6.556755498446767,6.80169153213501,287000,6.603858947753906,0.19783258438110352,34.49365972435206,-0.4523641589105436,-0.4168672950300971,-0.03549686388044648,-12.272170538177942,7.39377794265747,8.212901401519776,8.581890242962194,7.39377794265747,6.205665642352747,452650.0,295169000.0,2.9957118397931564,2.4113459188655977,-5.373526695982545,0.5325228238655063
2020-03-30,PTC,PTC,6.820532522429248,6.924159526824951,6.698064734554785,6.924159526824951,189000,6.80169153213501,0.1224679946899414,37.91094461425482,-0.4259658386045393,-0.4186870037449856,-0.007278834859553718,-6.725890729567734,7.331601786613464,8.169943342208862,8.478629704185801,7.331601786613464,6.184573869041127,444200.0,295358000.0,1.8005520260854793,4.850203216105714,-3.669727813693824,0.5342083016093049
2020-03-31,PTC,PTC,6.9241597446197405,7.348088167276318,6.9241597446197405,7.300984859466553,252000,6.924159526824951,0.37682533264160156,47.06193466038696,-0.3703689418736724,-0.40902339137072297,0.03865444949705055,-3.003750927279143,7.284027624130249,8.13226083755493,8.346014198640558,7.284027624130249,6.222041049619939,442100.0,295610000.0,5.442181555490439,7.340722891836552,13.138689906911091,0.5752447725950304
2020-04-01,PTC,PTC,7.3386673260301905,7.432873492439285,7.253881551656788,7.300984859466553,163500,7.300984859466553,0.0,47.06193466038696,-0.32258939096631245,-0.3917365912898409,0.06914720032352845,1.7060415399045066,7.2458740949630736,8.097781343460083,8.242695766735629,7.2458740949630736,6.249052423190517,441000.0,295610000.0,0.0,5.442181555490439,9.929079032569684,0.5718036610645517
2020-04-02,PTC,PTC,7.348088089573662,7.52707957925297,7.253881474950324,7.5176591873168945,483500,7.300984859466553,0.2166743278503418,51.7993618870372,-0.2641944757435244,-0.36622816818057763,0.10203369243705324,7.402425508378687,7.213843989372253,8.05840313911438,8.124685363054887,7.213843989372253,6.3030026156896195,398175.0,296093500.0,2.967741092756808,2.967741092756808,13.837367617819707,0.5819636972208933
2020-04-03,PTC,PTC,7.536500453948975,7.706072001657503,7.489397146427619,7.536500453948975,557000,7.5176591873168945,0.018841266632080078,52.19994277367195,-0.21392970350723228,-0.3357684752459086,0.1218387717386763,9.739366360383704,7.187466239929199,8.021285877227783,8.021995291275559,7.187466239929199,6.352937188582838,407225.0,296650500.0,0.2506267730767489,3.2258058195676065,10.803326177647353,0.5815009244210813
2020-04-06,PTC,PTC,7.583603908208317,7.583603908208317,7.329247030934311,7.348088264465332,619000,7.536500453948975,-0.18841218948364258,47.91185192539983,-0.18714055856857836,-0.30604289191044254,0.11890233334186417,7.5862094965801194,7.163914680480957,7.981907653808594,7.948476795952967,7.163914680480957,6.379352565008947,402850.0,296031500.0,-2.4999957292501507,-2.2556346147966777,6.122457693212216,0.5784167061361797
2020-04-07,PTC,PTC,7.253881518435959,7.442294299601703,7.216199052044897,7.282143592834473,402500,7.348088264465332,-0.06594467163085938,46.47289088095897,-0.16927979991689668,-0.27869027351173337,0.10941047359483669,1.3106170763192229,7.133297634124756,7.943848323822022,7.841936336771425,7.133297634124756,6.424658931478087,413100.0,295629000.0,-0.8974398409142912,-3.374999612468995,-0.2580647268107979,0.5770264130256276
2020-04-08,PTC,PTC,7.300984758635139,7.395190923743184,7.206778593527094,7.244461059570312,138000,7.282143592834473,-0.037682533264161044,45.62956110405541,-0.15636322755939336,-0.2542248643212654,0.09786163676187204,0.7863702457915213,7.107861971855163,7.906731052398682,7.7568243198876194,7.107861971855163,6.458899623822707,413175.0,295491000.0,-0.5174648478675994,-1.4102607530744002,-0.774194180432406,0.5745440742010444
2020-04-09,PTC,PTC,7.319825816352513,7.442294052665166,7.300984583782138,7.404611587524414,780000,7.244461059570312,0.16015052795410245,49.79904846776288,-0.13168594809709777,-0.22971708107643188,0.0980311329793341,14.744526992931675,7.10691990852356,7.871309509277344,7.754005291854034,7.10691990852356,6.459834525193086,392375.0,296271000.0,2.210661726762065,1.6817574815532093,-1.5037606384604933,0.5608393380223411
2020-04-10,PTC,PTC,7.216198988409014,7.385770534883863,7.216198988409014,7.253881454467773,146500,7.404611587524414,-0.15073013305664062,46.20744663118544,-0.12287525886936645,-0.2083487166350188,0.08547345776565235,9.219854999033982,7.093260002136231,7.833438587188721,7.713997980082834,7.093260002136231,6.472522024189627,389250.0,296124500.0,-2.0356251138222667,0.13003582764817254,-3.750003084430447,0.5631245343937346
2020-04-13,PTC,PTC,7.253881426161596,7.253881426161596,6.961842090740588,6.9712629318237305,320500,7.253881454467773,-0.28261852264404297,40.33363840020846,-0.13711707670677242,-0.19410238864936954,0.05698531194259712,5.563474128937673,7.082897329330445,7.795567684173584,7.70456168471692,7.082897329330445,6.46123297394397,382225.0,295804000.0,-3.896100652016777,-5.852415762506797,-5.12820912160097,0.5558823734099841
2020-04-14,PTC,PTC,7.065469065495295,7.065469065495295,6.943000827216208,6.961842060089111,5191000,6.9712629318237305,-0.00942087173461914,40.1504183406176,-0.14746413085785282,-0.1847747370910662,0.03731060623321339,2.3545691126605863,7.081013202667236,7.755435800552368,7.703968566032609,7.081013202667236,6.458057839301864,606775.0,290613000.0,-0.13513866607459282,-4.02597417964131,-4.398451206874491,0.5485956339507166
2020-04-15,PTC,PTC,6.971262898056245,7.1031515281084046,6.943000824154141,6.95242166519165,126000,6.961842060089111,-0.009420394897460938,39.95496680146675,-0.15464177879302188,-0.17874814543145734,0.02410636663843546,0.4081670599472558,7.085252475738526,7.715115509033203,7.703227980051,7.085252475738526,6.467276971426051,581650.0,290487000.0,-0.13531468849984735,-0.2702704921093985,-4.031209388486697,0.5439898910183978
2020-04-16,PTC,PTC,7.04662779519658,7.056048186977786,6.8958979330139005,6.93358039855957,56000,6.95242166519165,-0.018841266632080078,39.540379946008,-0.16000599968389828,-0.17499971628194555,0.014993716598047269,-5.032258907243191,7.090433812141418,7.6757373046875,7.701090956496365,7.090433812141418,6.479776667786471,569350.0,290431000.0,-0.27100293307023837,-0.4059509147953762,-6.361322040962364,0.5436272600349957
2020-04-17,PTC,PTC,7.169096056938785,7.52707948082674,7.169096056938785,7.470555782318115,582500,6.93358039855957,0.5369753837585449,54.14423878919101,-0.11954966350445684,-0.1639097057264478,0.04436004222199097,2.3225760101624457,7.104564738273621,7.647663831710815,7.737399185941031,7.104564738273621,6.47173029060621,564975.0,291013500.0,7.744561292894216,7.452570371566811,2.9870122528248495,0.5808172272847465
2020-04-20,PTC,PTC,7.489397358473742,7.498818199928916,7.300985021474702,7.385770797729492,321500,7.470555782318115,-0.08478498458862305,52.008133135053825,-0.09325418904610139,-0.14977860239037852,0.05652441334427713,-1.75438106864318,7.114456415176392,7.622228155136108,7.758856796819751,7.114456415176392,6.470056033533032,581050.0,290692000.0,-1.134922046754522,6.521744512602219,5.945950826406767,0.582878485342597
2020-04-21,PTC,PTC,7.385770462947113,7.385770462947113,7.150254827768548,7.206778526306152,148500,7.385770797729492,-0.17899227142333984,47.727218035197936,-0.08586818154644771,-0.13699651822159237,0.05112833667514466,-4.3750004349837806,7.1521389245986935,7.592647390365601,7.716933328248915,7.1521389245986935,6.587344520948472,567375.0,290543500.0,-2.423474493391604,-3.530891993823152,3.518270941841876,0.4480385115856985
2020-04-22,PTC,PTC,7.291563886661312,7.291563886661312,7.074889932434985,7.235040187835693,34500,7.206778526306152,0.028261661529541016,48.44874519893358,-0.07684837724041405,-0.1249668900253567,0.048118512784942655,-1.538469225748534,7.181813883781433,7.5636318588256835,7.693522215885158,7.181813883781433,6.6701055516777075,559875.0,290578000.0,0.3921538788292219,-2.040824363790654,4.06503713747708,0.43951577477162007
2020-04-23,PTC,PTC,7.253881454467773,7.291563920526534,7.253881454467773,7.253881454467773,17000,7.235040187835693,0.018841266632080078,48.954605645794985,-0.067402806987368,-0.11345407341775897,0.046051266430390966,-0.3881019099171399,7.214315009117127,7.536312046051026,7.648099116258511,7.214315009117127,6.780530901975743,540775.0,290595000.0,0.26041688978808974,0.6535920035517421,4.619562152545958,0.43791743294508106
2020-04-24,PTC,PTC,7.216199052044897,7.348088133624048,7.216199052044897,7.282143592834473,75500,7.253881454467773,0.02826213836669922,49.75112698352068,-0.05697977872011872,-0.10215921447823093,0.0451794357581122,0.5201564747784854,7.238337612152099,7.512006816864013,7.626749213968337,7.238337612152099,6.849926010335862,530200.0,290670500.0,0.3896140093286491,0.6510455198020112,-2.5220638861915874,0.4279219667188872
2020-04-27,PTC,PTC,7.216198918123874,7.300984690535493,7.187937293460284,7.206778526306152,17500,7.282143592834473,-0.07536506652832031,47.61731802645354,-0.05417627437373351,-0.09256262645733146,0.03838635208359795,-2.671754742025615,7.252468562126159,7.486382713317871,7.612262772511436,7.252468562126159,6.892674351740883,521625.0,290653000.0,-1.0349296957351746,-0.649347917487812,-2.423474493391604,0.42723507136789324
2020-04-28,PTC,PTC,7.206778458378552,7.25388131544404,7.159675152102642,7.169095993041992,37000,7.206778526306152,-0.037682533264160156,46.54244662523425,-0.05436841721887742,-0.08492378460964066,0.03055536739076324,-1.1688288808960425,7.245874118804932,7.4600049591064455,7.6067571939621335,7.245874118804932,6.88499104364773,510875.0,290616000.0,-0.5228762494450403,-1.5523945436027617,-0.5228762494450403,0.3807239245508915
2020-04-29,PTC,PTC,7.206778526306152,7.206778526306152,7.15967521958627,7.206778526306152,20000,7.169095993041992,0.037682533264160156,47.811132581791405,-0.05089335933324435,-0.0781176995543614,0.027224340221117055,3.378377731347588,7.241163802146912,7.434380855560303,7.601476926539992,7.241163802146912,6.880850677753831,503700.0,290636000.0,0.5256246157218868,0.0,-0.3906220393503477,0.3812986346227461
2020-04-30,PTC,PTC,7.187937327070297,7.338667190542039,7.187937327070297,7.225619792938232,589500,7.206778526306152,0.018841266632080078,48.469643363804295,-0.04608774730594867,-0.07171170910467886,0.025623961798730194,3.7889071681374045,7.226561832427978,7.4102640628814695,7.562543949419364,7.226561832427978,6.890579715436592,509000.0,291225500.0,0.26143812472252015,0.7884369235828301,-0.3896074357836967,0.364744102546209
2020-05-01,PTC,PTC,7.225619792938232,7.225619792938232,7.225619792938232,7.225619792938232,0,7.225619792938232,0.0,48.469643363804295,-0.04179745016426839,-0.06572885731659676,0.023931407152328374,3.9295391002302082,7.211017799377442,7.386524085998535,7.5137441889610646,7.211017799377442,6.908291409793819,481150.0,291225500.0,0.0,0.26143812472252015,-0.7761972718013809,0.3644659991514529
2020-05-04,PTC,PTC,7.253881521325859,7.3009848289386685,7.22561989612652,7.291563987731934,98000,7.225619792938232,0.06594419479370117,50.980323023324274,-0.032699276463861615,-0.05912294114604974,0.026423664682188125,5.163040861929477,7.208191585540772,7.368059654235839,7.506553832475286,7.208191585540772,6.909829338606257,455100.0,291323500.0,0.9126441285791148,0.9126441285791148,1.1764682529967823,0.3557556587801548
2020-05-05,PTC,PTC,7.300984925824583,7.395191093089909,7.300984925824583,7.338667392730713,152500,7.291563987731934,0.0471034049987793,52.75116448375331,-0.02144089978741448,-0.05158653287432269,0.030145633086908208,-1.7654428054679132,7.211017775535583,7.350725698471069,7.513373590415815,7.211017775535583,6.908661960655351,442600.0,291476000.0,0.6459986510168578,1.5645384483551783,2.365310770748491,0.3548975492610913
2020-05-06,PTC,PTC,7.300984782261993,7.574182886564639,7.169096150683922,7.5176591873168945,806500,7.338667392730713,0.17899179458618164,58.83653059019455,0.0019026541544260311,-0.04088869546857295,0.04279134962299898,1.7857092130173742,7.224677681922913,7.338290472030639,7.5566317293399035,7.224677681922913,6.892723634505922,476025.0,292282500.0,2.439023122419763,3.1007778299054416,4.313725749667024,0.36389934384883016
2020-05-07,PTC,PTC,7.583603590965086,7.621286056450765,7.348087957074374,7.442294120788574,185000,7.5176591873168945,-0.07536506652832031,55.59003937969771,0.014158052600567572,-0.029879345854744846,0.04403739845531242,3.2679732507769432,7.226561808586121,7.326232061386109,7.563210549779099,7.226561808586121,6.889913067393143,446275.0,292097500.0,-1.0025070923069956,1.4120646503275018,2.9986953930526856,0.3582961193273359
2020-05-08,PTC,PTC,7.442294398508824,7.442294398508824,7.263302456167283,7.329246997833252,44500,7.442294120788574,-0.11304712295532227,51.040607938130144,0.014580511060787948,-0.020987374471638287,0.035567885532426236,1.3020910396040224,7.230330085754394,7.31191270828247,7.569940595721532,7.230330085754394,6.890719575787256,441175.0,292053000.0,-1.5189821998508164,-2.5062613878734266,1.4341635439536526,0.3547612641446298
2020-05-11,PTC,PTC,7.395190980595345,7.668389535324593,7.395190980595345,7.536500453948975,1845500,7.329246997833252,0.20725345611572266,57.85103044267515,0.03127837659798782,-0.010534224257713064,0.04181260085570089,3.896107225561729,7.258591961860657,7.299289064407349,7.601487526466263,7.258591961860657,6.915696397255051,517425.0,293898500.0,2.8277591978683905,1.265823839147309,3.3591759823975615,0.3346574993290189
2020-05-12,PTC,PTC,7.536500423364568,7.583603730694769,7.517659190274573,7.5270795822143555,78000,7.536500453948975,-0.00942087173461914,57.45976107577194,0.043252778614424336,0.0002231763167144154,0.04302960229770992,3.3635149631064185,7.286853837966919,7.284781293869019,7.619796989218493,7.286853837966919,6.953910686715345,261775.0,293820500.0,-0.1250032663327552,2.699221140174275,2.5673896826319385,0.33463575418051955
2020-05-13,PTC,PTC,7.5270795822143555,7.630707038024969,7.517659190274573,7.5270795822143555,456500,7.5270795822143555,0.0,57.45976107577193,0.05214152345790701,0.010606845744952935,0.04153467771295408,4.444441503773726,7.315586733818054,7.274041776657104,7.625389682486544,7.315586733818054,7.005783785149564,278300.0,293820500.0,0.0,-0.1250032663327552,0.12531021509134338,0.3343768547823482
2020-05-14,PTC,PTC,7.602444678149284,8.46914231735783,7.4799768850345085,8.130000114440918,1996500,7.5270795822143555,0.6029205322265625,71.67759042366748,0.10660765918574011,0.02980700843311037,0.07680065075262973,13.403421049620997,7.375407719612122,7.273476552963257,7.811095723819872,7.375407719612122,6.9397197154043715,375325.0,295817000.0,8.010019365959623,8.010019365959623,9.240510822212379,0.42786882705251245
2020-05-15,PTC,PTC,8.319999694824219,8.989999771118164,8.020000457763672,8.6899995803833,1397500,8.130000114440918,0.5599994659423828,78.7736948529043,0.1927379775184983,0.06239320225018796,0.13034477526831034,20.58091626741548,7.436379909515381,7.285995435714722,8.168559154687262,7.436379909515381,6.7042006643434995,416075.0,297214500.0,6.888062214755489,15.449816698056374,18.56606255666276,0.4102336231831874
2020-05-18,PTC,PTC,8.84000015258789,9.130000114440918,8.460000038146973,8.5,1432000,8.6899995803833,-0.18999958038330078,72.16708480055328,0.2428658902840315,0.09848773985695668,0.1443781504270748,17.63696739630902,7.492091369628906,7.299613046646118,8.364240765627017,7.492091369628906,6.619941973630796,471600.0,295782500.0,-2.1864164506083927,4.55104403875554,12.784442221404909,0.41839262813814526
2020-05-19,PTC,PTC,8.649999618530273,9.0,8.15999984741211,8.229999542236328,2252500,8.5,-0.2700004577636719,63.958098297365645,0.25783369550341195,0.13035693098624773,0.12747676451716422,13.900257390787424,7.543252420425415,7.306323347091674,8.463643377713991,7.543252420425415,6.622861463136839,576800.0,293530000.0,-3.1764759736902572,-5.2934414310602635,9.338548268878325,0.42670777595002984
2020-05-20,PTC,PTC,8.34000015258789,8.75,8.170000076293945,8.510000228881836,515500,8.229999542236328,0.2800006866455078,68.02065323437229,0.2889585698036692,0.16207725874973203,0.12688131105393716,16.710218043754715,7.607000422477722,7.321459865570068,8.61037872467301,7.607000422477722,6.6036221202824334,600850.0,294045500.0,3.4021956527281114,0.11764975155101104,13.058459604838133,0.4370850320983481
2020-05-21,PTC,PTC,8.550000190734863,8.550000190734863,8.350000381469727,8.380000114440918,224000,8.510000228881836,-0.13000011444091797,64.39162572198006,0.29968080042763034,0.1895979670853117,0.11008283334231864,14.189670494423728,7.663306355476379,7.3405908107757565,8.708755283337894,7.663306355476379,6.617857427614865,611200.0,293821500.0,-1.5276158747882809,1.8226072970573988,3.0750307070222216,0.4448224007081397
2020-05-22,PTC,PTC,8.380000114440918,8.380000114440918,8.380000114440918,8.380000114440918,0,8.380000114440918,0.0,64.39162572198006,0.3046662426495068,0.21261162219815075,0.09205462045135607,11.47087019559075,7.7181991815567015,7.357649221420288,8.794222746555409,7.7181991815567015,6.642175616557994,607425.0,293821500.0,0.0,-1.5276158747882809,-3.5673127837908285,0.44546764318612664
2020-05-25,PTC,PTC,8.380000114440918,8.380000114440918,8.380000114440918,8.380000114440918,0,8.380000114440918,0.0,64.39162572198006,0.3051002359270516,0.23110934494393093,0.07399089098312067,12.599690074503341,7.77686026096344,7.3816788959503175,8.863359596343457,7.77686026096344,6.690360925583424,606550.0,293821500.0,0.0,0.0,-1.411763359518612,0.4414927230112408
2020-05-26,PTC,PTC,8.380000114440918,8.380000114440918,8.380000114440918,8.380000114440918,0,8.380000114440918,0.0,64.39162572198006,0.3019633333846494,0.24528014263207465,0.056683190752574775,14.336440249841498,7.837405467033387,7.40928840637207,8.916232282595992,7.837405467033387,6.758578651470782,604700.0,293821500.0,0.0,0.0,1.8226072970573988,0.43981323690648544
2020-05-27,PTC,PTC,8.380000114440918,8.380000114440918,8.380000114440918,8.380000114440918,0,8.380000114440918,0.0,64.39162572198006,0.2960644686191243,0.2554370078294846,0.04062746078963969,11.192192790885676,7.8960665464401245,7.439535684585572,8.95796810136502,7.8960665464401245,6.8341649915152285,603700.0,293821500.0,0.0,0.0,-1.5276158747882809,0.4406728404748872
2020-05-28,PTC,PTC,8.380000114440918,8.5,8.369999885559082,8.399999618530273,309000,8.380000114440918,0.01999950408935547,64.81000253473306,0.2896642989026166,0.262282466044111,0.027381832858505595,11.597061340742698,7.954785537719727,7.470936603546143,8.99013517373634,7.954785537719727,6.919435901703114,589675.0,294130500.0,0.2386575634395413,0.2386575634395413,0.2386575634395413,0.44070999293716384
2020-05-29,PTC,PTC,8.449999809265137,8.510000228881836,8.350000381469727,8.489999771118164,502500,8.399999618530273,0.09000015258789062,66.70580334066706,0.28852840262002566,0.26753165335929396,0.020996749260731695,12.792746222307533,8.018004536628723,7.496977853775024,9.019749948408863,8.018004536628723,7.016259124848583,614800.0,294633000.0,1.0714304366080165,1.312645049821516,1.312645049821516,0.43979833622392783
2020-06-01,PTC,PTC,8.399999618530273,8.460000038146973,8.350000381469727,8.449999809265137,710000,8.489999771118164,-0.039999961853027344,65.029002153643,0.2811595022779265,0.2702572231430205,0.010902279134906045,3.93603555128885,8.075926327705384,7.522219104766846,9.033818888374007,8.075926327705384,7.118033767036761,645400.0,293923000.0,-0.47114208399747937,0.5952403929229187,0.835318542580818,0.4422519460179665
2020-06-02,PTC,PTC,8.40999984741211,8.760000228881836,8.399999618530273,8.649999618530273,1610000,8.449999809265137,0.19999980926513672,69.19816815302985,0.28813645115608644,0.2738330687456337,0.014303382410452758,-0.46029877772747846,8.141492938995361,7.566156530380249,9.065834075064773,8.141492938995361,7.217151802925949,718275.0,295533000.0,2.366861701533339,1.8845683359899175,3.221951078784309,0.44578674023057746
2020-06-03,PTC,PTC,8.649999618530273,9.079999923706056,8.550000190734863,8.859999656677246,1466500,8.649999618530273,0.21000003814697266,72.85723040714677,0.30707125515889366,0.2804807060282857,0.026590549130607988,4.2352900785558365,8.20860996246338,7.610525703430175,9.137153870903346,8.20860996246338,7.280066054023413,751275.0,296999500.0,2.427746212810283,4.852069309665056,5.727918086888378,0.4457339986531823
2020-06-04,PTC,PTC,8.699999809265137,8.75,8.649999618530273,8.670000076293945,1357000,8.859999656677246,-0.18999958038330078,65.29903731119072,0.3032501663537772,0.285034598093384,0.018215568260393222,5.346300832697937,8.269995260238648,7.651848526000976,9.146074837771634,8.269995260238648,7.3939156827056625,809875.0,295642500.0,-2.1444648729767115,0.23121917509483272,3.2142913098240493,0.45383646939276195
2020-06-05,PTC,PTC,8.619999885559082,8.699999809265137,8.600000381469727,8.640000343322754,321000,8.670000076293945,-0.029999732971191406,64.16713894948029,0.2944074523651281,0.28690916894773283,0.0074982834173952795,1.5276158747882809,8.335532927513123,7.688614702224731,9.104906018304789,8.335532927513123,7.566159836721457,823700.0,295321500.0,-0.346017678283747,-2.483062323695374,1.7667912396755487,0.44774196936699995
2020-06-08,PTC,PTC,8.670000076293945,8.75,8.449999809265137,8.510000228881836,1049000,8.640000343322754,-0.13000011444091797,59.36492397542838,0.2737539499130346,0.2842781251407932,-0.010524175227758614,1.551313993622673,8.384207916259765,7.720331516265869,9.05797062332637,8.384207916259765,7.71044520919316,783875.0,294272500.0,-1.5046308943886313,-1.8454422837848747,0.7100641535034214,0.44893269827880256
2020-06-09,PTC,PTC,8.600000381469727,8.630000114440918,8.510000228881836,8.539999961853027,74500,8.510000228881836,0.029999732971191406,60.10689190430406,0.2568458688566704,0.27879167388396864,-0.02194580502729826,1.9093060289627928,8.4348539352417,7.745111818313599,8.976701394157175,8.4348539352417,7.893006476326224,783700.0,294347000.0,0.35252329217778644,-1.1574117765748677,-1.2716723876103035,0.4481640915559926
2020-06-10,PTC,PTC,8.729999542236328,8.729999542236328,8.550000190734863,8.600000381469727,358500,8.539999961853027,0.06000041961669922,61.61645316508014,0.24545813661547378,0.2721249664302697,-0.0266668298147959,2.625301480004648,8.488499975204467,7.771092128753662,8.825750404441077,8.488499975204467,8.151249545967858,778800.0,294705500.0,0.7025810290949954,1.057581083046764,-2.9345291792598864,0.4474642719177434
2020-06-11,PTC,PTC,8.649999618530273,8.699999809265137,8.529999732971191,8.630000114440918,240500,8.600000381469727,0.029999732971191406,62.382906796701846,0.23613202154539614,0.26492637745329495,-0.028794355907898805,2.9832935153447675,8.513499975204468,7.793338947296142,8.81059288512103,8.513499975204468,8.216407065287905,691000.0,294946000.0,0.3488340888429647,1.053865960069187,-0.4613605709462187,0.3545799901802354
2020-06-12,PTC,PTC,8.420000076293945,8.5,8.300000190734863,8.3100004196167,1341000,8.630000114440918,-0.31999969482421875,50.74334274110242,0.2006072318430281,0.2520625483312416,-0.0514553164882135,-0.835318542580818,8.494500017166137,7.808808946609497,8.792668082355709,8.494500017166137,8.196331951976566,688175.0,293605000.0,-3.707991779614819,-3.372092430110646,-3.8194434096416248,0.2874770551563811
2020-06-15,PTC,PTC,8.319999694824219,8.449999809265137,8.100000381469727,8.109999656677246,591000,8.3100004196167,-0.20000076293945312,45.08174977395398,0.15453382028226414,0.23255680272144613,-0.07802298243918199,-3.4523806550335046,8.475,7.824047174453735,8.819123659149334,8.475,8.130876340850666,646125.0,293014000.0,-2.4067479282832362,-6.025497692561263,-4.700359123928574,0.2895871275620497
2020-06-16,PTC,PTC,8.109999656677246,8.369999885559082,8.109999656677246,8.350000381469727,232500,8.109999656677246,0.24000072479248047,52.00236902637526,0.1358207058487899,0.2132095833469149,-0.07738887749812498,-1.6489916775345104,8.48100004196167,7.84540431022644,8.811033488749153,8.48100004196167,8.150966595174186,545125.0,293246500.0,2.959318556750856,0.48134729041171764,-2.2248194523653635,0.2883688487516248
2020-06-17,PTC,PTC,8.25,8.680000305175781,8.25,8.390000343322754,1287000,8.350000381469727,0.039999961853027344,53.06398199233855,0.12280249969290402,0.19512816661611274,-0.07232566692320871,-0.7100528674165819,8.475000047683716,7.868315095901489,8.807169882708475,8.475000047683716,8.142830212658957,583700.0,294533500.0,0.479041437432686,3.452536356336014,-2.4418608003722433,0.2611996033479658
2020-06-18,PTC,PTC,8.3100004196167,8.359999656677246,8.199999809265137,8.300000190734863,145500,8.390000343322754,-0.09000015258789062,50.36474272306388,0.10402409238777288,0.17690735177044478,-0.0728832593826719,-4.046236337925744,8.471000051498413,7.8862228679656985,8.809846316873362,8.471000051498413,8.132153786123464,579775.0,294388000.0,-1.0727073766989526,-0.5988046521030517,-3.823869285399578,0.2582879877713513
2020-06-19,PTC,PTC,8.220000267028809,8.899999618530273,8.210000038146973,8.649999618530273,1708500,8.300000190734863,0.34999942779541016,59.08174936265165,0.11604638754392305,0.16473515892514046,-0.04868877138121741,-2.3702036826684107,8.48450002670288,7.914145231246948,8.82953843181037,8.48450002670288,8.139461621595391,665200.0,296096500.0,4.216860478944423,3.098918528822731,4.091446230387275,0.2991874800238626
2020-06-22,PTC,PTC,8.75,8.75,8.460000038146973,8.619999885559082,157500,8.649999618530273,-0.029999732971191406,58.13924957841839,0.1217499576139307,0.1561381186628985,-0.0343881610489678,-0.5767034636086904,8.496500015258789,7.947119970321655,8.842926772255744,8.496500015258789,8.150073258261834,673075.0,295939000.0,-0.346817737505157,3.8554179213324415,6.288535764140692,0.2997101393711189
2020-06-23,PTC,PTC,8.680000305175781,8.680000305175781,8.399999618530273,8.489999771118164,371500,8.619999885559082,-0.13000011444091797,54.11092979694193,0.11446072323914613,0.14780263957814804,-0.03334191633900191,-1.7361176648623016,8.501999998092652,7.977683124542236,8.844104828251677,8.501999998092652,8.159895167933627,691650.0,295567500.0,-1.5081219972949724,-1.8497093002102936,1.6766393203900127,0.30549091086737484
2020-06-24,PTC,PTC,8.420000076293945,8.600000381469727,8.300000190734863,8.34000015258789,268500,8.489999771118164,-0.14999961853027344,49.821474036860984,0.09547960738481542,0.13733803313948154,-0.04185842575466611,-1.9976506665297977,8.5,8.00543469429016,8.845558167506994,8.5,8.154441832493006,705075.0,295299000.0,-1.7667800067622137,-3.248256806131396,-0.5959498055879857,0.31248306917727414
2020-06-25,PTC,PTC,8.489999771118164,8.489999771118164,8.199999809265137,8.210000038146973,228500,8.34000015258789,-0.13000011444091797,46.38927073256946,0.06914989657619408,0.12370040582682405,-0.05455050925062997,-3.864167742155945,8.490500020980836,8.03096308708191,8.857420214060197,8.490500020980836,8.123579827901475,701050.0,295070500.0,-1.55875434127635,-3.297994587982355,-1.0843391628876844,0.3170991197697307
2020-06-26,PTC,PTC,8.399999618530273,8.399999618530273,8.229999542236328,8.25,181500,8.210000038146973,0.039999961853027344,47.58575311544467,0.05092405291012447,0.10914513524348415,-0.05822108233335968,-4.069771697032321,8.478500032424927,8.046551971435546,8.860862370572407,8.478500032424927,8.096137694277447,685000.0,295252000.0,0.4872102517316856,-1.0791385004946756,-4.624273250525734,0.31491835290922043
2020-06-29,PTC,PTC,8.34000015258789,8.75,8.220000267028809,8.569999694824219,538500,8.25,0.31999969482421875,56.038563696658095,0.06159125585960723,0.09963435936670878,-0.03804310350710155,-0.6952539840213694,8.48450002670288,8.07023654937744,8.868740761449091,8.48450002670288,8.10025929195667,676425.0,295790500.0,3.8787841796875,4.38489226558517,-0.5800486241145737,0.3449886081367251
2020-06-30,PTC,PTC,8.40999984741211,8.989999771118164,8.1899995803833,8.880000114440918,1227000,8.569999694824219,0.3100004196166992,62.369764950975636,0.09397623459731896,0.09850273441283083,-0.00452649981551187,6.859201757423137,8.496000051498413,8.103700981140136,8.913430705993207,8.496000051498413,8.07856939700362,657275.0,297017500.0,3.6172745700787066,7.636365023526278,4.593643743660424,0.3585106279702368
2020-07-01,PTC,PTC,8.600000381469727,8.8100004196167,8.600000381469727,8.710000038146973,192500,8.880000114440918,-0.1700000762939453,57.48088669369573,0.10471686729888852,0.09974556099004238,0.004971306308846138,7.398278753017273,8.488500070571899,8.133200178146362,8.88316313970917,8.488500070571899,8.093837001434627,593575.0,296825000.0,-1.9144152489084565,1.6336096652057757,4.436449385966397,0.35512341676516795
2020-07-02,PTC,PTC,8.9399995803833,9.710000038146973,8.579999923706055,9.489999771118164,5748000,8.710000038146973,0.7799997329711914,69.35152369593177,0.174160739227462,0.11462859663752631,0.059532142589935694,13.65268667745594,8.529500055313111,8.17792254447937,9.123557358824202,8.529500055313111,7.93544275180202,813125.0,302573000.0,8.955220775603282,6.869365414593258,15.59073967142261,0.4690696345736665
2020-07-03,PTC,PTC,9.489999771118164,9.649999618530272,9.199999809265137,9.300000190734863,8320000,9.489999771118164,-0.18999958038330078,64.61899865558756,0.21142693174232008,0.13398826365848507,0.07743866808383501,10.846243267872328,8.562500047683717,8.218279676437378,9.248598787610936,8.562500047683717,7.876401307756496,1213075.0,294253000.0,-2.0021031081744063,6.773824913936642,12.727275039210465,0.4766223221718928
2020-07-06,PTC,PTC,9.300000190734863,9.399999618530272,8.779999732971191,8.819999694824219,6581000,9.300000190734863,-0.48000049591064453,54.50059728429105,0.19992402954607869,0.1471754168360038,0.05274861271007489,6.265054122165218,8.578000020980834,8.250544099807739,9.273053125847111,8.578000020980834,7.882946916114557,1489675.0,287672000.0,-5.161295549099511,-7.060064198663328,2.9171529626889656,0.5124375202737529
2020-07-07,PTC,PTC,8.8100004196167,9.300000190734863,8.8100004196167,9.149999618530272,3507000,8.819999694824219,0.3299999237060529,59.22749212818463,0.21495822795524866,0.16073197905985276,0.0542262488953959,5.780347075725692,8.608500003814697,8.290162172317505,9.34860724274713,8.608500003814697,7.868392764882264,1661300.0,291179000.0,3.7414958630860786,-1.6129093454646364,3.0405349167763247,0.5274339234561373
2020-07-08,PTC,PTC,9.149999618530272,9.449999809265137,9.0,9.270000457763672,1183000,9.149999618530272,0.12000083923340021,60.82143904049988,0.23386020843740063,0.17535762493536233,0.0585025835020383,7.540609986474863,8.642000007629395,8.331426610946655,9.438957319595074,8.642000007629395,7.845042695663716,1702525.0,292362000.0,1.311484636462482,5.102049642966814,6.429396293502632,0.5283438347596904
2020-07-09,PTC,PTC,9.390000343322754,9.390000343322754,9.140000343322754,9.210000038146973,329000,9.270000457763672,-0.06000041961669922,59.56751678361977,0.2412180205444514,0.18852970405718014,0.052688316487271264,8.480568744867963,8.671000003814697,8.371114215850831,9.507355454295867,8.671000003814697,7.834644553333527,1706950.0,292033000.0,-0.6472536855858358,0.6557423182312507,-2.950471440719543,0.5297218097641475
2020-07-10,PTC,PTC,9.300000190734863,9.34000015258789,9.199999809265137,9.260000228881836,265500,9.210000038146973,0.05000019073486328,60.302004529245885,0.24822238404256503,0.20046824005425712,0.04775414398830791,11.031175772922145,8.718499994277954,8.411801824569702,9.576165758071047,8.718499994277954,7.86083423048486,1653175.0,292298500.0,0.5428902337433995,-0.10787732888902606,-0.43010710787809825,0.5072506314248976
2020-07-13,PTC,PTC,9.300000190734863,9.350000381469728,9.149999618530272,9.1899995803833,455000,9.260000228881836,-0.07000064849853516,58.6944480215766,0.24529729078858153,0.20943405020112202,0.035863240587459516,11.936656975430632,8.772499990463256,8.44977053642273,9.604463347246837,8.772499990463256,7.940536633679676,1646375.0,291843500.0,-0.7559465093770077,-0.21716023540534007,4.1950101855015545,0.4976074952455243
2020-07-14,PTC,PTC,9.050000190734863,9.289999961853027,9.050000190734863,9.220000267028809,456500,9.1899995803833,0.030000686645507812,59.19649662890425,0.24260335750674145,0.2160679116622459,0.026535445844495548,11.75757899428859,8.815999984741211,8.487397193908691,9.645924517299926,8.815999984741211,7.9860754521824955,1657575.0,292300000.0,0.32644927111363947,-0.43196502013323845,0.7650344417148824,0.4902838018068315
2020-07-15,PTC,PTC,9.25,9.300000190734863,8.800000190734863,8.819999694824219,2442000,9.220000267028809,-0.40000057220458984,50.40047881825368,0.20581913783648176,0.21401815689709308,-0.008199019060611323,2.9171529626889656,8.837499952316284,8.513444004058838,9.642873392647353,8.837499952316284,8.032126511985215,1715325.0,289858000.0,-4.338400874401406,-4.026114281320238,-4.854376922522968,0.520012828473753
2020-07-16,PTC,PTC,8.819999694824219,8.949999809265137,8.800000190734863,8.8100004196167,460000,8.819999694824219,-0.009999275207519531,50.19966964575947,0.17385641229096116,0.20598580797586669,-0.032129395684905526,-0.7882848414650714,8.862999963760377,8.5407981300354,9.628000206798726,8.862999963760377,8.097999720722028,1731050.0,289398000.0,-0.11337047112810376,-4.446852880018776,-4.343101160407294,0.5177635441458027
2020-07-17,PTC,PTC,8.9399995803833,8.9399995803833,8.779999732971191,8.84000015258789,272000,8.8100004196167,0.029999732971191406,50.83260540146979,0.14922626228814373,0.1946338988383221,-0.045407636550178376,1.4925386207986184,8.872499990463258,8.571013193130494,9.631054759034486,8.872499990463258,8.11394522189203,1659225.0,289670000.0,0.34051908674593023,0.22676256752490148,-4.53563786082823,0.49722486289786016
2020-07-20,PTC,PTC,8.850000381469727,8.949999809265137,8.789999961853027,8.84000015258789,765000,8.84000015258789,0.0,50.83260540146979,0.1282285520319384,0.1813528294770454,-0.053124277445107004,-6.849311213984222,8.883500003814698,8.597083187103271,9.632963711161263,8.883500003814698,8.134036296468132,1689600.0,289670000.0,0.0,0.34051908674593023,-3.808481433911145,0.4969134803599505
2020-07-21,PTC,PTC,8.970000267028809,8.989999771118164,8.75,8.770000457763672,514000,8.84000015258789,-0.06999969482421875,49.14242856264804,0.10473203925797314,0.16602867143323094,-0.0612966321752578,-5.698921743025385,8.897500038146973,8.621941604614257,9.62618666859013,8.897500038146973,8.168813407703816,1696725.0,289156000.0,-0.7918517377369783,-0.7918517377369783,-4.880691933105024,0.4943457224647258
2020-07-22,PTC,PTC,8.779999732971191,8.800000190734863,8.680000305175781,8.6899995803833,420500,8.770000457763672,-0.0800008773803711,47.210411964587635,0.07874772661830853,0.14857248247024646,-0.06982475585193793,-1.4739242510088189,8.915000009536744,8.645200004577637,9.60298720543768,8.915000009536744,8.227012813635808,1704325.0,288735500.0,-0.9122106408734568,-1.6968390227988572,-1.4739242510088189,0.4907365018260291
2020-07-23,PTC,PTC,8.8100004196167,8.880000114440918,8.649999618530273,8.649999618530273,112000,8.6899995803833,-0.039999961853027344,46.23172490519459,0.0543013567770938,0.12971825733161593,-0.07541690055452213,-5.464481102134857,8.936999988555907,8.655599994659424,9.554604968632706,8.936999988555907,8.319395008479109,1698500.0,288623500.0,-0.46029877772747846,-1.368310524170695,-1.816127054093682,0.486899842985631
2020-07-24,PTC,PTC,8.65999984741211,8.779999732971191,8.479999542236328,8.670000076293945,573000,8.649999618530273,0.020000457763671875,46.825300642847346,0.03612487724416091,0.11099958131412493,-0.07487470406996402,-6.472495704865076,8.957999992370606,8.655200004577637,9.501346454466413,8.957999992370606,8.4146535302748,1718075.0,289196500.0,0.23121917509483272,-0.23014390166947885,-1.9230777529362166,0.4868577192849058
2020-07-27,PTC,PTC,8.65999984741211,8.699999809265137,8.59000015258789,8.609999656677246,108000,8.670000076293945,-0.06000041961669922,45.212762073997716,0.016686007928489843,0.09213686663699792,-0.07545085870850808,-6.514662095380892,8.959999990463256,8.657399997711181,9.497597090195278,8.959999990463256,8.422402890731234,1696550.0,289088500.0,-0.6920463562711621,-0.4624273250525734,-2.601815519689922,0.4689042083467309
2020-07-28,PTC,PTC,8.920000076293945,8.920000076293945,8.630000114440918,8.680000305175781,258500,8.609999656677246,0.07000064849853516,47.48495767870818,0.006850067941124749,0.07507950689782329,-0.06822943895669854,-6.263497941361183,8.95,8.666400012969971,9.501132880185708,8.95,8.398867119814291,1648125.0,289347000.0,0.8130156944227994,0.11534289266247168,-1.0262274559885307,0.45094015893285677
2020-07-29,PTC,PTC,8.699999809265137,8.720000267028809,8.600000381469727,8.630000114440918,473000,8.680000305175781,-0.05000019073486328,46.0169169371795,-0.004922835502938483,0.05907903841767094,-0.06400187392060942,-6.093574445179964,8.946000003814698,8.668800010681153,9.505563807783513,8.946000003814698,8.386436199845882,1662150.0,288874000.0,-0.5760390435130373,0.23229336307999823,-0.6904426793969574,0.4461820825835307
2020-07-30,PTC,PTC,8.800000190734863,8.819999694824219,8.539999961853027,8.630000114440918,740500,8.630000114440918,0.0,46.0169169371795,-0.014090519563067616,0.04444512682152323,-0.05853564638459085,-6.399133790676355,8.903000020980835,8.673800010681152,9.416854506560881,8.903000020980835,8.38914553540079,1411775.0,288874000.0,0.0,-0.5760390435130373,-0.23120814995774064,0.29524749222751784
2020-07-31,PTC,PTC,8.630000114440918,8.630000114440918,8.630000114440918,8.630000114440918,0,8.630000114440918,0.0,46.0169169371795,-0.021112602293220206,0.03133358099857455,-0.052446183291794755,-2.1541903283148294,8.869500017166137,8.678800010681153,9.361262767567364,8.869500017166137,8.37773726676491,995775.0,288874000.0,0.0,0.0,-0.4613605709462187,0.2898566583717795
2020-08-03,PTC,PTC,8.75,8.75,8.609999656677246,8.680000305175781,827000,8.630000114440918,0.05000019073486328,48.02388258119186,-0.0223850154016052,0.020589861718538598,-0.0429748771201438,-1.4755971424411571,8.862500047683715,8.684800014495849,9.361166739492504,8.862500047683715,8.363833355874927,708075.0,289701000.0,0.5793764782366109,0.5793764782366109,0.8130156944227994,0.22887235324454888
2020-08-04,PTC,PTC,8.789999961853027,8.899999618530273,8.649999618530273,8.710000038146973,1845000,8.680000305175781,0.029999732971191406,49.24317291528259,-0.020733679276263572,0.012325153519578164,-0.033058832795841736,-1.470589504490684,8.84050006866455,8.691400012969972,9.324365099509134,8.84050006866455,8.356635037819967,624975.0,291546000.0,0.34561903129545885,0.9269979449037048,0.34561903129545885,0.18049492803432357
2020-08-05,PTC,PTC,8.619999885559082,8.819999694824219,8.600000381469727,8.699999809265137,317500,8.710000038146973,-0.010000228881835938,48.8319431547298,-0.020001355222467154,0.0058598517711691,-0.025861206993636254,-1.5837142636447705,8.812000036239624,8.697800006866455,9.254747487132615,8.812000036239624,8.369252585346633,581700.0,291228500.0,-0.11481318987414675,0.23040902518666967,0.8111204391189463,0.17109153382053802
2020-08-06,PTC,PTC,8.720000267028809,9.119999885559082,8.600000381469727,8.979999542236328,5090000,8.699999809265137,0.2799997329711914,59.124702062503545,0.003136499646130275,0.005315181346161335,-0.00217868170003106,2.3945162316012634,8.800500011444091,8.709400005340576,9.210453801172196,8.800500011444091,8.390546221715987,819750.0,296318500.0,3.2183878058595288,3.099879482282954,4.055613246281913,0.21131575780937598
2020-08-07,PTC,PTC,9.100000381469728,9.399999618530272,9.050000190734863,9.109999656677246,9142500,8.979999542236328,0.13000011444091797,62.86015886261595,0.031599084531100274,0.010571961983149124,0.021027122547951152,4.833142653332785,8.792999982833862,8.721800003051758,9.171867990157923,8.792999982833862,8.414131975509802,1263600.0,305461000.0,1.4476628181268647,4.712642027594951,5.561987669422229,0.2174204631548231
2020-08-10,PTC,PTC,9.1899995803833,9.1899995803833,8.859999656677246,8.890000343322754,794000,9.109999656677246,-0.2199993133544922,53.88551720824282,0.035988924221461716,0.015655354430811643,0.020333569790650072,2.7745749754525324,8.778000020980835,8.73060001373291,9.1117569465526,8.778000020980835,8.444243095409071,1280550.0,304667000.0,-2.4149212035726255,-1.0022183017969433,2.4193551931300297,0.23183277104388472
2020-08-11,PTC,PTC,8.899999618530273,9.390000343322754,8.800000190734863,9.100000381469728,3200500,8.890000343322754,0.21000003814697443,59.78735197917702,0.055770266916844946,0.023678336928018306,0.03209192998882664,4.959634387449623,8.77200002670288,8.739600028991699,9.075217864504646,8.77200002670288,8.468782188901114,1417750.0,307867500.0,2.362205062283318,-0.10976153221025323,4.477615862395876,0.24813563372781108
2020-08-12,PTC,PTC,9.199999809265137,9.489999771118164,9.100000381469728,9.109999656677246,5094500,9.100000381469728,0.009999275207517755,60.04953548672641,0.07143057426548438,0.033228784395511524,0.03820178986997286,5.807201160713623,8.786500024795533,8.7446000289917,9.125058829248488,8.786500024795533,8.447941220342578,1550375.0,312962000.0,0.10988214053132585,2.47468284430082,4.712642027594951,0.1895952124401754
2020-08-13,PTC,PTC,9.100000381469728,9.170000076293944,9.0,9.039999961853027,775000,9.109999656677246,-0.06999969482421875,57.2361736136921,0.0773020009570402,0.04204342770781726,0.03525857324922295,4.147461336638232,8.798000001907349,8.75200002670288,9.155040398974501,8.798000001907349,8.440959604840197,1566125.0,312187000.0,-0.7683830676427296,-0.6593452428736097,0.6681561545130887,0.1922937641897908
2020-08-14,PTC,PTC,9.039999961853027,9.039999961853027,9.039999961853027,9.039999961853027,0,9.039999961853027,0.0,57.2361736136921,0.081021187100486,0.049838979586351,0.031182207514135002,4.750867230303283,8.807999992370606,8.760000019073486,9.180846718653983,8.807999992370606,8.435153266087228,1552525.0,312187000.0,0.0,-0.7683830676427296,-0.7683830676427296,0.19219296461940796
2020-08-17,PTC,PTC,9.039999961853027,9.1899995803833,8.859999656677246,8.9399995803833,568000,9.039999961853027,-0.10000038146972656,53.11335209960526,0.07503452259875765,0.05487808818883233,0.020156434409925317,3.5921142738300613,8.812999963760376,8.768600006103515,9.190308890065353,8.812999963760376,8.435691037455399,1542675.0,311619000.0,-1.1061989147312827,-1.1061989147312827,0.5624210925717356,0.19704995514183082
2020-08-18,PTC,PTC,8.9399995803833,9.199999809265137,8.850000381469727,9.06999969482422,2988500,8.9399995803833,0.13000011444091975,57.40845970719278,0.07985940116279089,0.05987435078362405,0.01998505037916684,5.098488696970397,8.827999925613403,8.77920000076294,9.221611957419988,8.827999925613403,8.434387893806818,1666400.0,314607500.0,1.454140050813582,0.33185545462152644,-0.32967786140534694,0.20022123574952988
2020-08-19,PTC,PTC,9.100000381469728,9.399999618530272,9.100000381469728,9.1899995803833,8514000,9.06999969482422,0.11999988555908025,60.963297359301635,0.09230213847365043,0.06635990832162933,0.0259422301520211,5.875567480146436,8.852999925613403,8.79099998474121,9.272377711534334,8.852999925613403,8.433622139692472,2071075.0,323121500.0,1.3230417816613378,2.7964207129110545,0.8781550682871663,0.19983150090308696
2020-08-20,PTC,PTC,9.199999809265137,9.649999618530272,9.199999809265137,9.460000038146973,21046500,9.1899995803833,0.2700004577636719,67.52999641739694,0.122537343670162,0.07759539539133586,0.04494194827882614,8.610792155169271,8.893499946594238,8.807599983215333,9.381213016412461,8.893499946594238,8.405786876776014,3117800.0,344168000.0,2.937981176190767,4.299893676350454,4.646018562679875,0.21849877723271266
2020-08-21,PTC,PTC,9.399999618530272,9.649999618530272,9.199999809265137,9.239999771118164,11656000,9.460000038146973,-0.2200002670288086,58.84400141213737,0.12727957893384456,0.08753223209983761,0.03974734683400695,6.206896249330373,8.92199993133545,8.826199970245362,9.4212033254926,8.92199993133545,8.422796537178298,3671950.0,332512000.0,-2.325584208685715,0.5440717412174011,2.2123872799678703,0.23981947629346304
2020-08-24,PTC,PTC,9.380000114440918,9.380000114440918,9.220000267028809,9.260000228881836,1353500,9.239999771118164,0.020000457763671875,59.355827648416394,0.13114000400267756,0.09625378648040561,0.034886217522271945,3.1180478944186896,8.954499959945679,8.849199981689454,9.452811663087175,8.954499959945679,8.456188256804182,3734225.0,333865500.0,0.21645517596426903,-2.114162880112554,3.579425766425094,0.23683561415167698
2020-08-25,PTC,PTC,9.260000228881836,9.6899995803833,9.199999809265137,9.329999923706056,3667500,9.260000228881836,0.06999969482422053,61.175671988135434,0.13825410181748232,0.10465384954782096,0.03360025226966136,2.414931672006809,8.986999940872192,8.86879997253418,9.494630000157544,8.986999940872192,8.47936988158684,3904675.0,337533000.0,0.755936210518573,0.9740276495374974,2.866595784233649,0.23670426022057206
2020-08-26,PTC,PTC,9.489999771118164,9.489999771118164,9.18000030517578,9.199999809265137,894500,9.329999923706056,-0.13000011444091975,56.14762189376301,0.13188190035724112,0.110099459709705,0.021782440647536122,3.4870579749214774,9.015499925613403,8.884999961853028,9.502314361553017,9.015499925613403,8.528685489673789,3925750.0,336638500.0,-1.3933560075451874,-0.6479526796290845,0.1088164237045465,0.24274780672787685
2020-08-27,PTC,PTC,9.210000038146973,9.350000381469728,9.199999809265137,9.25,2118000,9.199999809265137,0.05000019073486328,57.59135801630148,0.12937512639023474,0.11395459304581096,0.015420533344423781,1.6483473872783008,9.046499919891357,8.90399995803833,9.50827101584005,9.046499919891357,8.584728823942664,3994625.0,338756500.0,0.5434803453420628,-0.8574482782447758,-2.2198735443991344,0.24253029119286795
2020-08-28,PTC,PTC,9.149999618530272,9.75,9.149999618530272,9.550000190734863,2626000,9.25,0.3000001907348633,65.03044068923018,0.14986840842467686,0.12113735612158415,0.02873105230309271,4.829863344013579,9.092499923706054,8.921999969482421,9.562790990753077,9.092499923706054,8.62220885665903,4125925.0,341382500.0,3.243245305241765,3.804352051369046,3.3549829793901065,0.262659118890488
2020-08-31,PTC,PTC,9.550000190734863,9.600000381469728,9.369999885559082,9.420000076293944,11954000,9.550000190734863,-0.13000011444091975,60.10984674899734,0.15384611703272988,0.1276791083038133,0.026167008728916585,4.203541106686282,9.129499912261963,8.937999973297119,9.579130274689597,9.129499912261963,8.67986954983433,4682275.0,329428500.0,-1.3612577156494943,1.8378386626372274,1.7278600805329343,0.2709853058790334
2020-09-01,PTC,PTC,9.390000343322754,9.989999771118164,9.390000343322754,9.65999984741211,12411500,9.420000076293944,0.23999977111816584,65.32606482259487,0.17435460418484716,0.13701420748002008,0.037340396704827084,6.858405842647746,9.17699990272522,8.961399974822998,9.640537899421675,9.17699990272522,8.713461906028764,5210600.0,341840000.0,2.5477682502587364,1.1518288427257268,3.536976703157041,0.28122479849460236
2020-09-02,PTC,PTC,9.710000038146973,10.640000343322754,9.68000030517578,10.539999961853027,48748500,9.65999984741211,0.880000114440918,77.13333406009691,0.2586349994966355,0.16133836588334316,0.09729663361329233,17.89709682963013,9.268999910354614,9.0053999710083,9.991798644407742,9.268999910354614,8.546201176301485,7632150.0,390588500.0,9.109732177445819,11.889595291805124,14.565219351835237,0.4128351775277204
2020-09-03,PTC,PTC,10.800000190734863,10.850000381469728,10.100000381469728,10.270000457763672,21704000,10.539999961853027,-0.26999950408935547,69.33238576349626,0.30018081886487913,0.18910685647965036,0.11107396238522876,13.230438845816387,9.333499956130982,9.046599979400634,10.169134768372805,9.333499956130982,8.49786514388916,8462850.0,368884500.0,-2.561665133458759,6.314706211045958,11.02703197582348,0.4224199844331997
2020-09-04,PTC,PTC,10.270000457763672,10.300000190734863,9.979999542236328,10.029999732971191,9225500,10.270000457763672,-0.24000072479248047,63.21251006240682,0.31016474124840343,0.213318433433401,0.09684630781500242,9.14037204507528,9.37949995994568,9.082199974060059,10.263235555145256,9.37949995994568,8.495764364746103,8467000.0,359659000.0,-2.3369105559391716,-4.838711866486319,5.026173116750405,0.4347874062911228
2020-09-07,PTC,PTC,10.220000267028809,10.350000381469728,9.960000038146973,10.220000267028809,12896500,10.029999732971191,0.1900005340576172,65.7871839631223,0.32960899949367395,0.23657654664545563,0.09303245284821832,8.033829025551515,9.445999956130981,9.11519998550415,10.37371154496132,9.445999956130981,8.518288367300642,9072125.0,372555500.0,1.8943224238883727,-0.48685675273816875,8.492570958126834,0.4229964191753045
2020-09-08,PTC,PTC,10.350000381469728,10.520000457763672,10.039999961853027,10.31999969482422,24962000,10.220000267028809,0.09999942779541193,67.0925828773687,0.34906403937329245,0.259074045191023,0.08998999418226944,11.688311152148026,9.506999921798705,9.143999977111816,10.49724940483224,9.506999921798705,8.51675043876517,10160200.0,397517500.0,0.9784679567771096,2.8913257185812733,6.832296664983111,0.4187549104556366
2020-09-09,PTC,PTC,10.25,11.31999969482422,10.130000114440918,11.270000457763672,63041000,10.31999969482422,0.9500007629394513,76.33173274784856,0.43611219085963526,0.2944816743247455,0.14163051653488978,21.706265434126752,9.614999961853027,9.19519998550415,10.861055058197653,9.614999961853027,8.3689448655084,13057525.0,460558500.0,9.205434021629907,10.273974200590924,6.926000935035144,0.5159920690415802
2020-09-10,PTC,PTC,11.300000190734863,11.789999961853027,11.130000114440918,11.270000457763672,41417000,11.270000457763672,0.0,76.33173274784855,0.49934237004854154,0.3354538134695047,0.16388855657903684,20.793146301409717,9.726499986648559,9.23079999923706,11.143305862050722,9.726499986648559,8.309694111246396,15089625.0,460558500.0,0.0,9.205434021629907,9.7370979106826,0.5129787329592083
2020-09-11,PTC,PTC,11.350000381469728,11.350000381469728,10.800000190734863,10.869999885559082,11082000,11.270000457763672,-0.40000057220458984,67.12829912681322,0.5112822953335154,0.3706195098423069,0.14066278549120853,18.1521751186573,9.817999982833863,9.262199993133544,11.283657691811241,9.817999982833863,8.352342273856484,15643725.0,449476500.0,-3.5492507183443607,-3.5492507183443607,8.37487711815778,0.5384287964850382
2020-09-14,PTC,PTC,10.850000381469728,11.09000015258789,10.670000076293944,10.710000038146973,9760000,10.869999885559082,-0.15999984741210938,63.81390809575347,0.5020468381953247,0.3969049755129105,0.10514186268241421,15.783784196183486,9.906500005722046,9.3,11.362656357969398,9.906500005722046,8.450343653474695,16103325.0,439716500.0,-1.4719397340994544,-4.968947620857694,4.794518183125433,0.5404599143874088
2020-09-15,PTC,PTC,10.789999961853027,10.850000381469728,10.550000190734863,10.609999656677246,8140500,10.710000038146973,-0.10000038146972656,61.76141314347479,0.4811125112809762,0.4137464826665237,0.06736602861445251,11.09947062588296,9.983500003814697,9.32920000076294,11.416087488057299,9.983500003814697,8.550912519572096,16360925.0,431576000.0,-0.9337103745428975,-2.3919064546380464,2.810077232836247,0.5442007700269615
2020-09-16,PTC,PTC,10.600000381469728,10.8100004196167,10.5,10.760000228881836,3229000,10.609999656677246,0.15000057220458984,63.6500419586524,0.4711940670506607,0.4252359995433511,0.045958067507309575,14.225054583174494,10.062000036239624,9.358999996185302,11.483527928168057,10.062000036239624,8.640472144311191,16096675.0,434805000.0,1.4137660420204556,0.46685518727144876,-4.525290223307021,0.5443168469687009
2020-09-17,PTC,PTC,10.899999618530272,11.760000228881836,10.899999618530272,11.710000038146973,78666000,10.760000228881836,0.9499998092651367,72.8096179955064,0.5338369337967688,0.44695618639403467,0.0868807474027341,21.221534400790425,10.174500036239625,9.408999996185303,11.743871171396565,10.174500036239625,8.605128901082685,18977650.0,513471000.0,8.82899432209268,10.367581687690796,3.9041664819116675,0.6104950345818136
2020-09-18,PTC,PTC,11.800000190734863,12.09000015258789,11.5,11.630000114440918,28181500,11.710000038146973,-0.07999992370605469,71.18295272196747,0.5704507308230458,0.4716550952798369,0.09879563554320886,10.341557462361306,10.294000053405762,9.456399993896484,11.926465544904065,10.294000053405762,8.661534561907459,19803925.0,485289500.0,-0.683176118236069,8.085500623167656,6.991722510425275,0.6008358045435354
2020-09-21,PTC,PTC,11.520000457763672,11.880000114440918,11.43000030517578,11.720000267028809,8129000,11.630000114440918,0.09000015258789062,71.94240117267964,0.5998153904566497,0.4972871543151995,0.10252823614145018,14.118790113285732,10.41700005531311,9.507000007629394,12.091591786998253,10.41700005531311,8.742408323627968,20142700.0,493418500.0,0.7738620094778662,0.08539905080494266,9.430440945699422,0.5999232343312529
2020-09-22,PTC,PTC,11.699999809265137,12.050000190734863,11.329999923706056,11.619999885559082,18375500,11.720000267028809,-0.10000038146972656,69.74305848032427,0.6080091487365991,0.5194315531994794,0.08857759553711964,15.852444615338829,10.531500053405761,9.555,12.20630764872611,10.531500053405761,8.856692458085412,20878100.0,475043000.0,-0.8532455562398902,-0.08598648996932252,9.519323860168152,0.6043842793079353
2020-09-23,PTC,PTC,11.6899995803833,12.300000190734863,11.5600004196167,11.770000457763672,27156000,11.619999885559082,0.15000057220458984,71.16694250077356,0.6194657383484738,0.5394383902292783,0.08002734811919554,15.166341978829365,10.660000085830688,9.614000015258789,12.298638960735683,10.660000085830688,9.021361210925694,22191175.0,502199000.0,1.2908827339233038,0.4266227781199451,9.386619027858458,0.5967486172417268
2020-09-24,PTC,PTC,11.6899995803833,12.18000030517578,11.550000190734863,11.720000267028809,17748000,11.770000457763672,-0.05000019073486328,69.98467441739946,0.6173936410530185,0.5550294403940264,0.062364200658992175,13.565897418647493,10.78350009918213,9.672200012207032,12.345203457179316,10.78350009918213,9.221796741184942,22972675.0,484451000.0,-0.42481044001899243,0.8605884892822024,0.08539905080494266,0.5993692740461584
2020-09-25,PTC,PTC,11.779999732971191,12.109999656677246,11.649999618530272,11.6899995803833,11278500,11.720000267028809,-0.030000686645507812,69.24140248928748,0.6063411608634564,0.5652917844879124,0.041049376375543956,3.7267001380669877,10.89050006866455,9.729200000762939,12.388294725604327,10.89050006866455,9.392705411724775,23405300.0,473172500.0,-0.255978549163578,-0.6797015655815144,0.5159025395698986,0.5968428306915103
2020-09-28,PTC,PTC,11.84000015258789,11.989999771118164,11.100000381469728,11.199999809265137,10937000,11.6899995803833,-0.48999977111816406,58.34257574868063,0.5516836386785791,0.5625701553260457,-0.010886516647466649,-0.6211237413953532,10.97950005531311,9.776399993896485,12.311779216244593,10.97950005531311,9.647220894381627,23354450.0,462235500.0,-4.191614958998121,-4.436863873003133,-4.436863873003133,0.6202000236827943
2020-09-29,PTC,PTC,11.170000076293944,11.449999809265137,10.899999618530272,11.25,7110000,11.199999809265137,0.05000019073486328,59.05087853242258,0.5065624198324823,0.551368608227333,-0.04480618839485073,3.4958612552126374,11.059000062942506,9.82599998474121,12.24103944867529,11.059000062942506,9.876960677209722,23089375.0,469345500.0,0.44643028202108453,-3.76389731545973,-3.1841642788560143,0.6174500912040717
2020-09-30,PTC,PTC,11.34000015258789,11.460000038146973,10.699999809265137,10.8100004196167,7089000,11.25,-0.4399995803833008,50.8561381670571,0.43033856481043564,0.5271625995439536,-0.09682403473351797,0.9337103745428975,11.072500085830688,9.86840000152588,12.235597219381104,11.072500085830688,9.909402952280272,21006400.0,462256500.0,-3.911107381184896,-3.4821374668757823,-8.156329658540853,0.5559024981925323
2020-10-01,PTC,PTC,10.760000228881836,10.970000267028809,10.460000038146973,10.609999656677246,5739000,10.8100004196167,-0.20000076293945312,47.621149365106355,0.34976040027308564,0.49168215968978,-0.14192175941669438,0.0,11.089500045776367,9.907600002288818,12.212456387994157,11.089500045776367,9.966543703558576,20208150.0,456517500.0,-1.8501457463083497,-5.688891940646702,-9.470994753082577,0.5518018803548097
2020-10-02,PTC,PTC,10.579999923706056,10.739999771118164,10.010000228881836,10.119999885559082,5378000,10.609999656677246,-0.48999977111816406,40.777349443773375,0.24355518534382092,0.4420567648205882,-0.19850157947676728,-5.947958454544214,11.094000053405761,9.93659999847412,12.19966790516422,11.094000053405761,9.988332201647301,20015775.0,451139500.0,-4.618282629347589,-6.382983416036566,-13.430280164071146,0.5714085143240488
2020-10-05,PTC,PTC,10.020000457763672,10.079999923706056,9.4399995803833,9.529999732971191,6885500,10.119999885559082,-0.5900001525878906,34.371995811403565,0.110504874462384,0.3757463867489474,-0.2652415122865634,-18.61656958218722,11.059500026702882,9.955,12.31315136590456,11.059500026702882,9.805848687501204,19715225.0,444254000.0,-5.830041099405565,-10.17907595337548,-14.910715220838192,0.6041623894842632
2020-10-06,PTC,PTC,9.550000190734863,9.75,9.300000190734863,9.5600004196167,1971000,9.529999732971191,0.030000686645507812,34.931698436387464,0.0073970802624696574,0.30207652545165187,-0.2946794451891822,-17.79879341749885,11.021500062942504,9.972600002288818,12.408511721317778,11.021500062942504,9.63448840456723,18565675.0,446225000.0,0.31480259691627954,-5.533591623271501,-15.022218492296007,0.6027840061690617
2020-10-07,PTC,PTC,9.649999618530272,10.149999618530272,9.619999885559082,10.0600004196167,3167500,9.5600004196167,0.5,43.569539932314385,-0.033583636905699876,0.23494449298018152,-0.2685281298858814,-14.163820900943918,10.961000061035156,10.001200008392335,12.406689150453541,10.961000061035156,9.51531097161677,15572000.0,449392500.0,5.230125293446871,5.5613924606088965,-6.938020082210075,0.531853023830437
2020-10-08,PTC,PTC,10.100000381469728,10.119999885559082,9.850000381469728,10.039999961853027,1481500,10.0600004196167,-0.020000457763671875,43.32179951619255,-0.06690379499973353,0.17457483538419852,-0.24147863038393205,-13.59724560470626,10.899500036239624,10.029400005340577,12.39367788495207,10.899500036239624,9.40532218752718,13575225.0,447911000.0,-0.19881169909964996,5.020915493386279,-5.3722875897125775,0.531645105411621
2020-10-09,PTC,PTC,10.06999969482422,10.199999809265137,9.899999618530272,9.960000038146973,2651500,10.039999961853027,-0.07999992370605469,42.28607190759549,-0.09862865585337843,0.11993413713668313,-0.21856279299006157,-15.378082831108095,10.854000043869018,10.056000003814697,12.406253438703388,10.854000043869018,9.301746649034648,13153700.0,445259500.0,-0.796811992131617,-0.9940395357710803,-1.5810261780775718,0.5197131267354167
2020-10-12,PTC,PTC,9.90999984741211,10.050000190734863,9.40999984741211,9.449999809265137,2765000,9.960000038146973,-0.5100002288818359,36.323988163417184,-0.163044121722411,0.0633384853648643,-0.2263826070872753,-19.368604147132416,10.791000032424927,10.071399993896485,12.465337669676781,10.791000032424927,9.116662395173073,12803950.0,442494500.0,-5.120484206109701,-5.8764955660318305,-0.8394535776247384,0.5453295292095308
2020-10-13,PTC,PTC,9.59000015258789,9.59000015258789,9.350000381469728,9.449999809265137,753000,9.449999809265137,0.0,36.323988163417184,-0.2116540266429059,0.008339982963310268,-0.21999400960621615,-19.161675376593273,10.733000040054321,10.086199989318848,12.510900722077338,10.733000040054321,8.955099358031305,12434575.0,442494500.0,0.0,-5.120484206109701,-1.1506339489886015,0.5455072442881169
2020-10-14,PTC,PTC,9.600000381469728,9.710000038146973,9.399999618530272,9.4399995803833,1025000,9.449999809265137,-0.010000228881835938,36.207893322483116,-0.2481244373416409,-0.04295290109767998,-0.20517153624396095,-15.714288025486264,10.667000007629394,10.100999984741211,12.5363327092732,10.667000007629394,8.797667305985588,12324375.0,441469500.0,-0.1058225299859936,-0.1058225299859936,-6.163029953998962,0.5410043096941962
2020-10-15,PTC,PTC,9.489999771118164,9.649999618530272,9.449999809265137,9.5,2267000,9.4399995803833,0.06000041961669922,37.49863090888247,-0.26908413376192186,-0.08817914763052837,-0.1809049861313935,-15.555555555555555,10.556500005722047,10.111399993896484,12.42751197538939,10.556500005722047,8.685488036054704,8504425.0,443736500.0,0.6355976936840391,0.5291025581380563,-5.378485696262518,0.41519869741296167
2020-10-16,PTC,PTC,9.5,9.5,9.369999885559082,9.43000030517578,342500,9.5,-0.06999969482422053,36.56899982417129,-0.288023083720919,-0.1281479348486065,-0.1598751488723125,-12.765958009924406,10.446500015258788,10.117800006866455,12.310443578861493,10.446500015258788,8.582556451656083,7112475.0,443394000.0,-0.7368388928865319,-0.10592453021184667,-5.321282439169528,0.4151474795357322
2020-10-19,PTC,PTC,9.43000030517578,9.539999961853027,9.380000114440918,9.390000343322754,318000,9.43000030517578,-0.03999996185302557,36.01948322341474,-0.3027698581816747,-0.16307231951522017,-0.1396975386664545,-11.498580139790143,10.330000019073486,10.127800006866455,12.149531498544006,10.330000019073486,8.510468539602966,6721925.0,443076000.0,-0.4241777365698606,-1.15789112291838,-0.6349149963321382,0.410471075058765
2020-10-20,PTC,PTC,9.449999809265137,9.600000381469728,9.350000381469728,9.390000343322754,2407500,9.390000343322754,0.0,36.019483223414746,-0.310873230101846,-0.19263250163254533,-0.11824072846930064,-7.213434293393759,10.21850004196167,10.133600006103515,11.977486302623413,10.21850004196167,8.459513781299927,5923525.0,443076000.0,0.0,-0.4241777365698606,-0.6349149963321382,0.4121825407881933
2020-10-21,PTC,PTC,9.399999618530272,9.9399995803833,9.399999618530272,9.8100004196167,6552000,9.390000343322754,0.4200000762939453,45.91625681963986,-0.2801750313024449,-0.21014100756652526,-0.07003402373591966,2.9380975287625883,10.12050004005432,10.147600021362305,11.72734680859332,10.12050004005432,8.513653271515322,4893325.0,449628000.0,4.472844099442532,4.472844099442532,3.9195005898334476,0.4496877133065093
2020-10-22,PTC,PTC,9.890000343322754,10.09000015258789,9.649999618530272,9.760000228881836,3055000,9.8100004196167,-0.05000019073486328,45.02338118167663,-0.256919477301107,-0.2194967015134416,-0.03742277578766537,2.092048122244283,10.022500038146973,10.16200002670288,11.447374746117514,10.022500038146973,8.597625330176431,4158675.0,446573000.0,-0.5096859184111728,3.9403607245040155,2.7368445145456417,0.449586785200908
2020-10-23,PTC,PTC,9.8100004196167,9.890000343322754,9.600000381469728,9.65999984741211,963000,9.760000228881836,-0.10000038146972656,43.21346578339909,-0.24374869502640628,-0.22434710021603457,-0.01940159481037171,-3.9761486632207363,9.921000051498414,10.174400024414062,11.116480963569359,9.921000051498414,8.725519139427469,3642900.0,445610000.0,-1.0245940484079599,-1.5290577552335185,2.4390194569780834,0.4490163136726142
2020-10-26,PTC,PTC,9.699999809265137,9.979999542236328,9.68000030517578,9.81999969482422,3445500,9.65999984741211,0.15999984741211115,46.89206265834546,-0.21788842256718155,-0.22305536468626397,0.005166942119082418,-2.1912377277360324,9.852000045776368,10.19200002670288,10.884902963590397,9.852000045776368,8.819097127962339,3268325.0,449055500.0,1.6563131463710605,0.614748612042384,4.579332649409752,0.44024332228756047
2020-10-27,PTC,PTC,9.789999961853027,9.800000190734863,9.600000381469728,9.649999618530272,897500,9.81999969482422,-0.17000007629394887,43.65615203177128,-0.20870572604203907,-0.22018543695741902,0.011479710915379943,-3.112454000295121,9.77200002670288,10.203600025177002,10.570171663474877,9.77200002670288,8.973828389930883,2957700.0,448158000.0,-1.7311617268537187,-0.10352203974948043,2.7688952683841346,0.4400424715401046
2020-10-28,PTC,PTC,9.649999618530272,9.850000381469728,9.56999969482422,9.600000381469728,1916500,9.649999618530272,-0.04999923706054332,42.72235747977219,-0.20312143598253485,-0.21677263676244218,0.013651200779907335,1.5873076744141876,9.711500024795532,10.21180004119873,10.344796226543496,9.711500024795532,9.078203823047568,2699075.0,446241500.0,-0.5181268293993816,-2.2403189428859775,-2.1406730801666582,0.4236609668360878
2020-10-29,PTC,PTC,9.619999885559082,9.619999885559082,8.699999809265137,9.0600004196167,2432500,9.600000381469728,-0.5399999618530291,34.21119059511753,-0.23950842578763698,-0.22131979456748116,-0.01818863122015582,-4.126977751534634,9.634000062942505,10.203800048828125,10.17729985248726,9.634000062942505,9.090700273397749,2533750.0,443809000.0,-5.624999379118326,-6.1139815775809465,-7.172129025096681,0.45867635620144037
2020-10-30,PTC,PTC,9.0600004196167,9.0600004196167,9.0600004196167,9.0600004196167,0,9.0600004196167,0.0,34.21119059511753,-0.2652873103837976,-0.23011329773074446,-0.035174012653053144,-4.02541501756266,9.581000089645386,10.200200061798096,10.131440958085241,9.581000089645386,9.03055922120553,2264850.0,443809000.0,0.0,-5.624999379118326,-6.211174298891408,0.4356906921829707
2020-11-02,PTC,PTC,9.050000190734863,9.0600004196167,8.5,8.90999984741211,1131500,9.0600004196167,-0.15000057220458984,32.14792383976811,-0.2944270825893156,-0.2429760547024587,-0.051451027886856904,-6.210527921977796,9.550000095367432,10.1932000541687,10.177039883683335,9.550000095367432,8.922960307051529,1977150.0,442677500.0,-1.6556353781155335,-1.6556353781155335,-9.26680117812774,0.3910690292835995
2020-11-03,PTC,PTC,9.0,9.380000114440918,9.0,9.300000190734863,839000,8.90999984741211,0.3900003433227539,41.950542623145004,-0.28279095556117895,-0.25093903487420277,-0.031851920686976176,-1.3785801721508315,9.53700008392334,10.192600059509278,10.17387067253013,9.53700008392334,8.90012949531655,1920550.0,443516500.0,4.377108305293953,2.649003973537539,-3.6269372189748803,0.42476696519501467
2020-11-04,PTC,PTC,9.34000015258789,9.449999809265137,9.050000190734863,9.0600004196167,1288000,9.300000190734863,-0.23999977111816406,38.28500098740799,-0.28959692375583934,-0.2586706126505301,-0.030926311105309245,-3.5143760558083286,9.48700008392334,10.18980007171631,10.107800759641393,9.48700008392334,8.866199408205286,1826575.0,442228500.0,-2.58064264726859,1.6835081343818115,-5.624999379118326,0.3831239580263264
2020-11-05,PTC,PTC,9.239999771118164,9.56999969482422,9.140000343322754,9.420000076293944,3331500,9.0600004196167,0.3599996566772443,45.91852451330015,-0.2629110638457135,-0.2595187028895668,-0.0033923609561467005,0.31948596245283944,9.456000089645386,10.193200073242188,10.019836416819256,9.456000089645386,8.892163762471515,1919075.0,445560000.0,3.9735059603062886,1.2903213236342759,3.9735059603062886,0.4147151512654352
2020-11-06,PTC,PTC,9.5,9.5,9.210000038146973,9.25,610500,9.420000076293944,-0.17000007629394354,43.20108027080038,-0.25256846101255803,-0.25812865451416506,0.005560193501607025,-5.708464787594574,9.420500087738038,10.18720006942749,9.938247080284178,9.420500087738038,8.902753095191898,1817025.0,444949500.0,-1.8046717082493453,2.0971255141656946,2.0971255141656946,0.4178935759432814
2020-11-09,PTC,PTC,9.34000015258789,9.399999618530272,9.149999618530272,9.270000457763672,1238500,9.25,0.020000457763671875,43.62379178974733,-0.2399915309824987,-0.2545012298078318,0.014509698825333095,-5.020489340442376,9.411500120162964,10.184200077056884,9.933329729600135,9.411500120162964,8.889670510725793,1740700.0,446188000.0,0.21622116501266891,-1.5923526254289069,4.040410959783842,0.3778766467934947
2020-11-10,PTC,PTC,9.350000381469728,9.399999618530272,9.130000114440918,9.18000030517578,750500,9.270000457763672,-0.0900001525878924,42.10524492976539,-0.23458236400319699,-0.25051745664690483,0.01593509264370785,-4.968939439113145,9.398000144958496,10.174600086212159,9.929516173884123,9.398000144958496,8.86648411603287,1740575.0,445437500.0,-0.9708753845046125,-0.7567534575591408,-1.290321323634314,0.3792098631710261
2020-11-11,PTC,PTC,9.199999809265137,9.239999771118164,9.09000015258789,9.149999618530272,323000,9.18000030517578,-0.030000686645507812,41.585583813891986,-0.23006432654095477,-0.24642683062571483,0.01636250408476006,-6.822811579587753,9.383500146865845,10.146800079345702,9.925903071949568,9.383500146865845,8.841097221782123,1705475.0,445114500.0,-0.3268048545553219,-1.294507371171691,0.9933685954219861,0.37928174175866713
2020-11-12,PTC,PTC,9.109999656677246,9.15999984741211,8.899999618530273,8.90999984741211,1885500,9.149999618530272,-0.2399997711181623,37.58883208363242,-0.2430480188002928,-0.24575106826063045,0.002703049460337642,-7.668391713686584,9.354000139236451,10.119600067138672,9.932688263806398,9.354000139236451,8.775312014666504,1686400.0,443229000.0,-2.622948427583787,-2.9411813593452827,-5.414015124748073,0.3881056083393939
2020-11-13,PTC,PTC,8.989999771118164,8.989999771118164,8.859999656677246,8.899999618530273,783000,8.90999984741211,-0.010000228881835938,37.42741925552863,-0.2512483883296639,-0.24685053227443715,-0.004397856055226745,-7.291674324207549,9.327500104904175,10.097000064849853,9.939137278466937,9.327500104904175,8.715862931341412,1708425.0,442446000.0,-0.11223601630858034,-2.732240551067419,-3.7837879077808276,0.3877887284226752
2020-11-16,PTC,PTC,8.880000114440918,8.979999542236328,8.859999656677246,8.920000076293945,272000,8.899999618530273,0.020000457763671875,38.000848240806874,-0.25321447166263944,-0.2481233201520776,-0.005091151510561831,-1.5452575809999454,9.304000091552734,10.071000061035157,9.94111201815885,9.304000091552734,8.666888164946617,1706125.0,442718000.0,0.22472425416771766,0.11223601630858034,-3.7756242091293477,0.38810947109901156
2020-11-17,PTC,PTC,8.979999542236328,9.050000190734863,8.90999984741211,8.970000267028809,294500,8.920000076293945,0.05000019073486328,39.49368622899249,-0.24788059613369917,-0.24807477534840194,0.0001941792147027721,-0.9933791216281009,9.283000087738037,10.044000072479248,9.935673935461626,9.283000087738037,8.630326240014448,1600475.0,443012500.0,0.5605402500807736,0.7865241741447951,-2.2875820388434045,0.38905526456086126
2020-11-18,PTC,PTC,8.890000343322754,8.949999809265137,8.739999771118164,8.770000457763672,1275000,8.970000267028809,-0.19999980926513672,35.78228734334482,-0.25683118446541187,-0.24982605717180392,-0.007005127293607943,-1.5712614146575998,9.231000089645386,9.994000072479247,9.87250805721405,9.231000089645386,8.589492122076722,1336625.0,441737500.0,-2.2296522108285726,-1.6816100588263092,-4.152996465672395,0.35339337150936895
2020-11-19,PTC,PTC,8.890000343322754,8.949999809265137,8.710000038146973,8.770000457763672,477000,8.770000457763672,0.0,35.78228734334482,-0.26091690256614974,-0.2520442262506731,-0.008872676315476669,-5.698921743025385,9.181500101089478,9.944000072479248,9.803627821958338,9.181500101089478,8.559372380220617,1207725.0,441737500.0,0.0,-2.2296522108285726,-1.5712614146575998,0.35390488435470263
2020-11-20,PTC,PTC,8.890000343322754,8.890000343322754,8.739999771118164,8.789999961853027,239000,8.770000457763672,0.01999950408935547,36.47462225202012,-0.2595491497255136,-0.2535452109456412,-0.006003938779872375,-2.980137364884303,9.138000106811523,9.902400074005127,9.740611815930862,9.138000106811523,8.535388397692184,1171525.0,441976500.0,0.22804450450912853,0.22804450450912853,-1.235951251595797,0.35428073982030994
2020-11-23,PTC,PTC,8.680000305175781,8.789999961853027,8.520000457763672,8.550000190734863,774500,8.789999961853027,-0.23999977111816406,32.014160683827285,-0.27466500431591534,-0.25776916961969604,-0.016895834696219303,-9.235667500136149,9.074500131607056,9.859200077056885,9.641095627917021,9.074500131607056,8.507904635297091,1037975.0,441202000.0,-2.7303728345815546,-2.508554795274299,-4.147980744332106,0.3539570357872483
2020-11-24,PTC,PTC,8.779999732971191,8.779999732971191,8.510000228881836,8.539999961853027,225500,8.550000190734863,-0.010000228881835938,31.839442442771414,-0.2841755638708676,-0.26305044846993036,-0.021125115400937255,-7.67567608807538,9.019000148773193,9.8178000831604,9.565333472556391,9.019000148773193,8.472666824989995,1004375.0,440976500.0,-0.11696173869882019,-2.844141081740088,-4.7937602271467155,0.3521498378318554
2020-11-25,PTC,PTC,8.739999771118164,8.869999885559082,8.640000343322754,8.779999732971191,218500,8.539999961853027,0.23999977111816406,40.26520262952135,-0.26924310811821783,-0.26428898039958787,-0.004954127718629964,-5.285875950330751,8.978000116348266,9.778200073242187,9.460039720179662,8.978000116348266,8.49596051251687,919475.0,441195000.0,2.8103017820867575,2.690053065560925,0.11401681511507379,0.3722430026951595
2020-11-26,PTC,PTC,8.890000343322754,9.079999923706056,8.779999732971191,8.930000305175781,1988000,8.779999732971191,0.15000057220458984,44.85358903490244,-0.24250973550801547,-0.2599331314212734,0.017423395913257922,-2.7233114563084015,8.97150011062622,9.722600078582763,9.452388604987473,8.97150011062622,8.490611616264967,897250.0,443183000.0,1.7084348151093733,4.566748771250941,1.8243995331889518,0.3241298259905203
2020-11-27,PTC,PTC,9.0,9.039999961853027,8.8100004196167,8.970000267028809,264000,8.930000305175781,0.039999961853027344,46.0438036014091,-0.2156102615999771,-0.2510685574570142,0.03545829585703708,-1.967206109352556,8.967000102996826,9.669400081634521,9.446082609353127,8.967000102996826,8.487917596640525,910450.0,443447000.0,0.44792788898163394,2.164015260092954,2.04778505070477,0.3246158401261972
2020-11-30,PTC,PTC,8.949999809265137,9.109999656677246,8.829999923706055,9.050000190734863,1506500,8.970000267028809,0.07999992370605469,48.440596827925944,-0.1856963179108604,-0.23799410954778344,0.05229779163692305,1.571272118073231,8.974000120162964,9.616000080108643,9.45366671668278,8.974000120162964,8.494333523643148,929200.0,444953500.0,0.8918608843314292,1.3437836669449017,5.847953085917131,0.32026320137583625
2020-12-01,PTC,PTC,9.109999656677246,9.199999809265137,8.949999809265137,9.109999656677246,985000,9.050000190734863,0.05999946594238281,50.22638888691946,-0.15535698790363384,-0.22146668521895355,0.06610969731531971,2.3595510915499522,8.964500093460083,9.565800075531007,9.424086870307653,8.964500093460083,8.504913316612514,936500.0,445938500.0,0.6629775102525256,1.5607512316698113,6.674469524242703,0.27889618143795264
2020-12-02,PTC,PTC,9.149999618530272,9.199999809265137,9.100000381469728,9.109999656677246,745000,9.109999656677246,0.0,50.22638888691946,-0.12981640755149115,-0.20313662968546106,0.07332022213396991,2.1300401206077257,8.967000055313111,9.512600059509277,9.429310008373184,8.967000055313111,8.504690102253038,909350.0,445938500.0,0.0,0.6629775102525256,3.7585413865881887,0.262896537308978
2020-12-03,PTC,PTC,9.18000030517578,9.25,8.949999809265137,8.979999542236328,1007500,9.109999656677246,-0.13000011444091797,46.20498616890807,-0.11869697158938308,-0.18624869806624547,0.06755172647686239,0.11147463667614421,8.94500002861023,9.457800045013428,9.355519541441037,8.94500002861023,8.534480515779421,793150.0,444931000.0,-1.4270046030751862,-1.4270046030751862,0.5599018516445915,0.2225322825099878
2020-12-04,PTC,PTC,8.920000076293945,9.380000114440918,8.920000076293945,9.199999809265137,21734500,8.979999542236328,0.2200002670288086,53.05510548899532,-0.09108261189495614,-0.16721548083198762,0.07613286893703147,4.903071026875563,8.942500019073487,9.408000049591065,9.345743367073078,8.942500019073487,8.539256671073895,1849350.0,466665500.0,2.4498917399056013,0.9879270689316032,2.564097384497764,0.23356260530131676
2020-12-07,PTC,PTC,9.279999732971191,9.279999732971191,9.050000190734863,9.0600004196167,1417500,9.199999809265137,-0.1399993896484375,48.79681570028046,-0.07957749379412604,-0.1496878834244153,0.07011038963028926,3.3067268724747203,8.932000017166137,9.365200061798095,9.309448374062416,8.932000017166137,8.554551660269858,1858300.0,465248000.0,-1.5217325277273037,0.8908784126780493,0.11049976432126367,0.2393387815275961
2020-12-08,PTC,PTC,9.06999969482422,9.149999618530272,8.949999809265137,9.029999732971191,885500,9.0600004196167,-0.030000686645507812,47.90941727214007,-0.0720498635182576,-0.13416027944318376,0.062110415924926166,2.7303728345815546,8.924499988555908,9.32080005645752,9.286859010274627,8.924499988555908,8.56214096683719,1865050.0,464362500.0,-0.33113339134676384,-1.8478269545477777,-0.8781550682871663,0.23733336488452858
2020-12-09,PTC,PTC,9.100000381469728,9.170000076293944,8.880000114440918,8.930000305175781,1710000,9.029999732971191,-0.09999942779541016,44.973556799077684,-0.07330822875567655,-0.12198986930568233,0.048681640550005775,4.444445683787259,8.913500022888183,9.2832000541687,9.260048257070295,8.913500022888183,8.56695178870607,1934400.0,462652500.0,-1.1074134081121039,-1.4348797838843574,-1.9758436694290422,0.2400481807940797
2020-12-10,PTC,PTC,9.0,9.0,8.899999618530273,8.90999984741211,437000,8.930000305175781,-0.020000457763671875,44.38768296400271,-0.0750541841478416,-0.11260273227411419,0.03754854812627259,4.332551372503738,8.913500022888183,9.249200057983398,9.260048257070295,8.913500022888183,8.56695178870607,1861975.0,462215500.0,-0.22396928421245088,-1.3289024264411335,-0.7795066636137759,0.22110592851489322
2020-12-11,PTC,PTC,8.859999656677246,9.18000030517578,8.859999656677246,8.90999984741211,1354000,8.90999984741211,0.0,44.38768296400271,-0.07556677957876623,-0.1051955417350446,0.029628762156278368,1.4806391616702856,8.914000034332275,9.22500005722046,9.260495105612378,8.914000034332275,8.567504963052173,1890525.0,462215500.0,0.0,-0.22396928421245088,-3.1521735637534922,0.22106005141481147
2020-12-14,PTC,PTC,9.0,9.229999542236328,9.0,9.170000076293944,1819500,8.90999984741211,0.26000022888183416,53.51710346924089,-0.0543664668052557,-0.09502972674908683,0.04066325994383113,2.6875673338897834,8.926500034332275,9.217800064086914,9.291452658361465,8.926500034332275,8.561547410303085,1967900.0,464035000.0,2.918072203529282,2.918072203529282,1.2141241896531618,0.2439413276056211
2020-12-15,PTC,PTC,9.199999809265137,9.350000381469728,9.109999656677246,9.18000030517578,1761000,9.170000076293944,0.010000228881835938,53.83104097048286,-0.03633923521372395,-0.08329162844201425,0.0469523932282903,2.3411374793250768,8.937000036239624,9.210200061798096,9.318912013079288,8.937000036239624,8.55508805939996,2041225.0,465796000.0,0.10905374916722499,3.030308219837862,1.661135953934658,0.2434582622587185
2020-12-16,PTC,PTC,9.109999656677246,9.170000076293944,8.979999542236328,9.020000457763672,1324000,9.18000030517578,-0.1599998474121076,48.219674872908705,-0.03456473407130822,-0.07354624956787305,0.038981515496564825,-0.3314887551262628,8.949500036239623,9.189400062561035,9.32470378762827,8.949500036239623,8.574296284850977,2043675.0,464472000.0,-1.7429176698599675,-1.6357646377566228,1.0078404200694933,0.23775576241422203
2020-12-17,PTC,PTC,9.0600004196167,9.199999809265137,9.0600004196167,9.079999923706056,816500,9.020000457763672,0.05999946594238459,50.3114021833294,-0.027994273111662693,-0.06443585427663098,0.03644158116496829,-0.3293055334991269,8.965000009536743,9.170200061798095,9.334551643996956,8.965000009536743,8.59544837507653,2060650.0,465288500.0,0.6651825154924688,-1.089328737966836,1.9079694635833608,0.23836616470362654
2020-12-18,PTC,PTC,9.079999923706056,9.15999984741211,8.90999984741211,8.9399995803833,2161000,9.079999923706056,-0.14000034332275568,45.674959803364814,-0.033695571563765014,-0.05828779773405779,0.024592226170292775,-1.8660821372187695,8.972499990463257,9.149800052642822,9.333077001879424,8.972499990463257,8.61192297904709,2156750.0,463127500.0,-1.5418540143072348,-0.8869276421323565,0.33669734551010977,0.24609154816767537
2020-12-21,PTC,PTC,8.989999771118164,9.0,8.8100004196167,8.859999656677246,1733500,8.9399995803833,-0.07999992370605469,43.22372030888354,-0.044160166013458735,-0.055462271389937985,0.01130210537647925,-1.3363016890443844,8.987999963760377,9.138000049591064,9.294738399018147,8.987999963760377,8.681261528502606,2204700.0,461394000.0,-0.8948537747316618,-2.4229104501910164,-3.380593424618423,0.2259304893876984
2020-12-22,PTC,PTC,8.880000114440918,9.050000190734863,8.800000190734863,8.84000015258789,895500,8.859999656677246,-0.01999950408935547,42.608098408454914,-0.05345107462916765,-0.055060032037783924,0.001608957408616274,-3.9130398276171445,9.002999973297118,9.12580005645752,9.23858218962259,9.002999973297118,8.767417756971646,2238200.0,460498500.0,-0.22572804587281278,-1.1185618846653538,-3.7037052427568358,0.22615795125675273
2020-12-23,PTC,PTC,8.829999923706055,9.149999618530272,8.800000190734863,8.960000038146973,1745500,8.84000015258789,0.11999988555908203,47.44484696007716,-0.05054850703699998,-0.05415772703762713,0.0036092200006271544,-1.1037569187436889,9.011999988555909,9.116200065612793,9.224315562928851,9.011999988555909,8.799684414182966,2314550.0,462244000.0,1.3574647453365973,1.1286725208207238,-0.6651930883779037,0.2089958247856293
2020-12-24,PTC,PTC,8.949999809265137,9.100000381469728,8.949999809265137,8.989999771118164,802000,8.960000038146973,0.029999732971191406,48.610839204506966,-0.04530522316467156,-0.052387226263036026,0.007082003098364466,-0.44296747548037785,9.014999961853027,9.106000061035155,9.22410839734621,9.014999961853027,8.805891526359844,2255250.0,463046000.0,0.33481844691370877,1.6968282346280432,-0.9911911161245726,0.20057764221164853
2020-12-25,PTC,PTC,8.989999771118164,8.989999771118164,8.989999771118164,8.989999771118164,0,8.989999771118164,0.0,48.610839204506966,-0.0406809383853286,-0.050045968687494544,0.009365030302165941,0.671886493750817,9.015999937057495,9.097200050354004,9.224392351566252,9.015999937057495,8.80760752254874,2242050.0,463046000.0,0.0,0.33481844691370877,0.5592862760819004,0.20000181922130605
2020-12-28,PTC,PTC,8.960000038146973,9.550000190734863,8.90999984741211,9.5,5246000,8.989999771118164,0.5100002288818359,64.24913089099175,0.004089456134760638,-0.03921888372304351,0.04330833985780415,6.621775114387403,9.038499927520752,9.099400043487549,9.339115154497575,9.038499927520752,8.737884700543928,2429025.0,468292000.0,5.672972657021578,5.672972657021578,7.223480452851083,0.2826266219742513
2020-12-29,PTC,PTC,9.550000190734863,9.739999771118164,9.149999618530272,9.229999542236328,5305500,9.5,-0.2700004577636719,54.750058745625516,0.017580874513971168,-0.02785893207564058,0.04543980658961175,3.591466894549521,9.044499921798707,9.09620002746582,9.355726725988399,9.044499921798707,8.733273117609015,2645050.0,462986500.0,-2.8421100817228617,2.669630447480125,4.411757725301238,0.3026375405913524
2020-12-30,PTC,PTC,9.300000190734863,9.399999618530272,9.149999618530272,9.18000030517578,1402000,9.229999542236328,-0.04999923706054865,53.182000610518976,0.02396217912517251,-0.017494709835477962,0.04145688896065047,0.10905374916722499,9.047999954223632,9.083600025177002,9.363868088404164,9.047999954223632,8.7321318200431,2677900.0,461584500.0,-0.5417035703171268,-3.368417840254953,2.4553601126357285,0.303443035542905
2020-12-31,PTC,PTC,9.25,9.399999618530272,9.050000190734863,9.100000381469728,1812500,9.18000030517578,-0.07999992370605113,50.680891188909165,0.02230694319300852,-0.009534379229780666,0.031841322422789184,-0.8714588349299547,9.053999996185302,9.07040002822876,9.3689871136289,9.053999996185302,8.739012878741704,2718150.0,459772000.0,-0.8714588349299547,-1.4084416816244218,1.2235885778880564,0.3004697393901662
2021-01-01,PTC,PTC,9.449999809265137,9.649999618530272,9.100000381469728,9.119999885559082,7506000,9.100000381469728,0.019999504089353692,51.297533492540246,0.022351297781000312,-0.0031572438276244704,0.02550854160862478,1.1086410501158999,9.05,9.0596000289917,9.359158532089124,9.05,8.740841467910878,2006725.0,467278000.0,0.21977476099977483,-0.6535993205018585,1.4460524777605055,0.2873109258771788
2021-01-04,PTC,PTC,9.25,9.399999618530272,8.970000267028809,9.029999732971191,3988000,9.119999885559082,-0.09000015258789062,48.36681384108057,0.014951833530608027,0.0004645716440220293,0.014487261886585999,-0.5506628981826818,9.048499965667725,9.043800029754639,9.357745308756648,9.048499965667725,8.739254622578802,2135250.0,463290000.0,-0.9868437907592512,-0.7692378633420588,-4.947371231882196,0.2842344011261895
2021-01-05,PTC,PTC,9.140000343322754,9.59000015258789,9.119999885559082,9.4399995803833,12352000,9.029999732971191,0.4099998474121094,59.67061531222325,0.04169068174872592,0.00870979366496281,0.032980888083763114,5.592841425822109,9.06899995803833,9.0396000289917,9.424047749194784,9.06899995803833,8.713952166881874,2708575.0,475642000.0,4.5404192639682925,3.508768627628134,2.275190125265076,0.3262416142915113
2021-01-06,PTC,PTC,9.510000228881836,9.850000381469728,9.510000228881836,9.699999809265137,9713000,9.4399995803833,0.26000022888183594,64.9160217813857,0.082905573320458,0.02354894959606185,0.05935662372439615,9.480814730673643,9.107499933242797,9.041600017547607,9.554236611472966,9.107499933242797,8.660763255012629,3108725.0,485355000.0,2.7542398351598116,7.41971313517959,5.664482427044977,0.3337678196401326
2021-01-07,PTC,PTC,9.75,9.800000190734863,9.399999618530272,9.4399995803833,2631500,9.699999809265137,-0.26000022888183594,56.94042902885555,0.09351089092801956,0.037541337862453394,0.05596955306556617,6.7873237266829864,9.133999919891357,9.049200000762939,9.594086783328335,9.133999919891357,8.67391305645438,3218450.0,482723500.0,-2.6804147834466123,0.0,3.7362547764933134,0.3511381635353485
2021-01-08,PTC,PTC,9.529999732971191,10.0600004196167,9.520000457763672,9.869999885559082,9697500,9.4399995803833,0.43000030517578125,64.67115426617463,0.13505626791744518,0.05704432387345175,0.07801194404399343,10.15624825377018,9.181999921798706,9.065399990081787,9.734681336147194,9.181999921798706,8.629318507450218,3635625.0,492421000.0,4.555088181034872,1.7525781405847713,8.223684313719955,0.3816662959810916
2021-01-11,PTC,PTC,9.970000267028809,10.0,9.529999732971191,9.56999969482422,4969000,9.869999885559082,-0.3000001907348615,56.984384835588024,0.1421353227888016,0.07406252365652172,0.06807279913227987,6.451612218827864,9.20199990272522,9.07859998703003,9.781167978543625,9.20199990272522,8.622831826906815,3793100.0,487452000.0,-3.039515645524935,1.3771199175799247,5.980066199573961,0.3909068574069397
2021-01-12,PTC,PTC,9.649999618530272,9.949999809265137,9.600000381469728,9.800000190734863,5318500,9.56999969482422,0.23000049591064275,60.82849177182986,0.16440943299953048,0.09213190552512347,0.07227752747440701,9.010016020455943,9.232999897003173,9.08859998703003,9.870630338475316,9.232999897003173,8.595369455531031,3970975.0,492770500.0,2.4033490412234264,-0.7092167744260682,3.813565957139005,0.3982850189287594
2021-01-13,PTC,PTC,9.970000267028809,10.34000015258789,9.880000114440918,9.920000076293944,16401000,9.800000190734863,0.11999988555908025,62.70132649169307,0.18955968761949293,0.11161746194399738,0.07794222567549555,4.42105343467309,9.277999877929688,9.105799980163575,9.976467414612419,9.277999877929688,8.579532341246956,4724825.0,509171500.0,1.2244886043219754,3.657266380677264,2.2680440345851287,0.39140532651450927
2021-01-14,PTC,PTC,9.949999809265137,10.0,9.739999771118164,9.789999961853027,2368500,9.920000076293944,-0.1300001144409162,59.38864153300115,0.19673369920258743,0.1286407093957154,0.06809298980687203,6.067177111484637,9.313499879837035,9.113199977874755,10.041157314479527,9.313499879837035,8.585842445194544,4802425.0,506803000.0,-1.3104850145271723,-0.10204314986942933,3.707631324444563,0.3965824471152624
2021-01-15,PTC,PTC,9.800000190734863,9.850000381469728,9.619999885559082,9.670000076293944,2816500,9.789999961853027,-0.11999988555908381,56.42518747785013,0.19053974362676662,0.14102051624192566,0.049519227384840964,5.337687961098401,9.349999904632568,9.121599979400635,10.071985508160878,9.349999904632568,8.628014301104258,4835200.0,503986500.0,-1.2257393874021072,-2.5201612709402172,-2.026340542898695,0.39467693312986013
2021-01-18,PTC,PTC,9.739999771118164,9.779999732971191,9.5,9.600000381469728,2215500,9.670000076293944,-0.0699996948242152,54.710191751282565,0.17793151509988192,0.14840271601351693,0.029528799086364993,5.494505264177206,9.386999940872192,9.128199977874756,10.07845457802233,9.386999940872192,8.695545303722055,4859300.0,501771000.0,-0.7238851527604413,-1.9407515947256075,0.31348680880035135,0.39396625629563775
2021-01-19,PTC,PTC,9.600000381469728,9.779999732971191,9.539999961853027,9.630000114440918,1414000,9.600000381469728,0.02999973297118963,55.336728413709814,0.16841870489446897,0.15240591378970733,0.016012791104761642,5.592107842998853,9.426499938964843,9.137199974060058,10.075329738455398,9.426499938964843,8.777670139474289,4885225.0,503185000.0,0.31249720603236864,-0.41365006760533213,-1.734694622298754,0.3932393326466176
2021-01-20,PTC,PTC,9.619999885559082,9.699999809265137,9.460000038146973,9.510000228881836,2172000,9.630000114440918,-0.11999988555908203,52.2245205542067,0.14947370654198977,0.15181947234016382,-0.0023457657981740543,5.315620266942215,9.453999948501586,9.14439998626709,10.065104323568091,9.453999948501586,8.842895573435081,4906550.0,501013000.0,-1.2461047158154555,-0.9375015522042477,-4.13306294615757,0.39618652272421345
2021-01-21,PTC,PTC,9.550000190734863,9.59000015258789,9.300000190734863,9.34000015258789,2849000,9.510000228881836,-0.1700000762939453,48.09755290527772,0.11936609540429544,0.14532879695299017,-0.025962701548694733,-1.0593160194965792,9.471499967575074,9.152999992370605,10.045581462308107,9.471499967575074,8.897418472842041,5008900.0,498164000.0,-1.7875927676390135,-3.0114222056773428,-4.596525138085515,0.403234694142277
2021-01-22,PTC,PTC,9.399999618530272,9.470000267028809,9.199999809265137,9.3100004196167,1572500,9.34000015258789,-0.029999732971191406,47.385915391639024,0.09202407270436197,0.13466785210326454,-0.04264377939890257,-4.020612343475742,9.4875,9.161200008392335,10.021516571076729,9.4875,8.953483428923272,5087525.0,496591500.0,-0.32119627924073635,-2.1030473654221167,-3.722850608448136,0.40362953511772537
2021-01-25,PTC,PTC,9.399999618530272,9.630000114440918,9.31999969482422,9.34000015258789,1169500,9.3100004196167,0.029999732971191406,48.21111141596594,0.07194669375819274,0.12212362043425018,-0.05017692667605744,-1.0593160194965792,9.479500007629394,9.169600009918213,10.017507055872128,9.479500007629394,8.94149295938666,4883700.0,497761000.0,0.3222312741037075,0.0,-2.7083356098995544,0.348403975564561
2021-01-26,PTC,PTC,9.470000267028809,9.479999542236328,9.18000030517578,9.199999809265137,3473500,9.34000015258789,-0.1400003433227539,44.68863125205432,0.04422852966056823,0.10654460227951379,-0.06231607261894556,-6.788248065475974,9.478000020980835,9.174200000762939,10.019094409723145,9.478000020980835,8.936905632238524,4792100.0,494287500.0,-1.4989329875328017,-1.1815317442927817,-4.465215992375359,0.3372743793898269
2021-01-27,PTC,PTC,9.220000267028809,9.300000190734863,9.010000228881836,9.130000114440918,1542000,9.199999809265137,-0.06999969482421875,42.997053976982116,0.016423969260090487,0.08852047567562914,-0.07209650641553865,-4.597696911330825,9.475500011444092,9.181399993896484,10.022817874758251,9.475500011444092,8.928182148129933,4799100.0,492745500.0,-0.7608662638636519,-2.248394375976393,-3.99579500836245,0.33783473211584225
2021-01-28,PTC,PTC,9.140000343322754,9.18000030517578,9.0,9.109999656677246,3814500,9.130000114440918,-0.020000457763671875,42.50202245080948,-0.0071428763369318915,0.06938780527311693,-0.07653068161004882,-7.040821639064446,9.475999975204468,9.188199977874756,10.021889986217245,9.475999975204468,8.930109964191692,4899200.0,488931000.0,-0.2190630614783581,-0.9782625484106343,-2.46253203590063,0.33640888276038994
2021-01-29,PTC,PTC,9.149999618530272,9.1899995803833,9.029999732971191,9.100000381469728,1894000,9.109999656677246,-0.009999275207517755,42.24018411652371,-0.026323191834491055,0.050245605851595335,-0.07656879768608639,-8.26612589231514,9.475,9.19439998626709,10.023701851020778,9.475,8.926298148979221,4618600.0,487037000.0,-0.10976153221025323,-0.32858414671582603,-2.2556394058209586,0.33636123359846165
2021-02-01,PTC,PTC,9.199999809265137,9.34000015258789,9.119999885559082,9.15999984741211,1713500,9.100000381469728,0.059999465942381036,44.45154275107211,-0.036264242968689686,0.03294363608753833,-0.06920787905622802,-6.435139089844011,9.481500005722046,9.206599979400634,10.010740779348547,9.481500005722046,8.952259232095544,4504875.0,488750500.0,0.6593347629364671,0.54884953478802,-1.9271980967356568,0.3349627111359557
2021-02-02,PTC,PTC,9.199999809265137,9.25,9.100000381469728,9.15999984741211,1369000,9.15999984741211,0.0,44.45154275107211,-0.0436395480684908,0.017626999256332508,-0.061266547324823305,-5.274045758614857,9.467500019073487,9.218999977111816,10.015832439799897,9.467500019073487,8.919167598347077,3955725.0,488750500.0,0.0,0.6593347629364671,-0.43478220306857157,0.2908664239255324
2021-02-03,PTC,PTC,9.25,9.270000457763672,9.100000381469728,9.1899995803833,1765500,9.15999984741211,0.029999732971191406,45.657990306974035,-0.04652746313110789,0.0047961067788444296,-0.05132356990995232,-4.270841508275625,9.442000007629394,9.227199974060058,9.992238317063942,9.442000007629394,8.891761698194847,3558350.0,490516000.0,0.32750800732455204,0.32750800732455204,0.657168293431691,0.27097459633642473
2021-02-04,PTC,PTC,9.15999984741211,9.460000038146973,9.15999984741211,9.199999809265137,3237000,9.1899995803833,0.010000228881835938,46.07840358318871,-0.04746210809123319,-0.0056555361951710955,-0.04180657189606209,-4.465215992375359,9.430000019073486,9.232599964141846,9.990789037726186,9.430000019073486,8.869211000420785,3588625.0,493753000.0,0.1088164237045465,0.4366808135300151,0.9879270689316032,0.25552236493110947
2021-02-05,PTC,PTC,9.199999809265137,9.199999809265137,9.199999809265137,9.199999809265137,0,9.199999809265137,0.0,46.0784035831887,-0.04765350105895294,-0.014055129167927465,-0.03359837189102548,-3.259730937494923,9.39650001525879,9.237199954986572,9.925780707925188,9.39650001525879,8.86721932259239,3103750.0,493753000.0,0.0,0.1088164237045465,1.0988947648731593,0.18705251252689825
2021-02-08,PTC,PTC,9.220000267028809,9.289999961853027,9.100000381469728,9.130000114440918,1285500,9.199999809265137,-0.06999969482421875,43.35545141649075,-0.05284441421270003,-0.02181298617688198,-0.03103142803581805,-2.248394375976393,9.374500036239624,9.238799953460694,9.909957700206578,9.374500036239624,8.83904237227267,2919575.0,492467500.0,-0.7608662638636519,-0.7608662638636519,-0.32750800732455204,0.1588695482981213
2021-02-09,PTC,PTC,9.199999809265137,9.5,9.15999984741211,9.300000190734863,4639000,9.130000114440918,0.1700000762939453,50.93815557274554,-0.04274789376882282,-0.025999967695270153,-0.016747926073552667,-0.10741383921707337,9.349500036239624,9.242599964141846,9.84662771602341,9.349500036239624,8.852372356455838,2885600.0,497106500.0,1.861994240559277,1.0869606906841256,1.5283880530009717,0.14773901632947478
2021-02-10,PTC,PTC,9.449999809265137,9.670000076293944,9.119999885559082,9.289999961853027,6872500,9.300000190734863,-0.010000228881835938,50.509816893487795,-0.035148098075231005,-0.027829593771262325,-0.00731850430396868,-0.5353339391649734,9.318000030517577,9.246199970245362,9.736549058891223,9.318000030517577,8.899451002143932,2409175.0,490234000.0,-0.10752934061010748,1.7524627098200982,1.0881434824348022,0.13720944098812596
2021-02-11,PTC,PTC,9.1899995803833,9.359999656677246,9.0,9.029999732971191,6941500,9.289999961853027,-0.26000022888183594,40.883850468915576,-0.04953405306284786,-0.032170485629579436,-0.017363567433268425,-1.8478269545477777,9.280000019073487,9.24719997406006,9.653715599720075,9.280000019073487,8.9062844384269,2637825.0,483292500.0,-2.7987107637186157,-2.903230669098912,-1.8478269545477777,0.15972329482449396
2021-02-12,PTC,PTC,9.050000190734863,9.210000038146973,8.880000114440918,8.930000305175781,2866000,9.029999732971191,-0.09999942779541016,37.892736338975965,-0.06821777211587943,-0.03937994292683944,-0.028837829189039987,-2.1905783872751226,9.243000030517578,9.241799983978272,9.600305918730236,9.243000030517578,8.88569414230492,2640300.0,480426500.0,-1.1074134081121039,-3.8751308735790224,-2.93477727920651,0.15896379708364827
2021-02-15,PTC,PTC,8.960000038146973,9.100000381469728,8.760000228881836,8.800000190734863,3262500,8.930000305175781,-0.13000011444091797,34.37212209249358,-0.09244898253031231,-0.04999375084753402,-0.04245523168277829,-3.402848272504228,9.203000020980834,9.236599979400635,9.570987494030797,9.203000020980834,8.835012547930871,2692650.0,477164000.0,-1.4557683090511273,-2.547060343717752,-3.6144569503793753,0.1630576973320143
2021-02-16,PTC,PTC,8.8100004196167,9.100000381469728,8.8100004196167,9.020000457763672,3040500,8.800000190734863,0.2200002670288086,43.87552088741917,-0.0928301205845603,-0.058561024794939284,-0.03426909578962102,-0.879120003873404,9.172500038146973,9.236399993896484,9.48898567024572,9.172500038146973,8.856014406048226,2773975.0,480204500.0,2.500002980232174,1.0078404200694933,-3.010749755146688,0.192146300795857
2021-02-17,PTC,PTC,9.09000015258789,9.25,9.0,9.020000457763672,3692000,9.020000457763672,0.0,43.87552088741917,-0.09207083990814979,-0.06526298781758139,-0.026807852090568407,-1.5283776417091344,9.148000049591065,9.238199996948243,9.428270498783377,9.148000049591065,8.867729600398754,2849975.0,480204500.0,0.0,2.500002980232174,-2.906345588784051,0.18924718132055546
2021-02-18,PTC,PTC,9.130000114440918,9.140000343322754,8.859999656677246,8.90999984741211,3578500,9.020000457763672,-0.1100006103515625,40.47663743431728,-0.09920169900842879,-0.07205073005575087,-0.02715096895267792,-2.729257687385554,9.126500034332276,9.238199996948243,9.410699662408458,9.126500034332276,8.842300406256093,2886450.0,476626000.0,-1.219518899878581,-1.219518899878581,-1.3289024264411335,0.1841609630919025
2021-02-19,PTC,PTC,9.0,9.0,8.869999885559082,8.920000076293945,2182500,8.90999984741211,0.010000228881835938,40.92468033114031,-0.10286031168037191,-0.07821264638067509,-0.024647665299696822,-2.9379707988854356,9.107000017166138,9.238400001525878,9.391704707650947,9.107000017166138,8.82229532668133,2916950.0,478808500.0,0.11223601630858034,-1.1086516230013546,-0.11198464210622544,0.1845154520003728
2021-02-22,PTC,PTC,8.989999771118164,9.09000015258789,8.899999618530273,9.020000457763672,1697000,8.920000076293945,0.10000038146972656,45.3542820166846,-0.09657731041800766,-0.0818855791881416,-0.014691731229866056,-1.9565147307958755,9.091000032424926,9.235400009155274,9.35584536314478,9.091000032424926,8.826154701705072,2943325.0,480505500.0,1.1210805001615471,1.2345747725631213,2.500002980232174,0.18966330942890186
2021-02-23,PTC,PTC,9.09000015258789,9.130000114440918,8.90999984741211,9.0600004196167,1986500,9.020000457763672,0.039999961853027344,47.06410617800647,-0.08736325480345997,-0.08298111431120528,-0.004382140492254688,-1.5217325277273037,9.084000062942504,9.233000011444092,9.344072731697123,9.084000062942504,8.823927394187885,2868975.0,482492000.0,0.4434585346234509,1.5695105619429637,0.4434585346234509,0.18402502611249583
2021-02-24,PTC,PTC,9.0600004196167,9.4399995803833,9.0600004196167,9.130000114440918,8889000,9.0600004196167,0.06999969482421875,50.01181085535183,-0.07356465147499058,-0.08109782174396235,0.007533170268971767,0.0,9.084000062942504,9.235200004577637,9.344072731697123,9.084000062942504,8.823927394187885,3236325.0,491381000.0,0.7726235273969251,1.2195083269931264,1.2195083269931264,0.18444226986904413
2021-02-25,PTC,PTC,9.149999618530272,9.300000190734863,9.039999961853027,9.0600004196167,2764500,9.130000114440918,-0.06999969482421875,47.1823851496914,-0.06749945755433373,-0.07837814890603663,0.010878691351702899,-2.58064264726859,9.081500101089478,9.23480001449585,9.341481689396085,9.081500101089478,8.821518512782871,3183825.0,488616500.0,-0.76669982417087,0.0,1.6835081343818115,0.1863448110804172
2021-02-26,PTC,PTC,9.050000190734863,9.119999885559082,8.890000343322754,8.920000076293945,1329000,9.0600004196167,-0.1400003433227539,42.05747192866382,-0.07314641896355845,-0.077331802917541,0.0041853839539825605,-3.982775964245323,9.072500085830688,9.234400024414063,9.342070706152851,9.072500085830688,8.802929465508525,3155575.0,487287500.0,-1.5452575809999454,-2.300109918014302,0.0,0.1940591299429733
2021-03-01,PTC,PTC,8.960000038146973,8.960000038146973,8.699999809265137,8.800000190734863,2214500,8.920000076293945,-0.11999988555908203,38.22490735729611,-0.08630973949728293,-0.0791273902334894,-0.007182349263793533,-2.547060343717752,9.054500102996826,9.233200035095216,9.346604811612794,9.054500102996826,8.762395394380858,3180625.0,485073000.0,-1.3452901853442496,-2.869759567768715,-2.4390272268717075,0.1967819237019785
2021-03-02,PTC,PTC,8.890000343322754,8.920000076293945,8.789999961853027,8.829999923706055,1603000,8.800000190734863,0.029999732971191406,39.70420173509684,-0.09324615449897067,-0.08195114308658566,-0.011295011412385009,-1.1198250621757186,9.038000106811523,9.233000030517578,9.342049843299273,9.038000106811523,8.733950370323774,3192325.0,486676000.0,0.34090604910187183,-1.0089703118621902,-2.5386367026280463,0.19759569397833293
2021-03-03,PTC,PTC,8.8100004196167,8.970000267028809,8.800000190734863,8.829999923706055,618500,8.829999923706055,0.0,39.704201735096845,-0.0976180334376231,-0.08508452115679314,-0.012533512280829953,0.34090604910187183,9.020000123977661,9.23040002822876,9.328749690111497,9.020000123977661,8.711250557843826,3134975.0,486676000.0,0.0,0.34090604910187183,-3.2858728036635294,0.19682949317317058
2021-03-04,PTC,PTC,8.569999694824219,8.770000457763672,8.5,8.529999732971191,2100000,8.829999923706055,-0.3000001907348633,31.074141159853653,-0.12386247763977742,-0.09284011245339001,-0.031022365186387416,-5.432380265244092,8.986500120162964,9.22120002746582,9.35300721513655,8.986500120162964,8.619993025189377,3078125.0,484576000.0,-3.39751068320451,-3.39751068320451,-5.849896932653017,0.22678635866211896
2021-03-05,PTC,PTC,8.699999809265137,8.789999961853027,8.600000381469727,8.729999542236328,840000,8.529999732971191,0.19999980926513672,40.37825085781353,-0.1270584251771254,-0.09968377499813709,-0.02737465017898831,-3.215087592126838,8.963000106811524,9.216000022888183,9.332130181544281,8.963000106811524,8.593870032078767,3120125.0,485416000.0,2.344663722462653,-1.132507161197746,-2.1300508120237374,0.24626249756297713
2021-03-08,PTC,PTC,8.819999694824219,8.880000114440918,8.600000381469727,8.640000343322754,837000,8.729999542236328,-0.08999919891357422,37.89903396904887,-0.1352938366917762,-0.10680578733686492,-0.02848804935491127,-3.0302975164222508,8.938500118255615,9.198800029754638,9.325568903989128,8.938500118255615,8.551431332522101,3097700.0,484579000.0,-1.030918712860774,1.2895734325333537,-1.8181800448205245,0.24718979361105023
2021-03-09,PTC,PTC,8.609999656677246,8.699999809265137,8.300000190734863,8.34000015258789,2009000,8.640000343322754,-0.3000001907348633,31.054303083957848,-0.1641359112226528,-0.11827181211402252,-0.04586409910863029,-6.502241241538546,8.890500116348267,9.18100004196167,9.324112984205353,8.890500116348267,8.456887248491181,2966200.0,482570000.0,-3.472224291827861,-4.467347194711684,-5.549261329013754,0.2586003429303137
2021-03-10,PTC,PTC,8.420000076293945,8.420000076293945,8.199999809265137,8.210000038146973,617500,8.34000015258789,-0.13000011444091797,28.640428838488916,-0.19523286294757014,-0.13366402228073204,-0.0615688406668381,-8.980048542231698,8.836500120162963,9.161600036621094,9.326023154227064,8.836500120162963,8.346977086098862,2653450.0,481952500.0,-1.55875434127635,-4.9768551862164925,-7.021516318415333,0.2605746576035651
2021-03-11,PTC,PTC,8.279999732971191,8.300000190734863,8.0,8.020000457763672,2467500,8.210000038146973,-0.18999958038330078,25.518380946809287,-0.23252835731593358,-0.15343688928777235,-0.07909146802816122,-11.479027744868764,8.786000156402588,9.140000038146972,9.387136006872698,8.786000156402588,8.184864305932479,2429750.0,479485000.0,-2.314245791723338,-3.8369267262533957,-5.978889697220134,0.2556821417151404
2021-03-12,PTC,PTC,7.920000076293945,8.239999771118164,7.920000076293945,8.140000343322754,1087000,8.020000457763672,0.11999988555908203,30.659524529291488,-0.24952593773297416,-0.17265469897681274,-0.07687123875616142,-10.843370851138125,8.746500158309937,9.120400047302246,9.408531354043042,8.746500158309937,8.084468962576832,2340800.0,480572000.0,1.4962578392737806,-0.8526150365282816,-6.758295874577291,0.265075509900734
2021-03-15,PTC,PTC,8.25,8.329999923706055,8.15999984741211,8.210000038146973,2162500,8.140000343322754,0.06999969482421875,33.541314780110056,-0.2544155086978641,-0.18900686092102303,-0.06540864777684108,-9.38190223070307,8.717000150680542,9.104000053405763,9.420288713310763,8.717000150680542,8.013711588050322,2285800.0,482734500.0,0.8599470745924419,2.3690719393834176,-4.9768551862164925,0.2661502576447704
2021-03-16,PTC,PTC,8.25,8.640000343322754,8.210000038146973,8.529999732971191,1629000,8.210000038146973,0.31999969482421875,44.829423324233254,-0.22982000592143947,-0.19716948992110633,-0.03265051600033314,-4.3722011209308205,8.692500114440918,9.08580005645752,9.385407831493433,8.692500114440918,7.999592397388402,2215225.0,484363500.0,3.8976820138534847,4.791147090900974,2.2781723849770454,0.28948346154077875
2021-03-17,PTC,PTC,8.600000381469727,8.729999542236328,8.5600004196167,8.609999656677246,1261500,8.529999732971191,0.07999992370605469,47.2420070248727,-0.20154923341154607,-0.1980454386191943,-0.003503794792351772,-2.159096931130302,8.672000074386597,9.064000053405762,9.34816885796796,8.672000074386597,7.995831290805234,2093700.0,485625000.0,0.9378654889850614,4.872102517316855,4.872102517316855,0.2925123059741056
2021-03-18,PTC,PTC,8.520000457763672,8.600000381469727,8.350000381469727,8.380000114440918,777500,8.609999656677246,-0.22999954223632812,41.60849808589781,-0.19545045223989632,-0.19752644134333472,0.002075989103438397,-5.096260624612401,8.645500087738037,9.042800064086913,9.323934068124233,8.645500087738037,7.967066107351842,1953650.0,484847500.0,-2.6713072172768135,-1.7584949967873587,4.488773517821342,0.3034518682739381
2021-03-19,PTC,PTC,8.59000015258789,8.59000015258789,8.3100004196167,8.40999984741211,720000,8.380000114440918,0.029999732971191406,42.57046698985451,-0.18605170821039074,-0.19523149471674595,0.009179786506355203,-4.756512796408568,8.620000076293945,9.013600063323974,9.293310870266692,8.620000076293945,7.946689282321197,1880525.0,485567500.0,0.35799203534011975,-2.32287824901401,3.316947084785275,0.3040074902071569
2021-03-22,PTC,PTC,8.300000190734863,8.649999618530273,8.300000190734863,8.510000228881836,1319000,8.40999984741211,0.10000038146972656,45.777196348784145,-0.16859053407332958,-0.18990330258806268,0.0213127685147331,-0.23446078212700236,8.594500064849854,8.992400074005127,9.242167120261698,8.594500064849854,7.94683300943801,1861625.0,486886500.0,1.1890651995730805,1.551313993622673,3.654082695991977,0.30443129385563805
2021-03-23,PTC,PTC,8.510000228881836,8.510000228881836,8.510000228881836,8.510000228881836,0,8.510000228881836,0.0,45.77719634878414,-0.15298886733832973,-0.1825204155381161,0.029531548199786373,-2.5200380857996687,8.56700005531311,8.966600074768067,9.177059509044408,8.56700005531311,7.956940601581814,1762300.0,486886500.0,0.0,1.1890651995730805,-0.23446078212700236,0.3034523070111102
2021-03-24,PTC,PTC,8.699999809265137,9.510000228881836,8.600000381469727,9.510000228881836,37218000,8.510000228881836,1.0,67.08946480623393,-0.059249796621868356,-0.15786629175486655,0.0986164951329982,10.069442719773077,8.586000061035156,8.958400077819825,9.286808587717676,8.586000061035156,7.885191534352636,3178750.0,524104500.0,11.750881000051326,11.750881000051326,10.452968735098839,0.5244419232283963
2021-03-25,PTC,PTC,9.6899995803833,10.350000381469728,9.260000228881836,10.100000381469728,61352500,9.510000228881836,0.5900001525878924,73.66605087413198,0.06193324584529947,-0.11390638423483336,0.1758396300801328,21.103119864280963,8.638000059127808,8.964600086212158,9.594564134280425,8.638000059127808,7.681435983975192,6108150.0,585457000.0,6.203997249085905,18.683902583123775,20.525062572073274,0.5633795237148959
2021-03-26,PTC,PTC,10.1899995803833,10.5,9.850000381469728,10.130000114440918,39614000,10.100000381469728,0.02999973297118963,73.95109038268411,0.158564574102515,-0.05941219256736369,0.2179767666698787,23.38611531513825,8.698500061035157,8.973800086975098,9.861043152949705,8.698500061035157,7.535956969120608,8022400.0,625071000.0,0.29702704790219164,6.51945184686899,20.451846590200358,0.5578338367971649
2021-03-29,PTC,PTC,10.18000030517578,10.199999809265137,9.260000228881836,9.5600004196167,24328500,10.130000114440918,-0.5699996948242188,60.54229241738904,0.18699581489808992,-0.010130591074272971,0.1971264059723629,19.20199344081393,8.736500072479249,8.973000087738036,9.961043481846158,8.736500072479249,7.511956663112339,9128100.0,600742500.0,-5.626847861646618,-5.346534073837823,12.338427291356572,0.5978637199260743
2021-03-30,PTC,PTC,9.4399995803833,9.600000381469728,9.25,9.479999542236328,3978000,9.5600004196167,-0.0800008773803711,58.927314005760884,0.20075816074578157,0.03204715928973794,0.16871100145604362,16.461905926242082,8.769000053405762,8.970000076293946,10.037698551943274,8.769000053405762,7.5003015548682495,9246850.0,596764500.0,-0.836829224570041,-6.416589978888306,11.398346501360134,0.5996865563977571
2021-03-31,PTC,PTC,9.609999656677246,9.800000190734863,9.229999542236328,9.279999732971191,3958500,9.479999542236328,-0.19999980926513672,54.97889374555105,0.1932983824144685,0.06429740391468405,0.12900097849978445,13.03288294582909,8.791500043869018,8.965400066375732,10.080551521166324,8.791500043869018,7.502448566571711,9413850.0,592806000.0,-2.1097027312509433,-2.928877346814324,-2.418511991326077,0.6062919632263035
2021-04-01,PTC,PTC,9.25,9.600000381469728,8.989999771118164,9.050000190734863,17162000,9.279999732971191,-0.22999954223632812,50.76616804245236,0.16690345434214215,0.08481861400017568,0.08208484034196648,6.096136858641424,8.817500066757201,8.959600067138672,10.105319522668099,8.817500066757201,7.529680610846303,10166950.0,575644000.0,-2.4784434143802376,-4.535858357225492,-10.396041099773418,0.5996676301886322
2021-04-02,PTC,PTC,9.0600004196167,9.140000343322754,9.0,9.0,4122000,9.050000190734863,-0.05000019073486328,49.871526177826354,0.14033301451925162,0.09592149410399087,0.04441152041526075,4.529620892845216,8.831000089645386,8.953400058746338,10.120616914731539,8.831000089645386,7.541383264559233,10331050.0,571522000.0,-0.5524882837687902,-3.0172385886647377,-11.154986196199895,0.5957672733255591
2021-04-05,PTC,PTC,9.100000381469728,9.100000381469728,8.819999694824219,8.859999656677246,2844000,9.0,-0.1400003433227539,47.35510263690794,0.10674836317335767,0.09808686791786424,0.008661495255493437,5.727918086888378,8.842000055313111,8.943800048828125,10.128506542766964,8.842000055313111,7.5554935678592585,10431400.0,568678000.0,-1.5555593702528212,-2.099453370753897,-7.322183391363482,0.5975132507787705
2021-04-06,PTC,PTC,8.880000114440918,9.470000267028809,8.880000114440918,9.40999984741211,4846500,8.859999656677246,0.5500001907348633,56.616457319653286,0.12309375567410363,0.10308824546911213,0.0200055102049915,11.890606636666181,8.895500040054321,8.948000049591064,10.183100408743567,8.895500040054321,7.607899671365075,10573275.0,573524500.0,6.207677336876208,4.555553860134549,-0.7383934409737941,0.6172767789548076
2021-04-07,PTC,PTC,9.449999809265137,9.470000267028809,9.149999618530272,9.1899995803833,1412000,9.40999984741211,-0.2200002670288086,52.62821169359528,0.11694731817610382,0.10586006001051047,0.011087258165593347,7.9905914596057865,8.944500017166138,8.949200038909913,10.196352929442563,8.944500017166138,7.692647104889714,10613000.0,572112500.0,-2.337941239067203,3.724604249361948,-0.9698292583794627,0.6216204210687618
2021-04-08,PTC,PTC,9.289999961853027,9.609999656677246,9.220000267028809,9.529999732971191,10599000,9.1899995803833,0.3400001525878906,57.59931375713583,0.1379215195658663,0.11227235192158165,0.02564916764428464,11.985892792665382,9.019999980926514,8.957600040435791,10.218068622549989,9.019999980926514,7.821931339303039,11019575.0,582711500.0,3.6996753875119297,1.275237911848466,5.303862233370317,0.6204209941199452
2021-04-09,PTC,PTC,9.5,9.609999656677246,9.399999618530272,9.470000267028809,4689500,9.529999732971191,-0.05999946594238281,56.47308307606169,0.14799626104032448,0.11941713374533022,0.02857912729499426,-0.42060947308442337,9.086499977111817,8.965000038146973,10.225073058061804,9.086499977111817,7.94792689616183,11199700.0,578022000.0,-0.6295851796805522,3.0467975998953136,5.222225189208984,0.6224625272949224
2021-04-12,PTC,PTC,9.3100004196167,9.789999961853027,9.3100004196167,9.59000015258789,8039000,9.470000267028809,0.11999988555908203,58.232103101911676,0.16377565037641695,0.12828883707154756,0.035486813304869386,-5.049507025935614,9.155499982833863,8.973600044250489,10.236210899539303,9.155499982833863,8.074789066128423,11493525.0,586061000.0,1.2671582067096576,0.6295951867565556,8.239283568825957,0.6226561754109222
2021-04-13,PTC,PTC,9.520000457763672,9.9399995803833,9.520000457763672,9.710000038146973,8329000,9.59000015258789,0.11999988555908203,59.97406651803128,0.1838446710646604,0.13940000387017015,0.04444466719449025,-4.146101397325852,9.214499998092652,8.984600048065186,10.280164714676255,9.214499998092652,8.148835281509049,11828525.0,594390000.0,1.2513022278388566,2.5343164134193152,3.18809984696618,0.6124819925266397
2021-04-14,PTC,PTC,9.699999809265137,10.25,9.699999809265137,10.020000457763672,13551500,9.710000038146973,0.3100004196166992,64.13536587776873,0.22220254500846792,0.1559605120978297,0.06624203291063821,4.811715668998015,9.285000038146972,9.001200065612792,10.36868782903986,9.285000038146972,8.201312247254084,12443025.0,607941500.0,3.1925892729024006,4.483840441438829,9.031565998676063,0.6187516308831563
2021-04-15,PTC,PTC,10.199999809265137,10.199999809265137,9.81999969482422,9.890000343322754,3314000,10.020000457763672,-0.13000011444091797,61.25913030361263,0.23935240811435854,0.1726388913011355,0.06671351681322304,4.324903173884613,9.360500049591064,9.015000076293946,10.387636775631766,9.360500049591064,8.333363323550362,12569850.0,604627500.0,-1.2974062724736863,1.853762146947756,3.7775511063873264,0.6103017380405061
2021-04-16,PTC,PTC,9.979999542236328,10.0600004196167,9.829999923706056,9.9399995803833,1581000,9.890000343322754,0.049999237060546875,61.96562273402176,0.25404979090455093,0.1889210712218186,0.06512871968273234,7.112067525898476,9.437000036239624,9.02980007171631,10.391393855330463,9.437000036239624,8.482606217148785,12612900.0,606208500.0,0.5055534411007774,-0.7984119134284571,4.963033791993265,0.610150503326066
2021-04-19,PTC,PTC,9.699999809265137,9.829999923706056,9.449999809265137,9.5600004196167,3012500,9.9399995803833,-0.37999916076660156,53.917866881832616,0.2323563567228426,0.1976081283220234,0.0347482284008192,5.635361526334108,9.489500045776367,9.038400077819825,10.33893284111771,9.489500045776367,8.640067250435024,12697575.0,603196000.0,-3.8229293441473993,-3.3367028538968104,-0.31282307084318334,0.6326017555179233
2021-04-20,PTC,PTC,9.729999542236328,9.779999732971191,9.5,9.56999969482422,1300000,9.5600004196167,0.009999275207521308,54.08684546876457,0.21350980367141403,0.20078846339190154,0.012721340279512494,6.333329942491339,9.542500019073486,9.04380006790161,10.256005333385154,9.542500019073486,8.828994704761818,12762575.0,604496000.0,0.10459492435798681,-3.722333009845183,-1.4418160944669716,0.6324686905040098
2021-04-21,PTC,PTC,9.739999771118164,9.739999771118164,9.260000228881836,9.380000114440918,1538500,9.56999969482422,-0.18999958038330256,50.31167408813293,0.1811541639148313,0.19686160349648751,-0.015707439581656213,5.869079886157546,9.53600001335144,9.04560007095337,10.25311142516422,9.53600001335144,8.81888860153866,10978600.0,602957500.0,-1.985366629489662,-1.8828482978560186,-6.387228683476461,0.48342324519740526
2021-04-22,PTC,PTC,9.380000114440918,9.5,9.100000381469728,9.170000076293944,1650000,9.380000114440918,-0.21000003814697443,46.452408466555816,0.1369877289950736,0.18488682859620476,-0.047899099601131145,-2.550475823696951,9.48949999809265,9.048400077819824,10.17241884213131,9.48949999809265,8.80658115405399,7993475.0,601307500.0,-2.238806349518805,-4.179724464846225,-7.2800833370538705,0.4289587814188878
2021-04-23,PTC,PTC,9.199999809265137,9.199999809265137,9.010000228881836,9.06999969482422,896500,9.170000076293944,-0.10000038146972301,44.69426360813244,0.09284604466440172,0.16647867180984413,-0.07363262714544241,-1.3057659525385445,9.436499977111817,9.051200065612793,10.073079035211144,9.436499977111817,8.79992091901249,6057600.0,600411000.0,-1.0905166917963447,-3.304908484376651,-8.752514308713199,0.4285928416910948
2021-04-26,PTC,PTC,9.020000457763672,9.239999771118164,9.0,9.079999923706056,1731000,9.06999969482422,0.010000228881835938,44.91877736502102,0.05800176842251936,0.1447832911323792,-0.08678152270985984,-4.7219288759081355,9.412499952316285,9.056800060272217,10.065456977858936,9.412499952316285,8.759542926773634,4927725.0,602142000.0,0.11025611045546728,-0.9814629426291198,-5.0209254690585885,0.38392112456583993
2021-04-27,PTC,PTC,9.09000015258789,9.239999771118164,9.06999969482422,9.109999656677246,1195000,9.079999923706056,0.02999973297118963,45.63181061174196,0.03243427407204891,0.12231348772031314,-0.08987921364826423,-3.8014846906072144,9.39399995803833,9.058600044250488,10.059745508480253,9.39399995803833,8.728254407596408,4788575.0,603337000.0,0.3303935377011001,0.4410139272204328,-4.806688117197726,0.38370912540778707
2021-04-28,PTC,PTC,9.199999809265137,9.229999542236328,9.039999961853027,9.06999969482422,542000,9.109999656677246,-0.03999996185302557,44.79908443229386,0.008842259899537908,0.0996192421561581,-0.09077698225662019,-5.422319598434484,9.383499956130981,9.0596000289917,10.063291955840668,9.383499956130981,8.703707956421294,4617750.0,602795000.0,-0.43907753414356365,-0.11013468024077123,-3.304908484376651,0.3770410975757844
2021-04-29,PTC,PTC,9.0600004196167,9.100000381469728,9.0,9.029999732971191,623000,9.06999969482422,-0.03999996185302912,43.93563656053213,-0.012933158530444189,0.07710876201883765,-0.09004192054928184,-7.003092713741641,9.382499933242798,9.062000026702881,10.064413160778441,9.382499933242798,8.700586705707154,3790800.0,602172000.0,-0.441013927220472,-0.8781550682871663,-1.526721288527331,0.3667026543951268
2021-04-30,PTC,PTC,9.18000030517578,9.18000030517578,8.949999809265137,9.0,1180500,9.029999732971191,-0.029999732971191406,43.2621673381962,-0.03223942621510645,0.05523912437204883,-0.08747855058715528,-10.179644822005548,9.382499933242798,9.063600025177003,10.064413160778441,9.382499933242798,8.700586705707154,3643725.0,600991500.0,-0.33222296631586307,-0.7717717439854571,-0.7717717439854571,0.3663345767687736
2021-05-03,PTC,PTC,9.0,9.050000190734863,8.829999923706055,9.0,487500,9.0,0.0,43.2621673381962,-0.046998018546792864,0.034791695788280494,-0.08178971433507336,-8.998992036675093,9.389499950408936,9.063200016021728,10.051410501224014,9.389499950408936,8.727589399593858,3525900.0,600991500.0,0.0,-0.33222296631586307,-0.8810564358838013,0.36156365366157334
2021-05-04,PTC,PTC,9.06999969482422,9.300000190734863,9.020000457763672,9.079999923706056,217500,9.0,0.07999992370605646,45.830194748031516,-0.05164366798627107,0.017504623033370182,-0.06914829101964125,-8.651908380101576,9.372999954223634,9.063600006103515,10.0490599819775,9.372999954223634,8.696939926469767,3294450.0,601209000.0,0.8888880411784051,0.8888880411784051,-0.3293055334991269,0.2832657275835932
2021-05-05,PTC,PTC,9.18000030517578,9.270000457763672,9.149999618530272,9.1899995803833,898000,9.079999923706056,0.10999965667724432,49.23268983319861,-0.04591998860435709,0.004819700705824728,-0.050739689310181815,-3.870301495742333,9.372999954223634,9.064799995422364,10.0490599819775,9.372999954223634,8.696939926469767,3268750.0,602107000.0,1.2114499735848818,2.111106448703342,1.3230417816613378,0.2750231044192056
2021-05-06,PTC,PTC,9.149999618530272,9.149999618530272,8.970000267028809,9.0,1532000,9.1899995803833,-0.18999958038330078,44.0821898675967,-0.05606898138580618,-0.007358035712501454,-0.04871094567330473,-5.956109853718131,9.346499967575074,9.06359998703003,10.038021031656994,9.346499967575074,8.654978903493154,2815400.0,600575000.0,-2.0674601638597268,-0.8810564358838013,-0.33222296631586307,0.24731582884840506
2021-05-07,PTC,PTC,9.0,9.0,9.0,9.0,0,9.0,0.0,44.0821898675967,-0.06338150870590731,-0.018562730311182628,-0.04481877839472468,-4.051173878515111,9.322999954223633,9.065199985504151,10.028649555034523,9.322999954223633,8.617350353412743,2580925.0,600575000.0,0.0,-2.0674601638597268,0.0,0.24712525324258852
2021-05-10,PTC,PTC,9.0,9.0,9.0,9.0,0,9.0,0.0,44.082189867596696,-0.06838840038170346,-0.028527864325286797,-0.039860536056416665,-1.853872136091073,9.293499946594238,9.069199981689453,10.001477988379943,9.293499946594238,8.585521904808534,2178975.0,600575000.0,0.0,0.0,0.0,0.24087175169453345
2021-05-11,PTC,PTC,9.0,9.0,9.0,9.0,0,9.0,0.0,44.082189867596696,-0.07153182377007106,-0.037128656214243654,-0.0344031675558274,-0.7717717439854571,9.25799994468689,9.072599983215332,9.949043579689677,9.25799994468689,8.566956309684103,1762525.0,600575000.0,0.0,0.0,-0.8810564358838013,0.23414317613122662
2021-05-12,PTC,PTC,9.0,9.0,9.0,9.0,0,9.0,0.0,44.082189867596696,-0.07317944239320617,-0.04433881345003616,-0.028840628943170014,-0.8810564358838013,9.206999921798706,9.07599998474121,9.805633513951806,9.206999921798706,8.608366329645607,1084950.0,600575000.0,0.0,0.0,-2.0674601638597268,0.19366791032793335
2021-05-13,PTC,PTC,9.0,9.0,9.0,9.0,0,9.0,0.0,44.082189867596696,-0.07363635792536982,-0.050198322345102894,-0.023438035580266928,-1.2074606017863128,9.162499904632568,9.085399990081788,9.673221727179932,9.162499904632568,8.651778082085205,919250.0,600575000.0,0.0,0.0,0.0,0.1923040776069887
2021-05-14,PTC,PTC,9.0,9.0,9.0,9.0,0,9.0,0.0,44.08218986759669,-0.07315517940583582,-0.054789693757249486,-0.018365485648586338,-0.7717717439854571,9.115499925613403,9.09079999923706,9.475820022422374,9.115499925613403,8.755179828804431,840200.0,600575000.0,0.0,0.0,0.0,0.18974614400694895
2021-05-17,PTC,PTC,9.140000343322754,9.270000457763672,9.0,9.25,1259500,9.0,0.25,54.58440643253935,-0.052001490487047164,-0.05423205310320903,0.002230562616161863,2.4363263957309185,9.099999904632568,9.102999992370606,9.401714229472166,9.099999904632568,8.79828557979297,752550.0,601834500.0,2.7777777777777777,2.7777777777777777,2.7777777777777777,0.18033083103560857
2021-05-18,PTC,PTC,9.369999885559082,9.369999885559082,9.119999885559082,9.25,860000,9.25,0.0,54.58440643253937,-0.03483547790979635,-0.050352738064526496,0.015517260154730143,2.7777777777777777,9.083999919891358,9.121199989318848,9.303511349259002,9.083999919891358,8.864488490523714,730550.0,601834500.0,0.0,2.7777777777777777,2.7777777777777777,0.18016653871251928
2021-05-19,PTC,PTC,9.239999771118164,9.239999771118164,9.109999656677246,9.149999618530272,219000,9.25,-0.10000038146972834,50.20969498721039,-0.028966575661275584,-0.04607550558387632,0.017108929922600734,1.6666624281141296,9.072499895095826,9.139999980926513,9.24599332275867,9.072499895095826,8.899006467432981,664575.0,601615500.0,-1.0810852050781443,-1.0810852050781443,1.6666624281141296,0.1706482952170517
2021-05-20,PTC,PTC,9.119999885559082,9.489999771118164,9.100000381469728,9.31999969482422,2147000,9.149999618530272,0.17000007629394887,56.58054436654067,-0.010477069800252536,-0.03895581842715157,0.02847874862689903,2.6431693076513456,9.079999876022338,9.165999965667725,9.281885579019399,9.079999876022338,8.878114173025278,689425.0,603762500.0,1.8579244085395414,0.7567534575591408,3.5555521647135615,0.16500554078704674
2021-05-21,PTC,PTC,9.369999885559082,9.550000190734863,9.260000228881836,9.399999618530272,3647500,9.31999969482422,0.07999992370605113,59.224630484914634,0.010510167392771663,-0.029062621263166923,0.039572788655938586,2.2850930112688004,9.096499872207641,9.191199951171875,9.343781752788994,9.096499872207641,8.849217991626288,826975.0,607410000.0,0.8583683082144131,2.7322405510674383,4.444440205891907,0.1610245940888217
2021-05-24,PTC,PTC,9.449999809265137,9.5,9.199999809265137,9.229999542236328,2099500,9.399999618530272,-0.17000007629394354,51.98065171379039,0.013272125860806838,-0.020595671838372173,0.03386779769917901,2.555550469292535,9.103999853134155,9.211599941253661,9.358177362397411,9.103999853134155,8.8498223438709,845400.0,605310500.0,-1.808511523328378,-0.9656669048806212,-0.21622116501266891,0.17590249321968054
2021-05-25,PTC,PTC,9.229999542236328,9.31999969482422,9.18000030517578,9.199999809265137,1343000,9.229999542236328,-0.029999732971191406,50.79981487102756,0.012891663046199042,-0.013898204861457932,0.026789867907656972,2.222220102945964,9.10849986076355,9.22499994277954,9.366285766255459,9.10849986076355,8.85071395527164,852800.0,603967500.0,-0.3250242086569248,-2.1276576317181353,-0.5405426025390625,0.1762416811493107
2021-05-26,PTC,PTC,9.300000190734863,10.199999809265137,9.279999732971191,10.06999969482422,23714000,9.199999809265137,0.8699998855590838,71.21905878486947,0.08184836637797233,0.005251109386428119,0.07659725699154421,11.888885498046895,9.15849986076355,9.254199943542481,9.658742778639763,9.15849986076355,8.658256942887338,2011400.0,627681500.0,9.456520691260497,9.100760501060323,10.054646061741856,0.37613122037496405
2021-05-27,PTC,PTC,10.300000190734863,10.81999969482422,10.210000038146973,10.359999656677246,49967000,10.06999969482422,0.28999996185302557,74.95093977477326,0.15807542872159352,0.0358159732534612,0.12225945546813233,15.111107296413845,9.224999856948852,9.293799934387208,9.954426254100149,9.224999856948852,8.495573459797555,4478600.0,677648500.0,2.879840820671323,12.608694255013969,11.158798239345225,0.3829388440058317
2021-05-28,PTC,PTC,10.359999656677246,10.460000038146973,10.130000114440918,10.170000076293944,4178000,10.359999656677246,-0.18999958038330256,68.66861392084162,0.2008393950431806,0.06882065761140509,0.1320187374317755,13.000000847710483,9.28349986076355,9.328999938964843,10.117166978111479,9.28349986076355,8.449832743415621,4628475.0,673470500.0,-1.8339728443991181,0.9930524776591723,8.191494563954722,0.3919933192953889
2021-05-31,PTC,PTC,10.329999923706056,10.449999809265137,10.149999618530272,10.229999542236328,21390500,10.170000076293944,0.05999946594238459,69.53696621221026,0.23684144121027373,0.10242481433117881,0.13441662687909492,13.666661580403646,9.344999837875367,9.363399925231933,10.26736506173472,9.344999837875367,8.422634614016014,5673625.0,694861000.0,0.5899652457451017,-1.2548274010523741,10.834236723674971,0.39127303831828175
2021-06-01,PTC,PTC,10.449999809265137,11.229999542236328,10.390000343322754,11.229999542236328,58938500,10.229999542236328,1.0,79.65679275365974,0.3421212045467694,0.15036409237429693,0.1917571121724725,24.77777269151476,9.45249981880188,9.417799911499024,10.691597337781891,9.45249981880188,8.213402299821867,8609675.0,753799500.0,9.775171502905025,10.422806863229244,22.065214946274445,0.5076868251748093
2021-06-02,PTC,PTC,11.5,11.6899995803833,10.949999809265137,11.0600004196167,36195000,11.229999542236328,-0.1699991226196289,75.08997937421054,0.40714534889434795,0.20172034367830716,0.2054250052160408,19.567572103964316,9.54599986076355,9.448799915313721,10.970099154451358,9.54599986076355,8.121900567075741,10374525.0,717604500.0,-1.5137945641071282,8.11340092395477,9.831189223385174,0.516142780514822
2021-06-03,PTC,PTC,10.949999809265137,11.539999961853027,10.850000381469728,11.210000038146973,20762000,11.0600004196167,0.14999961853027344,76.37691049138664,0.4654161398312553,0.2544595029088968,0.2109566369223585,21.189189601588893,9.656499862670898,9.470999908447265,11.236630105523174,9.656499862670898,8.076369619818623,11336025.0,738366500.0,1.3562351974618814,-0.1780899813409324,8.204637158669042,0.5034995870460918
2021-06-04,PTC,PTC,11.3100004196167,11.979999542236328,11.289999961853027,11.859999656677246,35951000,11.210000038146973,0.6499996185302734,80.96593513884275,0.5576178272021153,0.31509116776754054,0.24252665943457474,29.617487990477876,9.79949984550476,9.505599899291992,11.627659368457735,9.79949984550476,7.971340322551785,13133575.0,774317500.0,5.79839086813883,7.233265883440826,16.617498207523678,0.5274416691341098
2021-06-07,PTC,PTC,11.890000343322754,12.779999732971191,11.600000381469728,12.640000343322754,64767500,11.859999656677246,0.7800006866455078,84.78545821809738,0.6857232743367376,0.38921758908137993,0.2965056852553577,35.62232572112922,9.981499862670898,9.567199897766113,12.16478841782897,9.981499862670898,7.798211307512825,16371950.0,839085000.0,6.576734479130976,12.756470118729474,23.55817115275831,0.554601604108951
2021-06-08,PTC,PTC,12.75,13.140000343322754,12.109999656677246,12.380000114440918,32299500,12.640000343322754,-0.26000022888183594,79.08836140067118,0.7575355206500767,0.4628811753951193,0.2946543452549574,31.702134221752036,10.150499868392945,9.625199909210204,12.528482152656421,10.150499868392945,7.772517584129469,17986925.0,806785500.0,-2.0569637802200256,4.384489652753984,10.240432939283808,0.5679456145838022
2021-06-09,PTC,PTC,12.399999618530272,13.050000190734863,12.100000381469728,12.869999885559082,34111000,12.380000114440918,0.48999977111816406,81.59796389363746,0.8442540939973053,0.5391557591155565,0.30509833488174887,39.43662539381688,10.343999862670898,9.696999912261964,12.946973232361803,10.343999862670898,7.741026492979994,19692475.0,840896500.0,3.9579948835912635,1.8196165821928036,16.365274839701236,0.5699263547728763
2021-06-10,PTC,PTC,13.0,13.34000015258789,12.880000114440918,13.09000015258789,20966500,12.869999885559082,0.2200002670288086,82.6072123222792,0.9201247457674064,0.6153495564459265,0.30477518932147996,42.282613304026505,10.548499870300294,9.777799911499024,13.34252587043274,10.548499870300294,7.754473870167848,20740800.0,861863000.0,1.7094037994177622,5.735056797929896,16.770741374160465,0.5657287001720662
2021-06-11,PTC,PTC,13.399999618530272,14.0,13.270000457763672,13.84000015258789,51553000,13.09000015258789,0.75,85.52231616787572,1.028910871846346,0.6980618195260104,0.33084905232033557,37.43794013917771,10.790499877929687,9.874599914550782,13.84599030495664,10.790499877929687,7.7350094509027345,23318450.0,913416000.0,5.729564486305412,7.53690967874217,16.694777008664524,0.5760158139970465
2021-06-14,PTC,PTC,14.140000343322754,14.170000076293944,13.380000114440918,13.489999771118164,27611000,13.84000015258789,-0.35000038146972656,78.87824872267112,1.0744964288354364,0.7733487413878957,0.3011476874475407,30.2123573182125,11.002499866485596,9.967199916839599,14.193321678044578,11.002499866485596,7.811678054926615,24636025.0,885805000.0,-2.5289044625066803,3.055764811822356,6.724678834715646,0.5996996020129866
2021-06-15,PTC,PTC,13.489999771118164,13.649999618530272,12.800000190734863,12.9399995803833,10290000,13.489999771118164,-0.5500001907348633,69.71294215696895,1.0540919761747016,0.829497388345257,0.22459458782944464,27.23696640422027,11.186999845504761,10.037799911499024,14.377882505818539,11.186999845504761,7.996117185190984,25107525.0,875515000.0,-4.077095626883578,-6.502894236141335,4.523420523148133,0.6339469076259037
2021-06-16,PTC,PTC,13.029999732971191,13.350000381469728,12.510000228881836,13.0,15189500,12.9399995803833,0.06000041961669922,70.12082410256048,1.0308794957270262,0.8697738098216109,0.1611056859054153,27.07722953776532,11.379499864578246,10.113999919891357,14.517038363738065,11.379499864578246,8.241961365418428,25856050.0,890704500.0,0.46368177405243727,-3.632318602163689,1.010101908289727,0.6270795606457741
2021-06-17,PTC,PTC,13.0,13.300000190734863,12.609999656677246,12.6899995803833,9468500,13.0,-0.3100004196166992,65.23277116256918,0.97621578673761,0.8910622052048107,0.08515358153279928,13.00089134158798,11.547999858856201,10.1771999168396,14.580029778323828,11.547999858856201,8.515969939388574,26222125.0,881236000.0,-2.3846186124361477,-1.9319938802702392,-3.055772097340349,0.6447812689133929
2021-06-18,PTC,PTC,12.670000076293944,13.25,12.670000076293944,13.09000015258789,7922000,12.6899995803833,0.40000057220458984,68.30312450316465,0.9541720058335876,0.9036841653305662,0.050487840503021464,18.35442726901401,11.732499885559083,10.249599914550782,14.66151195112007,11.732499885559083,8.803487819998095,26435850.0,889158000.0,3.152092871799038,0.6923088660606971,-5.4190750847626274,0.6462739731214336
2021-06-21,PTC,PTC,13.010000228881836,13.100000381469728,12.619999885559082,12.729999542236328,6889500,13.09000015258789,-0.3600006103515625,62.917717298284856,0.8973094848598411,0.9024092292364212,-0.005099744376580118,13.559317563932973,11.907499885559082,10.31239990234375,14.616967810707935,11.907499885559082,9.198031960410228,26675350.0,882268500.0,-2.750195616158113,0.3152085356634751,-5.6338046091667255,0.6539617162604562
2021-06-22,PTC,PTC,12.729999542236328,12.899999618530272,12.260000228881836,12.390000343322754,6017500,12.729999542236328,-0.3399991989135742,58.246728218986405,0.8154108843561385,0.8850095602603647,-0.06959867590422619,4.468808617099027,12.066999912261963,10.365999908447266,14.462795481079866,12.066999912261963,9.67120434344406,26909075.0,876251000.0,-2.6708500482306006,-5.347592063448119,-4.2503806406171085,0.6687247179157713
2021-06-23,PTC,PTC,12.390000343322754,12.5,12.029999732971191,12.100000381469728,6686500,12.390000343322754,-0.28999996185302557,54.52827450720483,0.7188189823395366,0.851771444676199,-0.13295246233666247,-4.27215148089998,12.168499946594238,10.407599906921387,14.372384410042125,12.168499946594238,9.964615483146352,26057700.0,869564500.0,-2.3405968831091517,-4.9489330983583475,-6.923073988694398,0.6132796852359695
2021-06-24,PTC,PTC,12.239999771118164,12.449999809265137,12.0,12.079999923706056,5684500,12.100000381469728,-0.020000457763671875,54.27094776111083,0.6333544188030498,0.8080880395015693,-0.1747336206985195,-2.4232648462169224,12.25449995994568,10.451399898529052,14.288965924714894,12.25449995994568,10.220033995176465,23843575.0,863880000.0,-0.1652930341580908,-2.5020210736617416,-4.806932047659053,0.6103632494021605
2021-06-25,PTC,PTC,12.010000228881836,12.25,11.800000190734863,11.859999656677246,8899500,12.079999923706056,-0.22000026702881037,51.39768911639361,0.5416274099011922,0.7547959135814939,-0.2131685036803017,-7.847709695903861,12.338999938964845,10.489799900054932,14.135381193998397,12.338999938964845,10.542618683931293,24079650.0,854980500.0,-1.8211942749856898,-1.983477001868743,-9.396489546010232,0.6102891813441994
2021-06-28,PTC,PTC,11.899999618530272,11.989999771118164,11.609999656677246,11.6899995803833,4047500,11.859999656677246,-0.1700000762939453,49.22880091894757,0.4500278679529117,0.6938423044557775,-0.24381443650286583,-10.695191412414232,12.411999940872194,10.532399883270264,13.94719548475434,12.411999940872194,10.876804396990048,23212500.0,850933000.0,-1.433390229469647,-3.2284796836580307,-8.169677920273722,0.6155917490637347
2021-06-29,PTC,PTC,11.699999809265137,12.199999809265137,11.699999809265137,11.989999771118164,6024000,11.6899995803833,0.3000001907348633,52.998144076944506,0.3970649614941859,0.6344868358634592,-0.2374218743692733,-13.367054632031936,12.449999952316286,10.580799884796143,13.897102293569766,12.449999952316286,11.002897611062807,20566775.0,856957000.0,2.5662977031948415,1.096122413188496,-3.2284145368902997,0.5211863132876832
2021-06-30,PTC,PTC,12.149999618530272,12.220000267028809,11.800000190734863,11.84000015258789,2513500,11.989999771118164,-0.14999961853027344,50.96091989501163,0.3390790684999576,0.5754052823907589,-0.23632621389080133,-12.231279811159757,12.488999938964845,10.629999885559082,13.815378523436037,12.488999938964845,11.162621354493654,18882700.0,854443500.0,-1.2510393777620963,1.2831529306151737,-2.1487621544211617,0.5200032072747243
2021-07-01,PTC,PTC,12.0,12.25,11.899999618530272,12.0600004196167,6243000,11.84000015258789,0.2200002670288086,53.767901122649135,0.3073342554782883,0.5217910770082649,-0.21445682152997658,-6.800611972976083,12.531499958038331,10.687799892425538,13.734010972826876,12.531499958038331,11.328988943249787,18156750.0,860686500.0,1.8581103394726117,0.5838252696814441,-0.1655588097323559,0.5215410127178904
2021-07-02,PTC,PTC,12.220000267028809,12.25,11.890000343322754,11.9399995803833,2790000,12.0600004196167,-0.12000083923339844,52.01884534266164,0.2693878620269867,0.4713104340120093,-0.20192257198502256,-8.153849381666916,12.535499954223635,10.74519989013672,13.729105333860456,12.535499954223635,11.341894574586814,16498700.0,857896500.0,-0.9950317998182325,0.8445897509009161,0.6745356325623019,0.48287949839912836
2021-07-05,PTC,PTC,11.949999809265137,12.100000381469728,11.800000190734863,11.859999656677246,1693500,11.9399995803833,-0.07999992370605469,50.831696553107946,0.23020607424640183,0.4230895620588878,-0.192883487812486,-6.540582751390324,12.49649991989136,10.800799884796142,13.726155911838129,12.49649991989136,11.26684392794459,13345000.0,856203000.0,-0.6700161349878918,-1.6583810611990817,1.4542350932092267,0.4176082267305893
2021-07-06,PTC,PTC,11.970000267028809,12.039999961853027,11.600000381469728,11.6899995803833,1486000,11.859999656677246,-0.1700000762939453,48.30871454042023,0.18332340167410344,0.37513632998193097,-0.19181292830782753,-10.695191412414232,12.461999893188478,10.852399883270264,13.743062066307,12.461999893188478,11.180937720069958,11804325.0,854717000.0,-1.433390229469647,-2.093802418642752,-2.502086709438576,0.41467603636402794
2021-07-07,PTC,PTC,11.75,11.770000457763672,11.470000267028809,11.550000190734863,1661500,11.6899995803833,-0.1399993896484375,46.27186808358895,0.13333476499537156,0.3267760169846191,-0.19344125198924755,-9.269437501442123,12.395999908447267,10.901999893188476,13.72371903599854,12.395999908447267,11.068280780895995,10181850.0,853055500.0,-1.1975996122648884,-2.613823565904164,-2.4493239705714154,0.38450144692278243
2021-07-08,PTC,PTC,11.550000190734863,12.3100004196167,11.399999618530272,12.079999923706056,7208500,11.550000190734863,0.5299997329711932,54.15283475003154,0.13492957518500148,0.28840672862469563,-0.15347715343969415,-2.5020210736617416,12.345499897003176,10.962999897003174,13.638452089409807,12.345499897003176,11.052547704596545,9493950.0,860264000.0,4.588742201029109,3.3361878299568595,0.16583336147174765,0.4186337559478754
2021-07-09,PTC,PTC,12.199999809265137,12.239999771118164,11.800000190734863,11.859999656677246,2310000,12.079999923706056,-0.22000026702881037,50.820497825956636,0.11709153252004967,0.25414368940376647,-0.1370521568837168,-1.983477001868743,12.246499872207643,11.020199890136718,13.346438137222329,12.246499872207643,11.146561607192957,7031800.0,857954000.0,-1.8211942749856898,2.6839780157844246,-0.6700161349878918,0.3534977196676702
2021-07-12,PTC,PTC,11.8100004196167,11.890000343322754,11.399999618530272,11.5,1390500,11.859999656677246,-0.3599996566772461,45.84865003545849,0.07306356029810068,0.21792766358263332,-0.14486410328453264,-4.801323902062713,12.146999883651734,11.070199890136719,13.126776441817148,12.146999883651734,11.16722332548632,5720775.0,856563500.0,-3.035410346530358,-4.801323902062713,-3.035410346530358,0.3573232762554655
2021-07-13,PTC,PTC,11.6899995803833,11.81999969482422,11.550000190734863,11.609999656677246,1769000,11.5,0.1099996566772461,47.53754049737459,0.04651097848822339,0.18364432656375135,-0.13713334807552796,-2.1079258620319488,12.080499887466432,11.120799884796142,13.013056726831488,12.080499887466432,11.147943048101377,5294725.0,858332500.0,0.9565187537151835,-2.1079258620319488,-0.6843449664472236,0.3397932989981503
2021-07-14,PTC,PTC,11.670000076293944,12.100000381469728,11.609999656677246,11.75,4100500,11.609999656677246,0.1400003433227539,49.68826101480054,0.03634575256619854,0.15418461176424078,-0.11783885919804224,0.5132628038531707,12.017999887466432,11.171999893188477,12.853592390423042,12.017999887466432,11.182407384509823,4740275.0,862433000.0,1.2058600125990158,2.1739130434782608,1.731600051622266,0.34364020638085596
2021-07-15,PTC,PTC,11.760000228881836,11.890000343322754,11.630000114440918,11.84000015258789,3656500,11.75,0.09000015258789062,51.07677182619857,0.03514684696402881,0.1303770588041984,-0.09523021184016958,-1.2510393777620963,11.97549991607666,11.228799896240234,12.75152159431577,11.97549991607666,11.199478237837551,4449675.0,866089500.0,0.7659587454288564,1.9810551482520038,-1.9867530847180306,0.338667461054478
2021-07-16,PTC,PTC,11.850000381469728,12.25,11.84000015258789,12.15999984741211,5207500,11.84000015258789,0.31999969482421875,55.752601477918176,0.05933404077207882,0.11616845519777448,-0.05683441442569566,2.7027000903735274,11.928999900817873,11.291999893188477,12.51104352973219,11.928999900817873,11.346956271903556,4313950.0,871297000.0,2.7027000903735274,3.4893604035073142,2.5295126426581427,0.33287484171884735
2021-07-19,PTC,PTC,12.239999771118164,12.239999771118164,12.0,12.119999885559082,2814500,12.15999984741211,-0.039999961853027344,55.04440871880707,0.074417069838292,0.10781817812587799,-0.033401108287585995,0.4975079921621575,11.89849991798401,11.354399890899659,12.353982501363582,11.89849991798401,11.443017334604438,4110200.0,868482500.0,-0.3289470588401375,2.3648625790768367,5.39130335268767,0.32055843259641265
2021-07-20,PTC,PTC,12.119999885559082,12.119999885559082,12.119999885559082,12.119999885559082,0,12.119999885559082,0.0,55.04440871880707,0.08538620007719722,0.10333178251614185,-0.017945582438944632,1.5075402973339371,11.884999895095827,11.41679988861084,12.292637602674008,11.884999895095827,11.477362187517647,3809325.0,868482500.0,0.0,-0.3289470588401375,4.392766959200727,0.3072857503838467
2021-07-21,PTC,PTC,12.119999885559082,12.119999885559082,12.119999885559082,12.119999885559082,0,12.119999885559082,0.0,55.04440871880707,0.09300718587603107,0.1012668631881197,-0.008259677312088626,2.192244826376992,11.885999870300292,11.479199886322021,12.29594984553003,11.885999870300292,11.476049895070554,3475000.0,868482500.0,0.0,0.0,3.1489351962475065,0.29558267893909745
2021-07-22,PTC,PTC,12.119999885559082,12.119999885559082,12.119999885559082,12.119999885559082,0,12.119999885559082,0.0,55.04440871880707,0.09791813274547323,0.10059711709959042,-0.0026789843541171893,3.6783603131804563,11.887999868392944,11.541599884033204,12.302302110463902,11.887999868392944,11.473697626321986,3190775.0,868482500.0,0.0,0.0,2.3648625790768367,0.29550007061742534
2021-07-23,PTC,PTC,12.119999885559082,12.119999885559082,12.119999885559082,12.119999885559082,0,12.119999885559082,0.0,55.04440871880707,0.10064986453497404,0.10060766658666714,4.219794830689905e-05,4.9350622113535465,11.900999879837036,11.603999881744384,12.327732914127957,11.900999879837036,11.474266845546115,2745800.0,868482500.0,0.0,0.0,-0.3289470588401375,0.28730226612169274
2021-07-26,PTC,PTC,11.880000114440918,12.0,11.75,11.779999732971191,1388500,12.119999885559082,-0.3400001525878906,47.59991046127529,0.07452058394099303,0.09539025005753234,-0.0208696661165393,-2.4834453032250283,11.90549988746643,11.65459987640381,12.324695872264295,11.90549988746643,11.486303902668565,2612850.0,867094000.0,-2.805281813517169,-2.805281813517169,-2.805281813517169,0.30096714511557177
2021-07-27,PTC,PTC,11.710000038146973,11.899999618530272,11.710000038146973,11.789999961853027,2207000,11.779999732971191,0.010000228881835938,47.82342885542349,0.05399742698823573,0.08711168544367302,-0.03311425845543729,-0.5902166682172586,11.895499897003173,11.70539987564087,12.315749210532738,11.895499897003173,11.475250583473608,2422000.0,869301000.0,0.08489158835756311,-2.7227716734490066,-2.7227716734490066,0.2860272322061798
2021-07-28,PTC,PTC,11.920000076293944,11.920000076293944,11.5,11.609999656677246,2439500,11.789999961853027,-0.18000030517578125,44.171118918103936,0.022943676518481837,0.0742780836586348,-0.05133440714015296,0.9565187537151835,11.883999872207642,11.754599876403809,12.32282131063703,11.883999872207642,11.445178433778255,2418300.0,866861500.0,-1.5267201506206851,-1.4431246192487588,-4.207922720275754,0.2877010891924088
2021-07-29,PTC,PTC,11.5,12.100000381469728,11.270000457763672,11.779999732971191,8647000,11.609999656677246,0.1700000762939453,48.19512047598176,0.011913608287640542,0.06180518858443594,-0.0498915802967954,1.464255653066909,11.869999837875366,11.803799877166748,12.303006469030786,11.869999837875366,11.436993206719945,2538500.0,875508500.0,1.464255653066909,-0.08481958366575099,-2.805281813517169,0.28449933603835625
2021-07-30,PTC,PTC,11.800000190734863,12.140000343322754,11.600000381469728,11.649999618530272,3894000,11.779999732971191,-0.13000011444091975,45.49465344681396,-0.007234330176684622,0.04799728483221183,-0.05523161500889645,-0.8510670763381136,11.855499839782714,11.848799877166748,12.297955941948713,11.855499839782714,11.413043737616716,2593700.0,871614500.0,-1.103566361525975,0.3445302587069452,-3.877890028603163,0.2849767593566715
2021-08-02,PTC,PTC,11.5600004196167,11.850000381469728,11.5600004196167,11.770000457763672,957000,11.649999618530272,0.12000083923340021,48.37045766475179,-0.012581117237786543,0.03588160441821216,-0.0484627216559987,-0.5912136310988035,11.850999879837037,11.899599895477294,12.29509092415754,11.850999879837037,11.406908835516534,2556875.0,872571500.0,1.0300501559032595,-0.0848834926501096,-0.0848834926501096,0.28691010447551263
2021-08-03,PTC,PTC,11.989999771118164,12.289999961853027,11.800000190734863,12.130000114440918,7064000,11.770000457763672,0.3599996566772461,55.88953177613285,0.012091100466232518,0.03112350362781623,-0.01903240316158371,-0.24670833345097407,11.872999906539917,11.95819990158081,12.326992736370437,11.872999906539917,11.419007076709397,2835775.0,879635500.0,3.0586205834833664,4.1201760654752855,2.883801133909868,0.3015494713610133
2021-08-04,PTC,PTC,12.149999618530272,12.25,11.979999542236328,12.050000190734863,3013500,12.130000114440918,-0.07999992370605469,54.007226185229165,0.02490163494763209,0.029879129891779405,-0.004977494944147315,-0.5775552432770484,11.897999906539917,11.997799911499023,12.331715884304213,11.897999906539917,11.464283928775622,2903375.0,876622000.0,-0.659521211469848,2.3789271204870626,3.789841060025873,0.29882986413914797
2021-08-05,PTC,PTC,12.140000343322754,13.050000190734863,12.100000381469728,12.630000114440918,62138500,12.050000190734863,0.5799999237060547,63.58322687087415,0.08092239935322532,0.04008778378406859,0.040834615569156726,4.207922720275754,11.92549991607666,12.043199920654297,12.464718775485714,11.92549991607666,11.386281056667606,5649875.0,938760500.0,4.8132772989664465,4.122011502743052,7.215623096243793,0.30324841916834644
2021-08-06,PTC,PTC,12.630000114440918,12.6899995803833,12.149999618530272,12.25,5691000,12.630000114440918,-0.38000011444091797,55.4389907609542,0.09357771960900862,0.0507857709490566,0.04279194865995203,1.072608215085979,11.944999933242798,12.084799919128418,12.50215448124762,11.944999933242798,11.387845385237975,5818925.0,933069500.0,-3.008710300852908,1.6597494282109204,5.150218035332627,0.31659048167973614
2021-08-09,PTC,PTC,12.3100004196167,12.510000228881836,12.020000457763672,12.15999984741211,3671000,12.25,-0.09000015258789062,53.685087411848485,0.0952469444507269,0.059678005649390665,0.035568938801336235,0.3300326916726055,11.977999925613403,12.123399925231933,12.501333508833655,11.977999925613403,11.454666342393152,5932950.0,929398500.0,-0.7346951231664541,-3.7213005761687894,3.313503606460677,0.2954172074000864
2021-08-10,PTC,PTC,12.229999542236328,12.449999809265137,11.9399995803833,12.199999809265137,2786500,12.15999984741211,0.039999961853027344,54.37593983918792,0.0986601865748149,0.06747444183447551,0.03118574474033939,0.660065383345211,12.007499933242798,12.14279993057251,12.509574666241743,12.007499933242798,11.505425200243852,5983825.0,932185000.0,0.3289470588401375,-0.40816482232541457,0.5770790945078659,0.29439353645250504
2021-08-11,PTC,PTC,12.229999542236328,12.449999809265137,11.960000038146973,12.020000457763672,9799000,12.199999809265137,-0.17999935150146484,50.7102458937026,0.08585112388474059,0.07114977824452853,0.014701345640212055,2.037357642044247,12.020999956130982,12.16199993133545,12.508222041736703,12.020999956130982,11.533777870525261,6268750.0,922386000.0,-1.4754045435702925,-1.1513107845822232,-0.24896043565424947,0.2983782173168845
2021-08-12,PTC,PTC,11.949999809265137,12.0,11.609999656677246,11.68000030517578,2426000,12.020000457763672,-0.3400001525878924,44.59482014620885,0.04771465377713291,0.06646275335104941,-0.018748099573916502,-0.9329911538011514,12.012999963760375,12.171399936676025,12.51767709845454,12.012999963760375,11.508322829066211,6207225.0,919960000.0,-2.828620130112288,-4.26229108376256,-7.521771976699554,0.31503790614822746
2021-08-13,PTC,PTC,11.609999656677246,11.84000015258789,11.520000457763672,11.720000267028809,1762500,11.68000030517578,0.03999996185302912,45.42861858412148,0.02048277639019247,0.05726675795887803,-0.03678398156868556,0.947464372131122,11.990999984741212,12.168599948883056,12.506931472195866,11.990999984741212,11.475068497286557,6034975.0,921722500.0,0.34246541787592133,-2.4958417579850782,-4.32652843241789,0.29839119987403
2021-08-16,PTC,PTC,11.739999771118164,11.75,11.329999923706056,11.479999542236328,2004500,11.720000267028809,-0.24000072479248047,41.40259824964238,-0.020231518997725573,0.041767102567557314,-0.06199862156528289,-2.5466909807747187,11.958999967575073,12.145399932861329,12.518770715697734,11.958999967575073,11.399229219452412,5994475.0,919718000.0,-2.0477877075451993,-1.7123352543991344,-5.592107842998853,0.30577150954364124
2021-08-17,PTC,PTC,11.649999618530272,11.800000190734863,11.510000228881836,11.56999969482422,1322000,11.479999542236328,0.0900001525878924,43.42733446554285,-0.04472012550263926,0.024469656953518,-0.06918978245615726,-0.6866946465715308,11.93149995803833,12.129199924468994,12.511637121089045,11.93149995803833,11.351362794987615,6060575.0,921040000.0,0.7839734858592179,-1.27986833435982,-5.1639354450027986,0.307892153536034
2021-08-18,PTC,PTC,11.56999969482422,11.56999969482422,11.56999969482422,11.56999969482422,0,11.56999969482422,0.0,43.42733446554285,-0.06339672461044721,0.00689638064072496,-0.07029310525117216,-1.6992417600759548,11.903999948501587,12.103199920654298,12.498480007024671,11.903999948501587,11.309519889978503,6060575.0,921040000.0,0.0,0.7839734858592179,-3.7437666040087176,0.307892153536034
2021-08-19,PTC,PTC,11.56999969482422,11.56999969482422,11.56999969482422,11.56999969482422,0,11.56999969482422,0.0,43.42733446554285,-0.07730691793297062,-0.009944279074014156,-0.06736263885895646,-4.616656342401925,11.876499938964844,12.072799911499024,12.479729187709495,11.876499938964844,11.273270690220194,6060575.0,921040000.0,0.0,0.0,-0.9417860229234256,0.307892153536034
2021-08-20,PTC,PTC,11.460000038146973,11.789999961853027,11.460000038146973,11.720000267028809,1621500,11.56999969482422,0.15000057220458807,47.22341238385396,-0.07535836941511675,-0.02302709714223468,-0.052331272272882076,-2.738588535125407,11.85649995803833,12.030399913787841,12.452213804860317,11.85649995803833,11.260786111216344,6141650.0,922661500.0,1.2964613324206917,1.2964613324206917,0.0,0.3124932200072593
2021-08-23,PTC,PTC,11.710000038146973,11.8100004196167,11.550000190734863,11.609999656677246,938000,11.720000267028809,-0.1100006103515625,44.84686006110019,-0.08174792146575527,-0.0347712620069388,-0.04697665945881647,-8.076013052426037,11.847999954223633,11.992799911499024,12.453087386356104,11.847999954223633,11.242912522091162,6119125.0,921723500.0,-0.9385717392944162,0.34572137344929527,1.132405223211304,0.2981465163039114
2021-08-24,PTC,PTC,11.550000190734863,11.850000381469728,11.5,11.550000190734863,1050000,11.609999656677246,-0.05999946594238281,43.559183709552975,-0.09060866270350232,-0.04593874214625151,-0.04466992055725081,-5.714284157266422,11.835999965667725,11.964999923706054,12.455283281140614,11.835999965667725,11.216716650194835,6061275.0,920673500.0,-0.516791280935787,-1.4505125633162022,-0.17285656540080913,0.2985340382175711
2021-08-25,PTC,PTC,11.529999732971191,11.6899995803833,11.40999984741211,11.449999809265137,5191500,11.550000190734863,-0.10000038146972656,41.42432529647559,-0.10449549994201668,-0.05765009370540455,-0.04684540623661213,-5.838816176449828,11.82799997329712,11.933999919891358,12.463497482742756,11.82799997329712,11.192502463851483,6198875.0,915482000.0,-0.865804154271309,-1.378121034827842,-1.0371641203479471,0.2952072744933215
2021-08-26,PTC,PTC,11.470000267028809,11.510000228881836,11.260000228881836,11.300000190734863,565500,11.449999809265137,-0.14999961853027344,38.385344416554844,-0.12615045025446925,-0.07135016501521749,-0.05480028523925176,-7.377046168859609,11.803999996185302,11.906199932098389,12.481966137354643,11.803999996185302,11.126033855015962,5794800.0,914916500.0,-1.3100403583316778,-2.1645021287579205,-2.3336172101209316,0.2927096028606618
2021-08-27,PTC,PTC,11.239999771118164,11.479999542236328,10.81999969482422,10.890000343322754,2143000,11.300000190734863,-0.4099998474121094,31.568224875112776,-0.17438550798223673,-0.09195723360862135,-0.08242827437361538,-9.400998930171049,11.766000032424927,11.862199935913086,12.5562138908757,11.766000032424927,10.975786173974154,5707250.0,912773500.0,-3.628317172492421,-4.890825111536169,-7.081910450471959,0.3159383177110455
2021-08-30,PTC,PTC,11.0,11.199999809265137,10.960000038146973,11.0600004196167,1747500,10.890000343322754,0.1700000762939453,36.596283019232175,-0.19662794874285083,-0.11289137663546725,-0.08373657210738358,-5.3082180595863395,11.730500030517579,11.828799953460694,12.581418379261782,11.730500030517579,10.879581681773375,5746775.0,914521000.0,1.5610658488012035,-2.123891743957186,-4.73728900365838,0.319485827637562
2021-08-31,PTC,PTC,11.229999542236328,11.279999732971191,11.0,11.050000190734863,1541000,11.0600004196167,-0.010000228881835938,36.4267289695639,-0.21261132715564202,-0.13283536673950222,-0.0797759604161398,-5.716724070210283,11.676500034332275,11.801999950408936,12.557223946531742,11.676500034332275,10.795776122132807,5470625.0,912980000.0,-0.09041797922628389,1.4692363853800416,-4.329004257515841,0.2942478267731935
2021-09-01,PTC,PTC,11.09000015258789,11.399999618530272,11.050000190734863,11.34000015258789,2387500,11.050000190734863,0.28999996185302734,44.46254277372257,-0.19957709588216765,-0.1461837125680353,-0.05339338331413235,-1.2195069270984076,11.641000032424927,11.786799945831298,12.515550045570633,11.641000032424927,10.76645001927922,5439325.0,915367500.0,2.624433998618251,2.5316430592042893,-0.9606957075076658,0.3135849902107796
2021-09-02,PTC,PTC,11.34000015258789,11.5,11.020000457763672,11.100000381469728,1957500,11.34000015258789,-0.2399997711181623,39.960740603447526,-0.20623598935103793,-0.15819416792463584,-0.04804182142640209,-4.062224077367469,11.564500045776366,11.767199954986573,12.336441371206014,11.564500045776366,10.792558720346719,2430275.0,913410000.0,-2.1164000695660676,0.45249040607971125,-1.769909786630973,0.2552065459195352
2021-09-03,PTC,PTC,11.050000190734863,11.25,10.93000030517578,11.0,1820500,11.100000381469728,-0.10000038146972834,38.224119352302274,-0.2170800418515757,-0.16997134271002382,-0.047108699141551885,-4.926531632314623,11.502000045776366,11.749999961853028,12.242002721659833,11.502000045776366,10.7619973698929,2236750.0,911589500.0,-0.9009043066040643,-2.99823763679844,1.01009782561387,0.23965644869503178
2021-09-06,PTC,PTC,11.0600004196167,11.369999885559082,10.949999809265137,11.220000267028809,2487500,11.0,0.2200002670288086,43.99093586490235,-0.20555236889839712,-0.1770875479476985,-0.028464820950698633,-3.0250599570195527,11.455000066757203,11.740599975585937,12.136098094665812,11.455000066757203,10.773902038848593,2177575.0,914077000.0,2.0000024275346235,1.0810800129287141,1.4466531766881652,0.25562277817155155
2021-09-07,PTC,PTC,11.3100004196167,11.9399995803833,11.3100004196167,11.4399995803833,12704000,11.220000267028809,0.2199993133544922,49.10723614640054,-0.17662843638659353,-0.17699572563547752,0.0003672892488839896,-2.3890843026106183,11.41700005531311,11.72959997177124,12.000964612287206,11.41700005531311,10.833035498339015,2673450.0,926781000.0,1.9607781472250416,3.9999961853027344,3.5294061802409904,0.26796703816926265
2021-09-08,PTC,PTC,11.4399995803833,12.25,11.220000267028809,11.359999656677246,22695500,11.4399995803833,-0.07999992370605469,47.41121325495719,-0.15833613632242383,-0.1732638077728668,0.014927671450442964,-2.15331617048083,11.384000015258788,11.719999961853027,11.894454688802336,11.384000015258788,10.873545341715241,3318275.0,904085500.0,-0.6993000580457562,1.2477663664575922,0.17636246755068516,0.26487899044518964
2021-09-09,PTC,PTC,11.449999809265137,11.449999809265137,11.0,11.029999732971191,6007500,11.359999656677246,-0.3299999237060547,41.10473351522857,-0.16852494202280255,-0.17231603462285394,0.0037910926000513934,-4.502168391138244,11.351499986648559,11.699399948120117,11.865361296283156,11.351499986648559,10.837638677013961,3497350.0,898078000.0,-2.9049289936561347,-3.5839148815630653,-0.6306364512869349,0.26586913348707714
2021-09-10,PTC,PTC,11.09000015258789,11.289999961853027,10.970000267028809,11.029999732971191,5343000,11.029999732971191,0.0,41.10473351522857,-0.17458711239178548,-0.17277025017664027,-0.0018168622151452096,-3.668122998168862,11.31699995994568,11.681199951171875,11.819209558868044,11.31699995994568,10.814790361023315,3676375.0,898078000.0,0.0,-2.9049289936561347,0.2727248451926491,0.26509528954712047
2021-09-13,PTC,PTC,11.140000343322754,11.140000343322754,10.710000038146973,10.770000457763672,1751000,11.029999732971191,-0.25999927520751953,36.65012941145703,-0.19808776227131375,-0.177833752595575,-0.02025400967573876,-4.690263044471014,11.281500005722046,11.659399967193604,11.83313936970414,11.281500005722046,10.729860641739952,3663700.0,896327000.0,-2.3572011015587084,-2.3572011015587084,-4.0106933917596255,0.2680282968083918
2021-09-14,PTC,PTC,10.880000114440918,10.880000114440918,10.329999923706056,10.529999732971191,4418000,10.770000457763672,-0.24000072479248047,33.08575420414479,-0.23338789891511524,-0.18894458185948307,-0.044443317055632175,-3.30579062444473,11.229500007629394,11.636199970245361,11.857427934401924,11.229500007629394,10.601572080856863,3818500.0,891909000.0,-2.2284188912867995,-4.533091678192753,-7.954544412506172,0.2730760522663969
2021-09-15,PTC,PTC,10.550000190734863,10.869999885559082,10.40999984741211,10.649999618530272,3557500,10.529999732971191,0.11999988555908025,36.41550761324361,-0.24881236952973218,-0.2009181393935329,-0.047894230136199284,-3.7070595436798066,11.183500003814697,11.61819995880127,11.840519540937692,11.183500003814697,10.526480466691702,3996375.0,895466500.0,1.139600081691745,-1.114213873100593,-6.250000524688806,0.2785399155842706
2021-09-16,PTC,PTC,10.699999809265137,10.789999961853027,10.34000015258789,10.369999885559082,4970500,10.649999618530272,-0.27999973297118963,32.36813962484493,-0.280397761165327,-0.21681406374789172,-0.06358369741743528,-6.1538488093958925,11.12350001335144,11.58399995803833,11.847648173083508,11.12350001335144,10.399351853619374,4244900.0,890496000.0,-2.629105568079169,-1.519466775589016,-5.98367963182464,0.2889862202780023
2021-09-17,PTC,PTC,10.479999542236328,10.640000343322754,10.350000381469728,10.380000114440918,1983000,10.369999885559082,0.010000228881835938,32.65602663355908,-0.30115099548565816,-0.233681450095445,-0.06746954539021316,-8.465608688090644,11.056500005722047,11.554399967193604,11.796066688741213,11.056500005722047,10.31693332270288,4262975.0,892479000.0,0.09643422364702167,-2.5352067019755853,-5.893015723176093,0.28198024221777523
2021-09-20,PTC,PTC,10.399999618530272,10.5,10.199999809265137,10.359999656677246,1327000,10.380000114440918,-0.020000457763671875,32.35934874135367,-0.31557420994016283,-0.25006000206438855,-0.06551420787577428,-6.6666729672175045,10.994000005722047,11.53159996032715,11.747752798662859,10.994000005722047,10.240247212781235,4282425.0,891152000.0,-0.19268263529059823,-0.09643422364702167,-3.8068782141125377,0.2820010106291687
2021-09-21,PTC,PTC,10.359999656677246,10.4399995803833,10.0,10.050000190734863,3030500,10.359999656677246,-0.3099994659423828,28.098375996977097,-0.3480074640188384,-0.2696494944552785,-0.07835796956355989,-8.636361902410334,10.919000005722046,11.500399971008301,11.735691661905106,10.919000005722046,10.102308349538985,4381450.0,888121500.0,-2.992272936443404,-3.1791899813849755,-4.558400326767049,0.29497246177354874
2021-09-22,PTC,PTC,10.100000381469728,10.109999656677246,9.699999809265137,9.979999542236328,4189500,10.050000190734863,-0.07000064849853516,27.22655470115116,-0.3750363334590645,-0.2907268622560357,-0.08430947120302879,-11.051699601437242,10.845499992370605,11.464999961853028,11.723283808326958,10.845499992370605,9.967716176414253,4331350.0,883932000.0,-0.6965238524380233,-3.6679548941490516,-6.291080753920303,0.2948896960717765
2021-09-23,PTC,PTC,10.149999618530272,10.239999771118164,9.770000457763672,9.979999542236328,2767000,9.979999542236328,0.0,27.22655470115116,-0.3919388797901924,-0.3109692657628671,-0.08096961402732528,-12.762238563806442,10.779499959945678,11.427799949645996,11.710294362497482,10.779499959945678,9.848705557393874,4441425.0,883932000.0,0.0,-0.6965238524380233,-3.7608519539701777,0.29477441631896645
2021-09-24,PTC,PTC,9.90999984741211,10.18000030517578,9.609999656677246,9.720000267028809,3085000,9.979999542236328,-0.25999927520751953,24.016610983305725,-0.421455758501617,-0.3330665643106171,-0.08838919419099989,-14.436614781801241,10.720999956130981,11.37899995803833,11.762979933693078,10.720999956130981,9.679019978568885,4488525.0,880847000.0,-2.6052032778877123,-2.6052032778877123,-6.358379962769951,0.2828419028142737
2021-09-27,PTC,PTC,9.789999961853027,9.899999618530272,9.359999656677246,9.550000190734863,2896500,9.720000267028809,-0.1700000762939453,22.175657179020135,-0.4533398631963905,-0.3571212240877718,-0.09621863910861872,-13.417947217281167,10.64549994468689,11.327599964141847,11.797111620972235,10.64549994468689,9.493888268401545,4545975.0,877950500.0,-1.7489719302848397,-4.3086109341154355,-7.8185279226367586,0.2743266296852024
2021-09-28,PTC,PTC,9.510000228881836,9.9399995803833,9.449999809265137,9.869999885559082,2788500,9.550000190734863,0.31999969482421875,32.64221956434453,-0.4476269796727408,-0.37522237520476565,-0.07240460446797514,-10.516771310017393,10.5864999294281,11.282599964141845,11.771285475929028,10.5864999294281,9.401714382927173,4608350.0,880739000.0,3.3507820778336037,1.543205909562439,-1.7910477787027732,0.3096706691188174
2021-09-29,PTC,PTC,9.979999542236328,9.989999771118164,9.369999885559082,9.529999732971191,1108000,9.869999885559082,-0.3400001525878906,28.2889143563318,-0.4651724309113927,-0.39321238634609107,-0.07196004456530164,-11.51346956441968,10.495999908447265,11.230799961090089,11.714478663292972,10.495999908447265,9.277521153601558,4544375.0,879631000.0,-3.444783754104689,-0.2094288729237487,-4.509016331721197,0.30213017966518463
2021-09-30,PTC,PTC,9.59000015258789,9.59000015258789,9.130000114440918,9.359999656677246,5353000,9.529999732971191,-0.1700000762939453,26.393553171458322,-0.487179016390634,-0.41200571235499966,-0.07517330403563433,-11.111112117415153,10.408999872207641,11.175599956512452,11.692627924216591,10.408999872207641,9.12537182019869,4714150.0,874278000.0,-1.78384135422157,-5.167175631157033,-6.212423987948919,0.3005053585642496
2021-10-01,PTC,PTC,9.350000381469728,9.380000114440918,9.199999809265137,9.3100004196167,1674500,9.359999656677246,-0.049999237060546875,25.845083539270576,-0.502857288695262,-0.4301760276230522,-0.07268126107220985,-12.582152553151884,10.324499893188477,11.119399967193603,11.6655358911515,10.324499893188477,8.983463895225455,4706850.0,872603500.0,-0.5341799027191029,-2.308492334930029,-4.218105310170298,0.30067545063179807
2021-10-04,PTC,PTC,9.399999618530272,9.449999809265137,9.170000076293944,9.369999885559082,1228000,9.3100004196167,0.05999946594238281,27.784425036287573,-0.5046239857966999,-0.44506561925778176,-0.059558366538918106,-9.643201649332386,10.23199987411499,11.071199970245361,11.568162299369899,10.23199987411499,8.895837448860082,4643875.0,873831500.0,0.644462548207415,0.10684005607523675,-1.8848199118405504,0.2874097238800788
2021-10-05,PTC,PTC,9.460000038146973,9.489999771118164,9.25,9.31999969482422,756000,9.369999885559082,-0.050000190734861505,27.147263775698832,-0.5042460687034946,-0.45690170914692435,-0.04734435955657029,-10.211949980058268,10.125999879837035,11.021799964904785,11.393245437198036,10.125999879837035,8.858754322476035,4046475.0,873075500.0,-0.5336199716706627,0.10740359566957987,-5.57244373973675,0.26765477136698523
2021-10-06,PTC,PTC,9.350000381469728,9.380000114440918,9.220000267028809,9.3100004196167,458000,9.31999969482422,-0.009999275207521308,27.013845322449797,-0.49900124884698727,-0.4653216170869369,-0.033679631760050344,-10.135128106725364,10.023499917984008,10.975799980163574,11.198776236117336,10.023499917984008,8.84822359985068,2934600.0,872617500.0,-0.10728836410879194,-0.6403358236412914,-2.308492334930029,0.2693738994336226
2021-10-07,PTC,PTC,9.31999969482422,9.390000343322754,9.220000267028809,9.289999961853027,1008500,9.3100004196167,-0.020000457763671875,26.730863251548783,-0.4908009136944358,-0.47041747640843673,-0.020383437285999062,-7.56219118863782,9.9364999294281,10.92599998474121,11.054265921483987,9.9364999294281,8.818733937372214,2684650.0,871609000.0,-0.21482767843414674,-0.32188555744109376,-0.7478600148695763,0.26061214446270553
2021-10-08,PTC,PTC,9.25,9.399999618530272,9.199999809265137,9.300000190734863,310000,9.289999961853027,0.010000228881835938,27.141828846195224,-0.47798523782429037,-0.4719310286916075,-0.006054209132682842,-6.813621069055579,9.849999952316285,10.878999996185303,10.875403496799612,9.849999952316285,8.824596407832958,2433000.0,871919000.0,0.10764509066630013,-0.10741383921707337,-0.10741383921707337,0.2611009065405675
2021-10-11,PTC,PTC,9.380000114440918,9.380000114440918,9.050000190734863,9.229999542236328,836500,9.300000190734863,-0.07000064849853516,26.040759082753524,-0.468081438229909,-0.47116111059926785,0.0030796723693588546,-7.515030404820432,9.772999906539917,10.828199977874755,10.736963050126652,9.772999906539917,8.809036762953182,2387275.0,871082500.0,-0.7526951297084208,-0.645860278396936,-1.494133885087027,0.2548433330103028
2021-10-12,PTC,PTC,9.109999656677246,9.300000190734863,8.960000038146973,9.170000076293944,5581500,9.229999542236328,-0.05999946594238459,25.100832652287934,-0.45977407186242125,-0.46888370285189857,0.009109630989477313,-5.658438020835447,9.704999923706055,10.768999977111816,10.635409972546576,9.704999923706055,8.774589874865534,2445450.0,865501000.0,-0.6500484173138689,-1.3978506642444215,-1.6094380197627898,0.2488382560316683
2021-10-13,PTC,PTC,9.18000030517578,9.289999961853027,9.0,9.149999618530272,2398000,9.170000076293944,-0.020000457763671875,24.779751798765332,-0.4496213390387016,-0.4650312300892592,0.015409891050557567,-4.1884875834103195,9.629999923706055,10.710999965667725,10.477833012505295,9.629999923706055,8.782166834906816,2387475.0,863103000.0,-0.21810749833444998,-0.8667381113073528,-1.7185906968306555,0.24020691054177562
2021-10-14,PTC,PTC,9.0,9.239999771118164,8.960000038146973,9.210000038146973,1242500,9.149999618530272,0.060000419616700995,27.764950807037096,-0.43175667057162137,-0.45837631818573166,0.026619647614110287,-6.686928622742572,9.57199993133545,10.642599964141846,10.363523375643744,9.57199993133545,8.780476487027155,2201075.0,864345500.0,0.6557423182312507,0.43620459673098616,-0.8611401941286716,0.23426482962817222
2021-10-15,PTC,PTC,9.149999618530272,9.520000457763672,9.100000381469728,9.260000228881836,3133000,9.210000038146973,0.05000019073486328,30.24917027820061,-0.40885121230578214,-0.4484712970097418,0.03962008470395967,-2.8331533227144914,9.515999937057495,10.582799968719483,10.2205235170261,9.515999937057495,8.81147635708889,2258575.0,867478500.0,0.5428902337433995,1.2021925129788502,-0.43010710787809825,0.23650249518553787
2021-10-18,PTC,PTC,9.18000030517578,9.270000457763672,9.010000228881836,9.170000076293944,652500,9.260000228881836,-0.0900001525878924,28.35863992318029,-0.3934255667221116,-0.43746215095221574,0.04403658423010415,-2.029910121286815,9.45649995803833,10.52299997329712,10.053731189259008,9.45649995803833,8.859268726817653,2224850.0,866826000.0,-0.971923870014419,-0.4343101160407487,-0.6500484173138689,0.2365206125828886
2021-10-19,PTC,PTC,9.170000076293944,9.170000076293944,9.170000076293944,9.170000076293944,0,9.170000076293944,0.0,28.35863992318029,-0.3768564647209782,-0.4253410137059683,0.04848454898499005,-1.5037630183965085,9.412499952316285,10.462399978637695,9.952553376145014,9.412499952316285,8.872446528487556,2073325.0,866826000.0,0.0,-0.971923870014419,0.0,0.21958253860171062
2021-10-20,PTC,PTC,9.199999809265137,9.399999618530272,9.149999618530272,9.210000038146973,2784000,9.170000076293944,0.03999996185302912,30.594525697995962,-0.35638943383471045,-0.4115506977317167,0.05516126389700626,-1.7075757669826548,9.373999977111817,10.40619997024536,9.84965565679323,9.373999977111817,8.898344297430404,2003050.0,869610000.0,0.43620459673098616,0.43620459673098616,0.6557423182312507,0.22155472412047575
2021-10-21,PTC,PTC,9.210000038146973,9.279999732971191,9.020000457763672,9.079999923706056,1909000,9.210000038146973,-0.1300001144409162,27.58168964929493,-0.346662972225829,-0.3985731526305392,0.05191018040471024,-2.575104924643354,9.328999996185303,10.354199962615967,9.727254117508382,9.328999996185303,8.930745874862223,1960150.0,867701000.0,-1.4115104658248392,-0.9814629426291198,-1.4115104658248392,0.22390048938008048
2021-10-22,PTC,PTC,9.149999618530272,9.199999809265137,8.970000267028809,9.100000381469728,901500,9.079999923706056,0.020000457763671875,28.744294954446204,-0.3334964718021016,-0.3855578164648517,0.052061344662750086,-2.2556394058209586,9.298000001907349,10.301799964904784,9.663259753260128,9.298000001907349,8.93274025055457,1850975.0,868602500.0,0.22026936048154247,-1.194350230419499,-1.7278600805329343,0.21006411944871847
2021-10-25,PTC,PTC,9.100000381469728,9.149999618530272,9.0,9.100000381469728,844500,9.100000381469728,0.0,28.744294954446204,-0.3193803079738018,-0.3723223147666418,0.05294200679284,-2.04520539465536,9.275500011444091,10.254199981689453,9.630700331918488,9.275500011444091,8.920299690969694,1748375.0,868602500.0,0.0,0.22026936048154247,-0.7633554442946698,0.2033588264656717
2021-10-26,PTC,PTC,9.010000228881836,9.140000343322754,9.0,9.0600004196167,682000,9.100000381469728,-0.03999996185302912,27.712373494044698,-0.30787185397724137,-0.35943222260876173,0.05156036863152036,-2.58064264726859,9.235000038146973,10.203999996185303,9.468733822126218,9.235000038146973,9.001266254167728,1643050.0,867920500.0,-0.43956000193671185,-0.43956000193671185,-1.199560041025656,0.15304151915648154
2021-10-27,PTC,PTC,9.100000381469728,9.130000114440918,9.0,9.020000457763672,569500,9.0600004196167,-0.039999961853027344,26.680849532606274,-0.2985376279570726,-0.3472533036784239,0.04871567572135127,-2.275179792931775,9.209500074386597,10.153000011444092,9.4175964968784,9.209500074386597,9.001403651894794,1616125.0,867351000.0,-0.4415006622562565,-0.879120003873404,-2.062970462500977,0.1034952369133998
2021-10-28,PTC,PTC,9.130000114440918,9.130000114440918,9.0,9.09000015258789,519500,9.020000457763672,0.06999969482421875,31.487025555753732,-0.2822383284629062,-0.33425030863532035,0.05201198017241415,-0.8724091934619143,9.196000099182129,10.103400020599365,9.397927493864772,9.196000099182129,8.994072704499485,1374450.0,867870500.0,0.7760497923696754,0.3311228651406685,0.11013468024075168,0.09330623902116021
2021-10-29,PTC,PTC,9.020000457763672,9.09000015258789,8.949999809265137,9.039999961853027,1065500,9.09000015258789,-0.05000019073486328,29.975521908559543,-0.27024045001797425,-0.32144833691185115,0.0512078868938769,-1.202182090308252,9.182500076293945,10.04980001449585,9.388399721171657,9.182500076293945,8.976600431416232,1344000.0,866805000.0,-0.5500570945604265,0.22172398086899814,-0.6593452428736097,0.09339582191746142
2021-11-01,PTC,PTC,9.15999984741211,9.390000343322754,9.050000190734863,9.170000076293944,2692000,9.039999961853027,0.1300001144409162,38.2723832024773,-0.24739036005565573,-0.30663674154061205,0.05924638148495631,-0.4343101160407487,9.172500085830688,10.001000022888183,9.358524831328857,9.172500085830688,8.986475340332518,1417200.0,869497000.0,1.4380543693527699,0.8800871547100823,0.7692273834048966,0.1057309993934721
2021-11-02,PTC,PTC,9.199999809265137,9.359999656677246,9.170000076293944,9.239999771118164,1113000,9.170000076293944,0.06999969482422053,42.24084219142706,-0.22108458331793912,-0.28952630989607747,0.06844172657813835,-0.21598765949584617,9.168500089645386,9.95480001449585,9.344331828397548,9.168500089645386,8.992668350893224,1435050.0,870610000.0,0.7633554442947279,2.2123872799678703,1.9867477170501067,0.1087491654213856
2021-11-03,PTC,PTC,9.300000190734863,10.239999771118164,9.300000190734863,10.18000030517578,22718500,9.239999771118164,0.9400005340576154,70.06886031359008,-0.12296936425880389,-0.2562149207686228,0.1332455565098189,11.014179067379327,9.21200008392334,9.929400024414063,9.695870478546855,9.21200008392334,8.728129689299823,2548075.0,893328500.0,10.173166205001568,11.014179067379327,12.860308076965513,0.37839340598977866
2021-11-04,PTC,PTC,10.260000228881836,10.260000228881836,9.899999618530272,9.979999542236328,2858500,10.18000030517578,-0.20000076293945135,63.10264022425359,-0.06065158267477777,-0.2171022531498538,0.15645067047507602,8.833145683786581,9.246500062942506,9.903000011444092,9.839805588253718,9.246500062942506,8.653194537631293,2640575.0,890470000.0,-1.964643977837267,8.008655729962364,9.790972219016496,0.38759885603300986
2021-11-05,PTC,PTC,9.979999542236328,10.25,9.8100004196167,10.109999656677246,4168500,9.979999542236328,0.13000011444091797,65.50338186097844,-0.0007655442968523829,-0.17383491137925353,0.17306936708240114,9.771982788301388,9.287000036239624,9.887399997711181,9.995150882227412,9.287000036239624,8.578849190251836,2833500.0,894638500.0,1.3026064168715124,-0.6876291394897426,11.836279859949128,0.38878116995369444
2021-11-08,PTC,PTC,10.1899995803833,10.40999984741211,10.0,10.140000343322754,5970000,10.109999656677246,0.030000686645507812,66.05233115923349,0.04855565786038696,-0.12935679753132542,0.17791245539171238,11.67401352999188,9.332500076293945,9.868999996185302,10.13577941983597,9.332500076293945,8.52922073275192,3090175.0,900608500.0,0.2967427068673892,1.6032145132801545,10.577974470648382,0.38626829642646504
2021-11-09,PTC,PTC,10.100000381469728,10.199999809265137,9.579999923706056,9.649999618530272,3372500,10.140000343322754,-0.49000072479248225,51.60733692492942,0.04755590762565909,-0.09397425649992852,0.1415301641255876,6.043947406645204,9.356500053405762,9.840999984741211,10.167977435671121,9.356500053405762,8.545022671140403,2979725.0,897236000.0,-4.832354124279202,-4.549951075845616,4.437227895758834,0.42892661140140076
2021-11-10,PTC,PTC,9.760000228881836,9.850000381469728,9.550000190734863,9.609999656677246,1221500,9.649999618530272,-0.03999996185302557,50.633877294095775,0.043039799714154725,-0.06657144525711187,0.10961124497126659,5.604387404708532,9.37950005531311,9.806399974822998,10.192408212442992,9.37950005531311,8.56659189818323,2920900.0,896014500.0,-0.4145073931009927,-5.226831052274235,-5.599220347849402,0.4292909406933253
2021-11-11,PTC,PTC,9.609999656677246,9.699999809265137,9.260000228881836,9.300000190734863,2336500,9.609999656677246,-0.3099994659423828,43.74674680362658,0.014281754355446097,-0.05040080533460027,0.06468255969004637,2.649003973537539,9.384000062942505,9.7703999710083,10.193948523022692,9.384000062942505,8.574051602862317,2975600.0,893678000.0,-3.225801009545179,-3.6269372189748803,-6.813621069055579,0.44653644048182006
2021-11-12,PTC,PTC,9.270000457763672,9.34000015258789,9.109999656677246,9.199999809265137,1093000,9.300000190734863,-0.10000038146972656,41.772883921102355,-0.016389471206432304,-0.04359853850896668,0.027209067302534376,1.9955581193628016,9.38100004196167,9.734399967193603,10.193323356505994,9.38100004196167,8.568676727417346,2873600.0,892585000.0,-1.0752728969764116,-4.266387742555559,-9.000987916068734,0.44802684921957037
2021-11-15,PTC,PTC,9.199999809265137,9.350000381469728,9.109999656677246,9.15999984741211,619500,9.199999809265137,-0.039999961853027344,40.97645287218283,-0.043423739230863845,-0.04356357865334612,0.0001398394224822741,0.7700736375047263,9.380500030517577,9.69319995880127,10.193382315667296,9.380500030517577,8.567617745367858,2871950.0,891965500.0,-0.43478220306857157,-1.5053800048545098,-9.664698843486532,0.4468792997957718
2021-11-16,PTC,PTC,9.239999771118164,9.359999656677246,9.199999809265137,9.350000381469728,1136000,9.15999984741211,0.19000053405761896,46.22142232667242,-0.048952838365284634,-0.044641430595733826,-0.004311407769550808,3.42920819607124,9.389500045776368,9.651399974822999,10.19653407460882,9.389500045776368,8.582466016943915,2928750.0,893101500.0,2.0742416727364694,1.6304410360262076,-3.1088005069396494,0.452716950750152
2021-11-17,PTC,PTC,9.350000381469728,9.350000381469728,9.0,9.079999923706056,1556500,9.350000381469728,-0.2700004577636719,40.688173343795384,-0.07426538459288423,-0.05056622139516391,-0.02369916319772032,-0.9814629426291198,9.383000040054322,9.605799980163575,10.198174378382816,9.383000040054322,8.567825701725827,2867375.0,891545000.0,-2.8877053128123022,-0.8733616270600107,-5.515085867905664,0.4649878916887694
2021-11-18,PTC,PTC,9.100000381469728,9.18000030517578,9.010000228881836,9.050000190734863,756000,9.079999923706056,-0.029999732971193183,40.113573071640296,-0.09564396350289073,-0.059581769816709276,-0.03606219368618145,-2.056272565906225,9.381500053405762,9.566199989318848,10.199128657656136,9.381500053405762,8.56387144915539,2809725.0,890789000.0,-0.3303935377011392,-3.208558058772057,-2.688171987878697,0.46230866767057777
2021-11-19,PTC,PTC,9.079999923706056,9.18000030517578,9.050000190734863,9.149999618530272,636000,9.050000190734863,0.09999942779540838,43.00301725565794,-0.10332644033471006,-0.06833070392030943,-0.034995736414400624,-10.117884634264977,9.384000015258788,9.528599987030029,10.19830358320822,9.384000015258788,8.569696447309356,2796450.0,891425000.0,1.1049660297000325,0.7709217556429714,-0.5434803453420821,0.4638748289025886
2021-11-22,PTC,PTC,9.029999732971191,9.109999656677246,9.0,9.029999732971191,415500,9.149999618530272,-0.11999988555908025,40.47904724856955,-0.11774060604144942,-0.07821268434453743,-0.039527921696911994,-9.519036601601485,9.380499982833863,9.49379997253418,10.200524928797151,9.380499982833863,8.560475036870574,2775000.0,891009500.0,-1.3114742137918838,-0.22099952864252734,-1.4192152467955086,0.4664534375203527
2021-11-23,PTC,PTC,9.100000381469728,9.15999984741211,9.0,9.010000228881836,2226500,9.029999732971191,-0.01999950408935547,40.05707145846112,-0.12928738455908295,-0.08842762438744653,-0.04085976017163642,-10.88031122799203,9.377999973297118,9.463399982452392,10.202432081345778,9.377999973297118,8.553567865248459,2852225.0,888783000.0,-0.22147845715134834,-1.5300480380885881,-3.636365119960003,0.46624440176524073
2021-11-24,PTC,PTC,9.010000228881836,9.010000228881836,8.880000114440918,8.90999984741211,975500,9.010000228881836,-0.10000038146972656,37.92802752368215,-0.14483788380485407,-0.09970967627092805,-0.04512820753392602,-12.130181994723568,9.372499942779541,9.42859998703003,10.20837639886176,9.372499942779541,8.536623486697321,2872525.0,887807500.0,-1.1098821190833295,-1.3289024264411335,-1.8722475520083544,0.4677079214777827
2021-11-25,PTC,PTC,8.949999809265137,9.0,8.850000381469727,8.920000076293945,601000,8.90999984741211,0.010000228881835938,38.28130433718889,-0.15457301015435654,-0.11068234304761375,-0.04389066710674279,-7.564762394752382,9.363999938964843,9.399599990844727,10.215287494206452,9.363999938964843,8.512712383723235,2876600.0,888408500.0,0.11223601630858034,-0.9988917902509297,-1.436465322663843,0.4667993381122388
2021-11-26,PTC,PTC,8.989999771118164,9.0,8.75,8.869999885559082,732500,8.920000076293945,-0.05000019073486328,37.14303921351903,-0.16442734931695568,-0.12143134430148214,-0.04299600501547354,-7.700310068211038,9.355499935150146,9.36939998626709,10.223637075591895,9.355499935150146,8.487362794708396,2859950.0,887676000.0,-0.5605402500807736,-0.44893336181869015,-3.060106498847755,0.46681424229564383
2021-11-29,PTC,PTC,8.949999809265137,9.239999771118164,8.75,9.06999969482422,825500,8.869999885559082,0.1999998092651385,44.279957805191096,-0.15431976872727837,-0.1280090291866414,-0.02631073954063698,-2.473123561220795,9.35049991607666,9.343599987030029,10.224269141925717,9.35049991607666,8.476730690227605,2766625.0,888501500.0,2.2547893105472387,1.681610058826329,0.4429674754803975,0.47115931541809786
2021-11-30,PTC,PTC,9.06999969482422,9.100000381469728,8.869999885559082,8.970000267028809,731500,9.06999969482422,-0.09999942779541193,41.72875264729891,-0.15261925659394748,-0.1329310746681026,-0.019688181925844872,-2.4999950761379384,9.336999940872193,9.321999988555909,10.226165114027486,9.336999940872193,8.4478347677169,2747550.0,887770000.0,-1.1025295607504422,1.1274000311153722,-0.4439507307092648,0.4717294069424773
2021-12-01,PTC,PTC,8.949999809265137,9.0,8.850000381469727,8.899999618530273,808500,8.970000267028809,-0.07000064849853516,39.991760172024414,-0.15513179304670288,-0.13737121834382268,-0.0177605747028802,-2.838430493591017,9.272999906539917,9.300399990081788,10.08783853171201,9.272999906539917,8.458161281367826,1652050.0,886961500.0,-0.780386247655285,-1.8743118193372967,-0.11223601630858034,0.2738387641223914
2021-12-02,PTC,PTC,8.859999656677246,8.989999771118164,8.40999984741211,8.850000381469727,2708500,8.899999618530273,-0.049999237060546875,38.75099002995679,-0.15932096395843054,-0.14176116746674428,-0.017559796491686264,-5.347593364711785,9.216499948501587,9.277800006866455,9.980017381833965,9.216499948501587,8.452982515169209,1644550.0,884253000.0,-0.5617892045348609,-1.3377913264971437,-0.784749935263476,0.26943455020068774
2021-12-03,PTC,PTC,8.850000381469727,8.899999618530273,8.5,8.630000114440918,835000,8.850000381469727,-0.2200002670288086,33.78416841965256,-0.17833733325101697,-0.1490764006235988,-0.029260932627418162,-4.955945077601591,9.142499971389771,9.256000003814698,9.823856981427193,9.142499971389771,8.46114296135235,1477875.0,883418000.0,-2.48587861633824,-3.033702423168672,-2.7057471726566624,0.2677838594715915
2021-12-06,PTC,PTC,8.630000114440918,8.789999961853027,8.399999618530273,8.65999984741211,445500,8.630000114440918,0.029999732971191406,35.00748252558954,-0.18881072270760946,-0.15702326504040093,-0.03178745766720853,-4.309395967991529,9.068499946594239,9.238199996948243,9.598336929685036,9.068499946594239,8.538662963503441,1201650.0,883863500.0,0.3476214666670939,-2.1468985973768246,-4.520395382660011,0.2680597823977586
2021-12-07,PTC,PTC,8.760000228881836,8.9399995803833,8.550000190734863,8.890000343322754,489000,8.65999984741211,0.23000049591064453,43.609119139315666,-0.1765170626626933,-0.1609220245648594,-0.015595038097833885,-2.8415222518804915,9.030499982833863,9.218600006103516,9.488940045169205,9.030499982833863,8.572059920498521,1057475.0,884352500.0,2.655894918743863,3.0127488462806316,-0.8918608843314292,0.24871053567505522
2021-12-08,PTC,PTC,8.890000343322754,8.890000343322754,8.619999885559082,8.649999618530273,336000,8.890000343322754,-0.24000072479248047,37.9630375414287,-0.18401904423302717,-0.165541428498493,-0.018477615734534186,-4.20819629765243,8.982499980926514,9.201000003814697,9.382809146360616,8.982499980926514,8.582190815492412,1013200.0,884016500.0,-2.699670590819989,-0.11547608612053652,-2.808988884443171,0.261799346329321
2021-12-09,PTC,PTC,8.609999656677246,8.6899995803833,8.5,8.640000343322754,317500,8.649999618530273,-0.009999275207519531,37.743779327557284,-0.18859724497581887,-0.17015259179395817,-0.0184446531818607,-4.106546905215783,8.949499988555909,9.186600017547608,9.348418239321585,8.949499988555909,8.550581737790232,912250.0,883699000.0,-0.11559856241032428,-2.812148372837511,-2.372881684690931,0.24153049195519258
2021-12-10,PTC,PTC,8.5600004196167,8.6899995803833,8.449999809265137,8.579999923706055,257500,8.640000343322754,-0.06000041961669922,36.38578753166066,-0.19482125629670755,-0.17508632469450808,-0.019734931602199468,-3.703702910858101,8.918499994277955,9.172000007629395,9.331564295660801,8.918499994277955,8.505435692895109,870475.0,883441500.0,-0.6944492735242691,-0.8092450625577304,-0.5793764782366109,0.2404027850911493
2021-12-13,PTC,PTC,8.510000228881836,8.779999732971191,8.25,8.510000228881836,971000,8.579999923706055,-0.06999969482421875,34.81213458943655,-0.20306145442530088,-0.18068135064066665,-0.02238010378463423,-4.596410806113522,8.88600001335144,9.15480001449585,9.320772781630431,8.88600001335144,8.451227245072449,888050.0,882470500.0,-0.8158472662780981,-1.5046308943886313,-1.7320972421852665,0.24098747064590023
2021-12-14,PTC,PTC,8.399999618530273,8.600000381469727,8.260000228881836,8.460000038146973,1122000,8.510000228881836,-0.05000019073486328,33.69126597931984,-0.21119197866529404,-0.18678347624559213,-0.02440850241970191,-4.62232077454268,8.841499996185302,9.137600021362305,9.258116585510662,8.841499996185302,8.424883406859943,887350.0,881348500.0,-0.5875462913052473,-1.3986000772276133,-4.8368986340788265,0.22324899766092204
2021-12-15,PTC,PTC,8.670000076293945,9.170000076293944,8.5,8.930000305175781,4290500,8.460000038146973,0.4700002670288086,49.99108018199549,-0.17766240252435495,-0.1849592615013447,0.007296858976989756,-1.5435434879708947,8.83400001525879,9.130000019073487,9.237740333537037,8.83400001525879,8.430259696980542,1024050.0,885639000.0,5.555558686873891,4.935370916542629,3.2370023005051056,0.2931743805671226
2021-12-16,PTC,PTC,8.90999984741211,9.050000190734863,8.600000381469727,8.65999984741211,2585000,8.930000305175781,-0.2700004577636719,43.392141657907594,-0.17090664687913382,-0.18214873857690253,0.011242091697768714,-3.4559689006495726,8.814499998092652,9.117400016784668,9.211937747228584,8.814499998092652,8.41706224895672,1115500.0,883054000.0,-3.0235212602084798,2.36406392864442,0.23147573257692833,0.311398913597721
2021-12-17,PTC,PTC,8.789999961853027,8.789999961853027,8.640000343322754,8.65999984741211,564500,8.65999984741211,0.0,43.3921416579076,-0.16366602183653356,-0.17845219522882877,0.01478617339229521,-2.6966267573593123,8.790000009536744,9.104600009918213,9.159807909467547,8.790000009536744,8.42019210960594,1111925.0,883054000.0,0.0,-3.0235212602084798,0.9324000514850754,0.3076961875208545
2021-12-20,PTC,PTC,8.699999809265137,8.800000190734863,8.600000381469727,8.640000343322754,1340000,8.65999984741211,-0.01999950408935547,42.905600438910625,-0.15772342964405617,-0.17430644211187427,0.016583012467818098,-2.372881684690931,8.770500040054321,9.092800025939942,9.127945656076125,8.770500040054321,8.413054424032516,1158150.0,881714000.0,-0.23094115983537775,-0.23094115983537775,1.5276158747882809,0.30516603591401587
2021-12-21,PTC,PTC,8.699999809265137,8.789999961853027,8.510000228881836,8.529999732971191,459000,8.640000343322754,-0.1100006103515625,40.233476110357714,-0.1600451120324795,-0.17145417609599534,0.011409064063515828,-1.1587529564732217,8.746500015258789,9.080000019073486,9.10067958119962,8.746500015258789,8.392320449317959,1069775.0,881255000.0,-1.273155161811703,-1.5011560823498886,0.8274195568390454,0.3075238153093437
2021-12-22,PTC,PTC,8.600000381469727,8.630000114440918,8.390000343322754,8.430000305175781,1724000,8.529999732971191,-0.09999942779541016,37.921339702330734,-0.16801738037139202,-0.17076681695107468,0.002749436579682657,-2.655883906338168,8.722500038146972,9.065600032806396,9.094627612977453,8.722500038146972,8.350372463316491,1107200.0,879531000.0,-1.1723262711120637,-2.430555900489829,-5.599103951992058,0.30776173313889943
2021-12-23,PTC,PTC,8.539999961853027,8.649999618530273,8.449999809265137,8.510000228881836,457500,8.430000305175781,0.07999992370605469,40.84992537858757,-0.16596697127722138,-0.169806847816304,0.0038398765390826317,-4.274466814012382,8.702000045776368,9.051600036621094,9.073489179111675,8.702000045776368,8.33051091244106,1100025.0,879988500.0,0.9489907569390834,-0.23446078212700236,-1.7320972421852665,0.3105209608938479
2021-12-24,PTC,PTC,8.550000190734863,8.579999923706055,8.380000114440918,8.40999984741211,1518000,8.510000228881836,-0.10000038146972656,38.4106331549941,-0.1704464023175234,-0.1699347587165479,-0.0005116436009754977,-2.7745639503154402,8.679000043869019,9.034600028991699,9.063428534189395,8.679000043869019,8.294571553548643,1139300.0,878470500.0,-1.1750925826104945,-0.2372533456658615,-2.886836078579241,0.3121843396284906
2021-12-27,PTC,PTC,8.40999984741211,8.600000381469727,8.390000343322754,8.399999618530273,418500,8.40999984741211,-0.010000228881835938,38.16520008821106,-0.17281125797423158,-0.17051005856808465,-0.0023011994061469254,-2.7777860562003345,8.645500040054321,9.019200019836425,9.002238337170061,8.645500040054321,8.288761742938581,1118950.0,878052000.0,-0.11890878791053923,-1.292604082174225,-2.7777860562003345,0.2979946784171872
2021-12-28,PTC,PTC,8.399999618530273,8.479999542236328,8.380000114440918,8.399999618530273,313000,8.399999618530273,0.0,38.16520008821106,-0.1726947060474444,-0.1709469880639566,-0.001747717983487801,-2.0979056733841057,8.617000007629395,9.003800010681152,8.955174840234468,8.617000007629395,8.278825175024322,1098025.0,878052000.0,0.0,-0.11890878791053923,-1.524034214660356,0.2969508220034506
2021-12-29,PTC,PTC,8.479999542236328,8.489999771118164,8.319999694824219,8.359999656677246,2048500,8.399999618530273,-0.039999961853027344,37.06649254979601,-0.17382623974496347,-0.17152283840015797,-0.0023034013448055,-1.762638873915742,8.590000009536743,8.986800003051759,8.91914593313931,8.590000009536743,8.260854085934175,1160025.0,876003500.0,-0.47619004368509765,-0.47619004368509765,-0.830375396968334,0.2965095480677519
2021-12-30,PTC,PTC,8.510000228881836,8.510000228881836,8.369999885559082,8.399999618530273,342000,8.359999656677246,0.039999961853027344,38.9589293576674,-0.16954096303827448,-0.17112646332778128,0.0015855002895067971,-0.7092248149663288,8.56749997138977,8.973199996948242,8.883053238628825,8.56749997138977,8.251946704150715,1041700.0,876345500.0,0.47846846286744554,0.0,-1.292604082174225,0.29757078561222405
2021-12-31,PTC,PTC,8.449999809265137,8.800000190734863,8.399999618530273,8.699999809265137,1880500,8.399999618530273,0.3000001907348633,50.88727286108555,-0.14031982261927567,-0.1649651351860802,0.024645312566804523,-2.5755933712268457,8.570999956130981,8.96519998550415,8.890993639457358,8.570999956130981,8.251006272804604,1093975.0,878226000.0,3.5714310042713255,4.06698763816728,3.4482754710425465,0.3142594992830814
2022-01-03,PTC,PTC,8.680000305175781,8.710000038146973,8.5,8.59000015258789,568500,8.699999809265137,-0.1099996566772461,47.24191654457464,-0.12460158182514824,-0.1568924245138938,0.03229084268874555,-0.808310578032365,8.56749997138977,8.954999980926514,8.884915795774022,8.56749997138977,8.250084147005518,1100125.0,877657500.0,-1.2643638975727454,2.261911222453854,2.261911222453854,0.3174867922518282
2022-01-04,PTC,PTC,8.5600004196167,8.800000190734863,8.529999732971191,8.720000267028809,613000,8.59000015258789,0.13000011444091797,51.65013550020953,-0.10049638025810559,-0.14561321566273616,0.04511683540463057,0.6928455043175238,8.558999967575073,8.948199977874756,8.847874617291364,8.558999967575073,8.270125317858781,1106325.0,878270500.0,1.51338896544435,0.22989032416267668,3.8095317027469684,0.30712737612297947
2022-01-05,PTC,PTC,8.789999961853027,8.800000190734863,8.699999809265137,8.75,511000,8.720000267028809,0.029999732971191406,52.633698005735624,-0.07807213958813009,-0.13210500044781495,0.05403286085968487,1.273144123914961,8.56399998664856,8.942799968719482,8.862797840346559,8.56399998664856,8.26520213295056,1115075.0,878781500.0,0.3440336244555335,1.8626291568098117,4.665076068648584,0.29127496637655215
2022-01-06,PTC,PTC,8.850000381469727,8.9399995803833,8.569999694824219,8.619999885559082,1733500,8.75,-0.13000011444091797,48.07024034286381,-0.06998395856747308,-0.11968079207174659,0.04969683350427351,1.0551014701678254,8.562999963760376,8.933399963378907,8.860859231510439,8.562999963760376,8.265140696010313,1185875.0,877048000.0,-1.485715593610491,-1.1467933303607567,2.6190509169011307,0.29646680084682153
2022-01-07,PTC,PTC,8.6899995803833,8.699999809265137,8.550000190734863,8.640000343322754,327000,8.619999885559082,0.020000457763671875,48.80565622782099,-0.061254048503844416,-0.10799544335816616,0.046741394854321744,2.491103565180639,8.565999984741211,8.9253999710083,8.865782621215235,8.565999984741211,8.266217348267187,1189350.0,877375000.0,0.23202387504874855,-1.2571389334542409,-0.6896490489400458,0.2953910753584686
2022-01-10,PTC,PTC,8.569999694824219,8.760000228881836,8.569999694824219,8.739999771118164,740000,8.640000343322754,0.09999942779541016,52.43281376442498,-0.04573916121101185,-0.0955441869287353,0.04980502571772345,2.7026972508853704,8.577499961853027,8.916799964904785,8.88576358857372,8.577499961853027,8.269236335132334,1177800.0,878115000.0,1.1574007386781258,1.3921100597705982,1.7462120589728205,0.2960144343456559
2022-01-11,PTC,PTC,8.760000228881836,9.09000015258789,8.649999618530273,8.859999656677246,5583500,8.739999771118164,0.11999988555908203,56.422803052143436,-0.023489738287857165,-0.08113329720055969,0.05764355891270252,5.350770718546551,8.59749994277954,8.909199962615967,8.924970491931468,8.59749994277954,8.270029393627613,1400875.0,883698500.0,1.3729964382336555,2.546288247829922,1.6054975385469787,0.2977140272105986
2022-01-12,PTC,PTC,8.880000114440918,9.350000381469728,8.880000114440918,9.210000038146973,6385000,8.859999656677246,0.35000038146972656,65.50999818559951,0.022130093444824084,-0.06048061907148293,0.08261071251630701,9.642862576205962,8.611499929428101,8.889799957275391,9.014137404081403,8.611499929428101,8.208862454774799,1505600.0,890083500.0,3.9503430590536475,5.37757756678612,5.257143293108259,0.2632094557066012
2022-01-13,PTC,PTC,9.25,9.5,9.199999809265137,9.3100004196167,2909500,9.210000038146973,0.10000038146972656,67.58956664973093,0.0655971704643683,-0.03526506116431269,0.10086223162868099,10.8333433620518,8.64399995803833,8.876399974822998,9.153794777762396,8.64399995803833,8.134205138314265,1521825.0,892993000.0,1.085780467486799,5.079015579874372,8.004646673065063,0.23616316672170432
2022-01-14,PTC,PTC,9.31999969482422,9.470000267028809,9.25,9.300000190734863,1467500,9.3100004196167,-0.010000228881835938,67.1535112208813,0.09810728752940001,-0.00859059142557015,0.10669787895497015,11.244025988766948,8.675999975204467,8.86019998550415,9.264321653844267,8.675999975204467,8.087678296564668,1566975.0,891525500.0,-0.10741383921707337,0.9772003497841288,7.6388868192832495,0.23641876267745668
2022-01-17,PTC,PTC,9.25,9.25,9.0,9.100000381469728,536000,9.300000190734863,-0.19999980926513494,58.96076553027826,0.1065057444619999,0.01442867575194386,0.09207706871005604,8.33334279438851,8.698999977111816,8.83939998626709,9.316632427455971,8.698999977111816,8.08136752676766,1526775.0,890989500.0,-2.1505355393904724,-2.2556394058209586,4.119000226306723,0.25215902202117857
2022-01-18,PTC,PTC,9.229999542236328,9.229999542236328,9.0,9.010000228881836,1035500,9.100000381469728,-0.0900001525878924,55.669403431044266,0.10469249205788778,0.03248143901313265,0.07221105304475513,3.5632232921035434,8.723000001907348,8.826599998474121,9.3502113417516,8.723000001907348,8.095788662063097,1555600.0,889954000.0,-0.9890126243418531,-3.118279095756795,1.6930087812310861,0.25004321925606965
2022-01-19,PTC,PTC,9.18000030517578,9.18000030517578,8.760000228881836,8.800000190734863,785000,9.010000228881836,-0.21000003814697266,48.82112866421346,0.08532663608216673,0.043050478426939466,0.04227615765522726,2.444703543849256,8.741499996185302,8.810400009155273,9.353976765921841,8.741499996185302,8.129023226448764,1508650.0,889169000.0,-2.3307439823787237,-3.296705254493763,-4.451681278109964,0.2620933968442215
2022-01-20,PTC,PTC,8.800000190734863,8.800000190734863,8.600000381469727,8.65999984741211,1158000,8.800000190734863,-0.1400003433227539,44.85916737097637,0.058013455026070915,0.04604307374676576,0.011970381279305158,-0.6880781855428009,8.748999977111817,8.797600002288819,9.35315787851427,8.748999977111817,8.144842075709363,1543675.0,888011000.0,-1.5909129578219119,-3.8845768321713186,-6.98174589589708,0.26825859467565594
2022-01-21,PTC,PTC,8.699999809265137,8.699999809265137,8.59000015258789,8.619999885559082,810000,8.65999984741211,-0.039999961853027344,43.76632468339333,0.032762236956513036,0.043386906388715216,-0.01062466943220218,-1.485715593610491,8.759499979019164,8.786000003814697,9.34588894487382,8.759499979019164,8.173111013164508,1508275.0,887201000.0,-0.4618933320764507,-2.0454579690270434,-7.311831088490002,0.26493335131718176
2022-01-24,PTC,PTC,8.770000457763672,8.770000457763672,8.550000190734863,8.600000381469727,402500,8.619999885559082,-0.01999950408935547,43.199653615169105,0.011009758234413525,0.03691147675785488,-0.025901718523441357,-0.23201281154145081,8.769500017166138,8.774800014495849,9.336578715636485,8.769500017166138,8.20242131869579,1507475.0,886798500.0,-0.23201281154145081,-0.6928344919118286,-5.494505264177225,0.26510833718490645
2022-01-25,PTC,PTC,8.619999885559082,8.729999542236328,8.550000190734863,8.600000381469727,304000,8.600000381469727,0.0,43.199653615169105,-0.00615824940522991,0.028297531525237927,-0.03445578093046783,-0.4629625030505988,8.779500055313111,8.75980001449585,9.325817151470307,8.779500055313111,8.233182959155915,1507025.0,886798500.0,0.0,-0.23201281154145081,-4.550497635925048,0.26510833718490645
2022-01-26,PTC,PTC,8.569999694824219,8.65999984741211,8.5,8.569999694824219,218500,8.600000381469727,-0.030000686645507812,42.24800096550971,-0.021932005329318827,0.01825162415432658,-0.04018362948364541,-1.9450810153991127,8.790000057220459,8.749600009918213,9.309797805573854,8.790000057220459,8.270202308867063,1415525.0,886580000.0,-0.34884517807871007,-0.34884517807871007,-2.6136419423354336,0.26475990021588014
2022-01-27,PTC,PTC,8.729999542236328,8.729999542236328,8.510000228881836,8.550000190734863,427500,8.569999694824219,-0.01999950408935547,41.590248585432015,-0.0356358257632472,0.007474134170811825,-0.04310995993405902,-3.4988654396702485,8.797500085830688,8.739600009918213,9.297558115372622,8.797500085830688,8.297442056288753,1419800.0,886152500.0,-0.23336645042629353,-0.581397540895438,-1.2702039101088156,0.26474875272807485
2022-01-28,PTC,PTC,8.5600004196167,8.779999732971191,8.539999961853027,8.609999656677246,533000,8.550000190734863,0.05999946594238281,44.38756145760814,-0.041180048754387855,-0.0022567024142281103,-0.038923346340159745,-6.514662095380892,8.793000078201294,8.728800010681152,9.29834430938353,8.793000078201294,8.287655847019057,1352425.0,886685500.0,0.7017481240222747,0.4667440289080173,-0.11601193752437428,0.23249782135216393
2022-01-31,PTC,PTC,8.640000343322754,8.800000190734863,8.630000114440918,8.760000228881836,473500,8.609999656677246,0.15000057220458984,50.739220538758886,-0.03308866728948168,-0.008423095389278825,-0.024665571900202854,-5.907627990821371,8.801500082015991,8.723400020599366,9.29811086488801,8.801500082015991,8.304889299143973,1347675.0,887159000.0,1.7421669940284035,2.456140742248608,1.8604632594768054,0.23599764544280322
2022-02-01,PTC,PTC,8.819999694824219,8.859999656677246,8.75,8.800000190734863,531000,8.760000228881836,0.039999961853027344,52.30363516042519,-0.02318130687953257,-0.011374737687329575,-0.011806569192202996,-5.376343975757394,8.805500078201295,8.719200019836427,9.30063340662461,8.805500078201295,8.310366749777979,1343575.0,887690000.0,0.4566205571678748,2.206742643831206,2.3255790743460065,0.23057258446319673
2022-02-02,PTC,PTC,8.84000015258789,9.0,8.84000015258789,8.9399995803833,1564000,8.800000190734863,0.1399993896484375,57.40263051592235,-0.0039869130037217815,-0.009897172750608016,0.0059102597468862345,-1.7582504876838922,8.815000057220459,8.71980001449585,9.312932768110603,8.815000057220459,8.317067346330315,1396225.0,889254000.0,1.590902120614006,2.054787063909024,4.3173850494130175,0.23680476062611033
2022-02-03,PTC,PTC,8.979999542236328,9.079999923706056,8.8100004196167,8.84000015258789,860000,8.9399995803833,-0.09999942779541016,53.04083089472491,0.00311970235124015,-0.007293797730238383,0.010413500081478533,-1.8867932516694594,8.826000070571899,8.71820001602173,9.315442418915875,8.826000070571899,8.336557722227923,1352550.0,888394000.0,-1.1185618846653538,0.45454501120513113,3.3918123436685232,0.2338471114315
2022-02-04,PTC,PTC,8.9399995803833,8.9399995803833,8.84000015258789,8.880000114440918,311500,8.84000015258789,0.039999961853027344,54.529208660704484,0.011842891368601727,-0.0034664599104703613,0.015309351279072087,0.9090900224102623,8.838000059127808,8.718400020599365,9.319952387053883,8.838000059127808,8.356047731201732,1351775.0,888705500.0,0.4524882484455325,-0.6711349972995228,3.13589394343681,0.2340975728265006
2022-02-07,PTC,PTC,8.800000190734863,9.050000190734863,8.770000457763672,8.800000190734863,1505000,8.880000114440918,-0.07999992370605469,51.04457564916646,0.012160576697748837,-0.0003410525888265215,0.01250162928657536,1.6166321684704252,8.841000080108643,8.713000030517579,9.321127399056149,8.841000080108643,8.360872761161136,1390025.0,887200500.0,-0.9009000301245093,-0.4524882484455325,0.4566205571678748,0.23372000952593122
2022-02-08,PTC,PTC,8.800000190734863,8.890000343322754,8.670000076293945,8.729999542236328,910500,8.800000190734863,-0.07000064849853516,48.145366651569,0.006686796073148926,0.0010645171435685681,0.0056222789295803585,1.276098122246224,8.834500074386597,8.708200016021728,9.317058123342825,8.834500074386597,8.351942025430368,1156375.0,886290000.0,-0.795461897514909,-1.6891956111650774,-0.795461897514909,0.23001701148107795
2022-02-09,PTC,PTC,8.850000381469727,9.25,8.800000190734863,9.130000114440918,2535000,8.729999542236328,0.40000057220458984,61.575524261151095,0.03423089626024556,0.007697792966903966,0.026533103293341593,6.162787319325854,8.830500078201293,8.712800025939941,9.301131420550675,8.830500078201293,8.359868735851911,963875.0,888825000.0,4.5819082838362135,3.7499990517443087,2.1252857156115317,0.24522569915488532
2022-02-10,PTC,PTC,9.170000076293944,9.25,8.399999618530273,8.4399995803833,6007500,9.130000114440918,-0.6900005340576172,41.573199055362196,0.000378158404968687,0.00623386605451691,-0.005855707649548223,-1.8604743487125506,8.787000036239624,8.704600009918213,9.231100742048037,8.787000036239624,8.34289933043121,1118775.0,882817500.0,-7.557508492976288,-3.32187831683138,-4.524893272626138,0.35864839505816976
2022-02-11,PTC,PTC,8.520000457763672,8.550000190734863,8.430000305175781,8.460000038146973,1222500,8.4399995803833,0.020000457763671875,42.15971253893575,-0.024553473294286476,7.639818475623297e-05,-0.02462987147904271,-1.28354329748319,8.74500002861023,8.701200008392334,9.141112892031181,8.74500002861023,8.348887165189279,1106525.0,884040000.0,0.23697226016643425,-7.338445431497929,-4.729730527941422,0.35931097841969645
2022-02-14,PTC,PTC,8.5,8.5,8.300000190734863,8.3100004196167,892000,8.460000038146973,-0.14999961853027344,38.99786027480196,-0.055772772846896856,-0.011093436021574386,-0.04467933682532247,-2.807014804259745,8.705500030517578,8.694200019836426,9.11002576062204,8.705500030517578,8.300974300413117,1124325.0,883148000.0,-1.7730451282968134,-1.5402744932446748,-5.568179096564832,0.3571812600066222
2022-02-15,PTC,PTC,8.300000190734863,8.420000076293945,8.199999809265137,8.399999618530273,913000,8.3100004196167,0.08999919891357422,41.81735053870134,-0.0724173275933353,-0.023358214335926573,-0.04905911325740873,-2.4390249305540097,8.675,8.684400005340576,9.074815788817718,8.675,8.275184211182284,1118200.0,884061000.0,1.0830227962578785,-0.7092248149663288,-3.780068052804502,0.36042631526560764
2022-02-16,PTC,PTC,8.399999618530273,8.5,8.350000381469727,8.369999885559082,490000,8.399999618530273,-0.029999732971191406,41.134856370992225,-0.08702580556510497,-0.03609173258176225,-0.050934072983342724,-4.452058597406397,8.653499984741211,8.678800010681153,9.070874023147843,8.653499984741211,8.23612594633458,1103450.0,883571000.0,-0.35713969444727645,0.7220151975052524,-8.324208317147159,0.35258153147221305
2022-02-17,PTC,PTC,8.319999694824219,8.5,8.199999809265137,8.270000457763672,546500,8.369999885559082,-0.09999942779541016,38.85823746403089,-0.10545660954871394,-0.049964707975152595,-0.05549190157356135,-6.022724107769964,8.634000015258788,8.67140001296997,9.085169216913027,8.634000015258788,8.18283081360455,1072875.0,883024500.0,-1.1947363101873043,-1.547609127026927,-2.0142077141182564,0.3508237446998431
2022-02-18,PTC,PTC,8.270000457763672,8.319999694824219,8.210000038146973,8.25,499500,8.270000457763672,-0.020000457763671875,38.400470963157055,-0.1202903915278597,-0.06402984468569402,-0.05626054684216568,-7.7181164739351935,8.615500020980836,8.66480001449585,9.09831955636325,8.615500020980836,8.13268048559842,1057350.0,882525000.0,-0.24184349040629063,-1.4336904085998865,-2.482269943263142,0.3506981133654509
2022-02-21,PTC,PTC,8.25,8.3100004196167,8.15999984741211,8.199999809265137,1250500,8.25,-0.05000019073486328,37.22000427159579,-0.13453008901711883,-0.07812989355197898,-0.056400195465139843,-7.239822763299333,8.595499992370605,8.658600006103516,9.112921739725568,8.595499992370605,8.078078245015643,1099750.0,881274500.0,-0.6060629179983428,-0.8464406846896879,-1.3237136558007094,0.35100114787018544
2022-02-22,PTC,PTC,8.25,8.289999961853027,7.699999809265137,7.96999979019165,3972000,8.199999809265137,-0.23000001907348633,32.30103097248322,-0.16250102060553928,-0.09500411896269104,-0.06749690164284824,-10.247751267135664,8.563999962806701,8.648800001144409,9.152142483879107,8.563999962806701,7.975857441734294,1283150.0,877302500.0,-2.8048783466264293,-3.3939419370709043,-5.119045807931347,0.36265937244608054
2022-02-23,PTC,PTC,8.029999732971191,8.140000343322754,7.71999979019165,8.010000228881836,1502000,7.96999979019165,0.04000043869018555,33.93627536112507,-0.1793727864775292,-0.11187785246565868,-0.06749493401187051,-8.97727209920727,8.535999989509582,8.63039999961853,9.174135424318713,8.535999989509582,7.897864554700451,1347325.0,878804500.0,0.5018875751968329,-2.3170681073507007,-4.301071225799659,0.36393146218852873
2022-02-24,PTC,PTC,7.849999904632568,7.989999771118164,7.599999904632568,7.900000095367432,2238000,8.010000228881836,-0.1100001335144043,31.670734548912307,-0.19932221156952323,-0.1293667242864316,-0.06995548728309164,-9.507439752468521,8.503499984741211,8.615200004577638,9.201987796641209,8.503499984741211,7.805012172841213,1437850.0,876566500.0,-1.373285023360853,-0.878289795068307,-4.474006552791579,0.3658500201485301
2022-02-25,PTC,PTC,7.809999942779541,7.980000019073486,7.710000038146973,7.860000133514404,780000,7.900000095367432,-0.039999961853027344,30.863854592240415,-0.2158715049766613,-0.14666768042447753,-0.06920382455218377,-13.910185816074144,8.46600000858307,8.599200010299683,9.218830418672777,8.46600000858307,7.713169598493361,1450200.0,875786500.0,-0.5063286249386676,-1.872660313124249,-4.7272711089163115,0.36366816023991416
2022-02-28,PTC,PTC,7.849999904632568,7.929999828338623,7.699999809265137,7.900000095367432,1640000,7.860000133514404,0.039999961853027344,32.71008315777948,-0.22318652131618144,-0.1619714486028183,-0.06121507271336313,-6.39809848179335,8.423000001907349,8.584400005340576,9.20288116504526,8.423000001907349,7.643118838769437,1508525.0,877426500.0,0.5089053584423078,0.0,-3.6585331814122357,0.3564653669831276
2022-03-01,PTC,PTC,7.940000057220459,8.170000076293945,7.909999847412109,8.010000228881836,2184500,7.900000095367432,0.1100001335144043,37.64173748716693,-0.21759928390791927,-0.1730970156638385,-0.04450226824408077,-5.319146657636446,8.383500003814698,8.57400001525879,9.163007832219954,8.383500003814698,7.6039921754094415,1591200.0,879611000.0,1.3924067365379968,1.9083981274738582,0.5018875751968329,0.3612794519758205
2022-03-02,PTC,PTC,8.0,8.140000343322754,7.829999923706055,7.989999771118164,6157500,8.010000228881836,-0.020000457763671875,37.10919341065894,-0.2123375328950381,-0.18094511911007843,-0.03139241378495966,-3.8507897995183886,8.336000013351441,8.565200004577637,9.088019026495758,8.336000013351441,7.5839810002071255,1820875.0,873453500.0,-0.2496935979047264,1.139236388155341,-0.2496935979047264,0.35334954695115217
2022-03-03,PTC,PTC,8.010000228881836,8.260000228881836,7.989999771118164,8.0600004196167,1191000,7.989999771118164,0.07000064849853516,40.29307851512059,-0.20021118013697148,-0.18479833131545703,-0.015412848821514447,-4.0476096946902365,8.29700002670288,8.556200008392334,9.019279967743346,8.29700002670288,7.574720085662415,1837425.0,874644500.0,0.8761032603726706,0.6242220887157591,2.0253205356679924,0.3560718200320919
2022-03-04,PTC,PTC,8.0600004196167,8.119999885559082,7.900000095367432,7.949999809265137,600500,8.0600004196167,-0.1100006103515625,37.113430567124944,-0.197203844982635,-0.18727943404889263,-0.009924410933742356,-5.0179221270788705,8.250500011444093,8.547000007629395,8.933418594563657,8.250500011444093,7.567581428324528,1851875.0,874044000.0,-1.3647717695378692,-0.5006253191347655,1.145034023179988,0.3558981575477287
2022-03-07,PTC,PTC,7.849999904632568,7.900000095367432,7.599999904632568,7.659999847412109,617500,7.949999809265137,-0.28999996185302734,30.320304490958335,-0.21573423354249677,-0.19297039394761348,-0.02276383959488329,-7.376065013139256,8.193499994277953,8.532200012207031,8.873601297196563,8.193499994277953,7.513398691359344,1807500.0,873426500.0,-3.647798349819504,-4.962785997269368,-3.0379777855453276,0.3726842780948537
2022-03-08,PTC,PTC,7.659999847412109,7.75,7.550000190734863,7.570000171661377,556500,7.659999847412109,-0.08999967575073242,28.572417880887045,-0.23497329576703407,-0.2013709743114976,-0.03360232145553646,-8.24242216168028,8.135500025749206,8.515600023269654,8.82078825592096,8.135500025749206,7.450211795577451,1789800.0,872870000.0,-1.1749305162341268,-4.779869770070916,-5.493134140420383,0.3731042264913438
2022-03-09,PTC,PTC,7.739999771118164,7.739999771118164,7.630000114440918,7.699999809265137,327000,7.570000171661377,0.12999963760375977,34.450491448690656,-0.23699853529915504,-0.2084964865090291,-0.02850204879012594,-6.097561117441157,8.064000010490417,8.50240002632141,8.592967181089758,8.064000010490417,7.535032839891077,1679400.0,873197000.0,1.717300325704338,0.5221927238881228,-3.629536547689327,0.330961430233209
2022-03-10,PTC,PTC,7.699999809265137,7.849999904632568,7.699999809265137,7.739999771118164,532500,7.699999809265137,0.039999961853027344,36.19052007001753,-0.23269354327138192,-0.2133358978614997,-0.019357645409882218,-2.8858221471541046,8.02900002002716,8.489200029373169,8.545706240716688,8.02900002002716,7.512293799337631,1405650.0,873729500.0,0.5194800369332062,2.245701395003767,-3.9702311642528807,0.218007176411141
2022-03-11,PTC,PTC,7.739999771118164,7.739999771118164,7.480000019073486,7.53000020980835,1088000,7.739999771118164,-0.20999956130981445,31.4677562917025,-0.24342100975557468,-0.21935292024031472,-0.02406808951525996,-5.992509430183779,7.98250002861023,8.465800037384033,8.50326365289876,7.98250002861023,7.461736404321699,1398925.0,872641500.0,-2.7131727069738236,-2.2077870606208667,-5.2830139563941705,0.23093128516971495
2022-03-14,PTC,PTC,7.53000020980835,7.599999904632568,7.159999847412109,7.400000095367432,880500,7.53000020980835,-0.13000011444091797,28.949219554721594,-0.25942207086234426,-0.22736675036472065,-0.03205532049762361,-6.329113847646667,7.937000012397766,8.442000036239625,8.494969962621813,7.937000012397766,7.379030062173718,1398350.0,871761000.0,-1.7264290945381882,-4.392760798513747,-3.394252705272798,0.23061501865160317
2022-03-15,PTC,PTC,7.400000095367432,7.599999904632568,7.329999923706055,7.570000171661377,889000,7.400000095367432,0.1700000762939453,36.14633406996345,-0.2554408782261115,-0.23298157593699884,-0.022459302289112665,-3.689566882021935,7.895500040054321,8.419000034332276,8.4315076998893,7.895500040054321,7.359492380219342,1397150.0,872650000.0,2.297298298690148,0.5312079779350418,0.0,0.24568153305315427
2022-03-16,PTC,PTC,7.599999904632568,7.800000190734863,7.519999980926514,7.550000190734863,374500,7.570000171661377,-0.019999980926513672,35.68831792413879,-0.2510061431209083,-0.23658648937378074,-0.014419653747127559,-4.430378486170002,7.85450005531311,8.395000038146973,8.362394588848845,7.85450005531311,7.3466055217773745,1391375.0,872275500.0,-0.2642005346497146,2.027028289652795,-1.9480470421542637,0.2457790461178558
2022-03-17,PTC,PTC,7.599999904632568,7.639999866485596,7.429999828338623,7.460000038146973,154000,7.550000190734863,-0.09000015258789062,33.623607346121645,-0.2518506660441169,-0.239639324707848,-0.012211341336268888,-6.866419163781236,7.814000034332276,8.37180004119873,8.311463011912059,7.814000034332276,7.316537056752494,1371750.0,872121500.0,-1.1920549710493538,-1.4531060900922375,-3.6175677164230855,0.24576905145940442
2022-03-18,PTC,PTC,7.309999942779541,7.590000152587891,7.25,7.369999885559082,556500,7.460000038146973,-0.09000015258789062,31.651578938768907,-0.25682173559445065,-0.24307580688516853,-0.013745928709282124,-7.759698414513419,7.770000028610229,8.346400032043457,8.260713766316448,7.770000028610229,7.279286290904011,1374600.0,871565000.0,-1.206436355598816,-2.3841099420987075,-2.124838244238772,0.24679459352269117
2022-03-21,PTC,PTC,7.400000095367432,7.5,7.300000190734863,7.380000114440918,166000,7.369999885559082,0.010000228881835938,32.12791278747456,-0.25699196572343297,-0.24585903865282144,-0.011132927070611531,-8.436727912827074,7.729000043869019,8.319200038909912,8.205252965504005,7.729000043869019,7.252747122234032,1320375.0,871731000.0,0.13568831800704062,-1.072385030790513,-0.27027000903735277,0.24797610186171598
2022-03-22,PTC,PTC,7.329999923706055,7.5,7.179999828338623,7.389999866485596,887000,7.380000114440918,0.009999752044677734,32.63349403256967,-0.2533989525192313,-0.2473670214261034,-0.006031931093127885,-7.04402460647738,7.700000047683716,8.289800043106078,8.185017738614741,7.700000047683716,7.2149823567526905,1166125.0,872618000.0,0.1354979930841814,0.27137016603897124,-2.377811110885046,0.23348584996490207
2022-03-23,PTC,PTC,7.389999866485596,7.389999866485596,7.389999866485596,7.389999866485596,0,7.389999866485596,0.0,32.63349403256967,-0.2476961763333847,-0.24743285240755966,-0.0002633239258250375,-3.524803998758978,7.669000029563904,8.25340003967285,8.149828314917794,7.669000029563904,7.188171744210012,1091025.0,872618000.0,0.0,0.1354979930841814,-2.1192095391681613,0.23168215074924536
2022-03-24,PTC,PTC,7.400000095367432,7.630000114440918,7.320000171661377,7.53000020980835,466500,7.389999866485596,0.1400003433227539,39.90235616773354,-0.22923732228928628,-0.243793746383905,0.014556424094618714,-0.5284010692994292,7.650500035285949,8.217800035476685,8.122292845232698,7.650500035285949,7.178707225339202,1002450.0,873084500.0,1.8944566421126714,1.8944566421126714,0.9383400979011879,0.24212316615304055
2022-03-25,PTC,PTC,7.449999809265137,7.699999809265137,7.449999809265137,7.53000020980835,276500,7.53000020980835,0.0,39.90235616773354,-0.2121628660178212,-0.23746757031068827,0.025304704292867075,-2.2077870606208667,7.634000039100647,8.182400035858155,8.097960128810726,7.634000039100647,7.170039949390568,977275.0,873084500.0,0.0,1.8944566421126714,2.1709677982868802,0.2420194432321232
2022-03-28,PTC,PTC,7.409999847412109,7.75,7.349999904632568,7.630000114440918,449500,7.53000020980835,0.09999990463256836,44.83339600297852,-0.1883904322046135,-0.2276521426894733,0.039261710484859824,-1.4211842368227219,7.6205000400543215,8.153000030517578,8.06726503255422,7.6205000400543215,7.173735047554424,917750.0,873534000.0,1.3280199448376047,1.3280199448376047,3.387533822808607,0.24691272993278232
2022-03-29,PTC,PTC,7.630000114440918,7.860000133514404,7.559999942779541,7.590000152587891,1316500,7.630000114440918,-0.039999961853027344,43.30286418323542,-0.17080928663320005,-0.21628357147821867,0.045474284845018614,0.7968119669025627,7.599500036239624,8.124600028991699,8.00692969327989,7.599500036239624,7.192070379199357,874350.0,872217500.0,-0.5242458879826414,0.7968119669025627,2.7063638662473686,0.24018926387605782
2022-03-30,PTC,PTC,7.559999942779541,7.849999904632568,7.5,7.659999847412109,1343500,7.590000152587891,0.06999969482421875,46.730099057315954,-0.14950431901567995,-0.20292772098571094,0.05342340197003098,3.5135101174855863,7.583000040054321,8.101800022125245,7.948403949966323,7.583000040054321,7.217596130142319,633650.0,873561000.0,0.922262100355184,0.3931812912350082,3.653585734838659,0.24381811435634101
2022-03-31,PTC,PTC,7.699999809265137,7.849999904632568,7.510000228881836,7.800000190734863,295000,7.659999847412109,0.1400003433227539,52.86670438674963,-0.11994052134070099,-0.18633028105670896,0.06638975971600797,3.038309297990525,7.570000028610229,8.0846000289917,7.877930225721589,7.570000028610229,7.262069831498869,588850.0,873856000.0,1.8276807586367287,2.7667988659443035,3.5856570173108353,0.25160080050570005
2022-04-01,PTC,PTC,7.699999809265137,7.769999980926514,7.539999961853027,7.659999847412109,1511500,7.800000190734863,-0.1400003433227539,47.031933346239974,-0.1065792768023961,-0.17038008020584638,0.06380080340345029,1.45694905825611,7.555500030517578,8.06540002822876,7.810923276825925,7.555500030517578,7.300076784209232,634400.0,872344500.0,-1.7948761525551198,0.0,1.7264227620395838,0.2547938763145987
2022-04-04,PTC,PTC,7.329999923706055,7.5,7.329999923706055,7.380000114440918,428500,7.659999847412109,-0.2799997329711914,37.99903121338636,-0.11723264765125663,-0.15975059369492844,0.04251794604367182,-1.072385030790513,7.541500043869019,8.041000022888184,7.80341804283797,7.541500043869019,7.279582044900067,624950.0,871916000.0,-3.6553490672168594,-5.384616231071858,-3.276539924643482,0.25493054437211565
2022-04-05,PTC,PTC,7.489999771118164,7.650000095367432,7.400000095367432,7.480000019073486,378500,7.380000114440918,0.09999990463256836,42.26392647908942,-0.11626612076555798,-0.15105369910905436,0.034787578343496384,1.492539148201897,7.537000036239624,8.018600015640258,7.799946869275026,7.537000036239624,7.274053203204222,616050.0,872294500.0,1.3550122368818416,-2.3498672574965527,-1.449277092265915,0.257555996008523
2022-04-06,PTC,PTC,7.599999904632568,7.599999904632568,7.449999809265137,7.46999979019165,73500,7.480000019073486,-0.010000228881835938,41.953134823208224,-0.11498163937542127,-0.14383928716232774,0.02885764778690647,1.2195077825896548,7.525500035285949,7.996600017547608,7.778355322499523,7.525500035285949,7.272644748072375,603375.0,872221000.0,-0.13369289914887755,1.2195077825896548,-2.480418550982733,0.24897460509021976
2022-04-07,PTC,PTC,7.550000190734863,7.559999942779541,7.420000076293945,7.480000019073486,83500,7.46999979019165,0.010000228881835938,42.40921082558685,-0.11186720818316864,-0.13744487136649594,0.0255776631833273,1.217864062434568,7.512500047683716,7.97520001411438,7.744822488560686,7.512500047683716,7.280177606806745,580925.0,872304500.0,0.1338718763415035,0.0,-4.1025662030301655,0.24799474593176773
2022-04-08,PTC,PTC,7.559999942779541,7.679999828338623,7.400000095367432,7.650000095367432,462000,7.480000019073486,0.1700000762939453,49.651397730843804,-0.09459102713806011,-0.12887410252080878,0.03428307538274866,3.5182710903820658,7.51850004196167,7.956000022888183,7.758787222053517,7.51850004196167,7.278212861869823,549625.0,872766500.0,2.2727282869045027,2.409642707247829,-0.13054506845788122,0.24298882387942874
2022-04-11,PTC,PTC,7.800000190734863,8.25,7.800000190734863,8.039999961853027,4844500,7.650000095367432,0.3899998664855957,61.58596448683243,-0.04886649677465993,-0.11287258137157902,0.06400608459691909,6.772904884921085,7.55050003528595,7.941600017547607,7.878715336895993,7.55050003528595,7.222284733675907,747825.0,877611000.0,5.098037406846123,7.486630231972989,8.94308722462816,0.29127101013605716
2022-04-12,PTC,PTC,8.069999694824219,8.100000381469727,7.860000133514404,8.0600004196167,808500,8.039999961853027,0.020000457763671875,62.08235193537142,-0.010890073257803223,-0.09247607974882387,0.08158600649102064,7.038515206387211,7.575000047683716,7.926800022125244,7.974710594050992,7.575000047683716,7.175289501316439,743800.0,878419500.0,0.24876191366376885,5.359481295922457,7.754016030270745,0.28282068531143933
2022-04-13,PTC,PTC,8.069999694824219,8.199999809265137,7.929999828338623,7.949999809265137,1021500,8.0600004196167,-0.1100006103515625,57.668579345504924,0.01021266084568051,-0.07193833162992298,0.0821509924756035,4.193967103861131,7.5950000286102295,7.907000026702881,8.028079653661539,7.5950000286102295,7.16192040355892,776150.0,877398000.0,-1.3647717695378692,-1.1194048882451455,6.425703247056871,0.2885232903169367
2022-04-14,PTC,PTC,7.849999904632568,7.900000095367432,7.690000057220459,7.769999980926514,1098000,7.949999809265137,-0.17999982833862305,51.2479188693958,0.012270797716317894,-0.05509650576067481,0.06736730347699271,2.3715391926210994,7.610500025749206,7.885600023269653,8.045421750206604,7.610500025749206,7.17557830129181,823350.0,876300000.0,-2.2641488384546444,-3.598020143824965,3.8770048277212212,0.29809942678961704
2022-04-15,PTC,PTC,7.900000095367432,8.09000015258789,7.800000190734863,8.020000457763672,1995500,7.769999980926514,0.2500004768371582,58.207625436232505,0.03368651794424071,-0.03733990101969171,0.07102641896393241,4.6997469650497035,7.643000054359436,7.868400030136108,8.09889028921381,7.643000054359436,7.187109819505063,895300.0,878295500.0,3.2175093623017945,0.8805113229934242,4.836605984100566,0.3110928236046274
2022-04-18,PTC,PTC,8.020000457763672,8.079999923706055,7.849999904632568,7.949999809265137,329000,8.020000457763672,-0.07000064849853516,55.805367419330466,0.04449722687000346,-0.020972475441752673,0.06546970231175614,1.923071985414163,7.671500039100647,7.851400022506714,8.129425671566517,7.671500039100647,7.213574406634778,903450.0,877966500.0,-0.8728259913099109,2.3166001130048834,-1.1194048882451455,0.3144498871918376
2022-04-19,PTC,PTC,8.0,8.0,7.800000190734863,7.929999828338623,355500,7.949999809265137,-0.019999980926513672,55.10560956644035,0.05086462453713114,-0.006605055445975909,0.05746967998310705,3.524803998758978,7.698500037193298,7.83540002822876,8.150176504786439,7.698500037193298,7.246823569600158,876875.0,877611000.0,-0.25157209316162715,-1.122202297855541,-1.6129104777919907,0.31516669921684715
2022-04-20,PTC,PTC,7.900000095367432,7.900000095367432,7.670000076293945,7.699999809265137,571500,7.929999828338623,-0.23000001907348633,47.69834150392054,0.03692609270309788,0.0021011741838388477,0.034824918519259035,4.336039158021894,7.714000034332275,7.806800022125244,8.141743229499447,7.714000034332275,7.286256839165103,905450.0,877039500.0,-2.900378613522272,-3.1446541634962495,-3.1446541634962495,0.33584258098537856
2022-04-21,PTC,PTC,7.699999809265137,7.809999942779541,7.650000095367432,7.789999961853027,457500,7.699999809265137,0.09000015258789062,50.502151807053984,0.03276427973241258,0.008233795293553595,0.02453048443885899,4.144384251190675,7.72700002193451,7.793800029754639,8.146929891972055,7.72700002193451,7.307070151896964,905000.0,877497000.0,1.1688331794449738,-1.7654460216416727,0.2574000125560982,0.33202979887883
2022-04-22,PTC,PTC,7.710000038146973,7.78000020980835,7.670000076293945,7.699999809265137,375500,7.789999961853027,-0.09000015258789062,47.74568973224774,0.02195071859757114,0.010977179954357104,0.010973538643214036,3.0789829388681342,7.735500001907349,7.778600025177002,8.145402505623844,7.735500001907349,7.325597498190854,909950.0,877121500.0,-1.1553293071709085,0.0,-3.990032795930356,0.33542445780488384
2022-04-25,PTC,PTC,7.699999809265137,7.840000152587891,7.349999904632568,7.369999885559082,3930500,7.699999809265137,-0.3299999237060547,39.27989500387604,-0.013096375562660079,0.006162468850953668,-0.019258844413613745,-1.4705900164961432,7.722499990463257,7.759800014495849,8.161919559768812,7.722499990463257,7.2830804211577025,1084000.0,873191000.0,-4.2857134010442115,-5.391528605271505,-7.295596699639008,0.36663147423816905
2022-04-26,PTC,PTC,7.449999809265137,7.5,7.0,7.119999885559082,10547500,7.369999885559082,-0.25,34.315815394228096,-0.06034869861625758,-0.007139764642488583,-0.053208933973768996,-6.928107231388127,7.698999977111816,7.734200019836425,8.212313374107701,7.698999977111816,7.185686580115932,1545550.0,862643500.0,-3.3921303104746956,-7.532466728222011,-10.21437528768825,0.3842457380334066
2022-04-27,PTC,PTC,7.190000057220459,7.340000152587891,7.190000057220459,7.230000019073486,907500,7.119999885559082,0.1100001335144043,38.02696991493876,-0.08790707555890975,-0.02329322682577282,-0.06461384873313694,-10.074626201774949,7.677499985694885,7.711400022506714,8.232055381759954,7.677499985694885,7.1229445896298165,1523750.0,863551000.0,1.5449457202591905,-1.8995911622727988,-6.103893530310433,0.3874762472513536
2022-04-28,PTC,PTC,7.170000076293945,7.28000020980835,7.0,7.150000095367432,2019000,7.230000019073486,-0.07999992370605469,36.41552365171245,-0.11487836678615437,-0.041610254817849135,-0.07326811196830524,-11.290326015796207,7.644999980926514,7.689000015258789,8.243753131461673,7.644999980926514,7.046246830391354,1609950.0,861532000.0,-1.1064996334025812,0.4213512681256723,-8.215659430290385,0.3804409726152535
2022-04-29,PTC,PTC,7.150000095367432,7.150000095367432,7.150000095367432,7.150000095367432,0,7.150000095367432,0.0,36.41552365171245,-0.1347005651347235,-0.060228316881224014,-0.07447224825349949,-10.062889724416905,7.61949999332428,7.667000017166138,8.257703928048759,7.61949999332428,6.9812960585998,1534375.0,861532000.0,0.0,-1.1064996334025812,-7.142853604176846,0.37707568331915703
2022-05-02,PTC,PTC,7.150000095367432,7.150000095367432,7.150000095367432,7.150000095367432,0,7.150000095367432,0.0,36.41552365171245,-0.14869572834075662,-0.07792179917313054,-0.07077392916762608,-7.979406526139421,7.607999992370606,7.646000022888184,8.272136980090243,7.607999992370606,6.943863004650968,1512950.0,861532000.0,0.0,0.0,-2.9850718264286837,0.35588390979900036
2022-05-03,PTC,PTC,7.150000095367432,7.150000095367432,7.150000095367432,7.150000095367432,0,7.150000095367432,0.0,36.41552365171245,-0.1579660615837657,-0.09393065165525757,-0.06403540992850812,-10.847884198735253,7.591499996185303,7.6296000289917,8.284784341690285,7.591499996185303,6.89821565068032,1494025.0,861532000.0,0.0,0.0,0.4213512681256723,0.35158702873443615
2022-05-04,PTC,PTC,7.150000095367432,7.150000095367432,7.150000095367432,7.150000095367432,0,7.150000095367432,0.0,36.41552365171245,-0.1634289601464225,-0.10783031335349058,-0.055598646792931916,-10.062889724416905,7.575500011444092,7.612400026321411,8.294870349391338,7.575500011444092,6.856129673496844,1490350.0,861532000.0,0.0,0.0,-1.1064996334025812,0.35165355985773555
2022-05-05,PTC,PTC,7.150000095367432,7.150000095367432,7.150000095367432,7.150000095367432,0,7.150000095367432,0.0,36.41552365171245,-0.1658465705855825,-0.11943356479990898,-0.04641300578567352,-9.83606241936837,7.559000015258789,7.597400026321411,8.302332472914072,7.559000015258789,6.815667557603506,1486175.0,861532000.0,0.0,0.0,0.0,0.3515193689064375
2022-05-06,PTC,PTC,7.159999847412109,7.300000190734863,7.019999980926514,7.090000152587891,338500,7.150000095367432,-0.059999942779541016,34.69537848420174,-0.17063704063188823,-0.12967425996630483,-0.0409627806655834,-7.922073659576655,7.531000018119812,7.582000026702881,8.301588281062397,7.531000018119812,6.760411755177227,1480000.0,861193500.0,-0.8391600276818971,-0.8391600276818971,-0.8391600276818971,0.3396149869372247
2022-05-09,PTC,PTC,7.050000190734863,7.099999904632568,6.78000020980835,7.059999942779541,1562500,7.090000152587891,-0.03000020980834961,33.834781044376726,-0.17483885537502442,-0.13870717904804875,-0.03613167632697567,-9.370988737461294,7.482000017166138,7.565200023651123,8.240852324210907,7.482000017166138,6.723147710121369,1315900.0,859631000.0,-0.42313412077148355,-1.2587433760483833,-1.2587433760483833,0.27174304878754496
2022-05-10,PTC,PTC,7.0,7.179999828338623,6.880000114440918,7.019999980926514,857500,7.059999942779541,-0.039999961853027344,32.671156439060326,-0.17932929003242304,-0.14683160124492362,-0.032497688787499424,-8.831166820555026,7.429999995231628,7.545400018692017,8.164216288644674,7.429999995231628,6.695783701818583,1318350.0,858773500.0,-0.5665717022269444,-0.9873084648076699,-1.8181833945029813,0.26976498687915174
2022-05-11,PTC,PTC,7.0,7.090000152587891,6.650000095367432,6.980000019073486,3423000,7.019999980926514,-0.039999961853027344,31.504334674419027,-0.18399467835874628,-0.15426421666768814,-0.02973046169105814,-5.291721472747494,7.381500005722046,7.525200023651123,8.09904767565676,7.381500005722046,6.663952335787332,1438425.0,855350500.0,-0.5698000279445594,-1.1331434044538888,-2.3776234129575795,0.26854035173936125
2022-05-12,PTC,PTC,6.949999809265137,7.070000171661377,6.690000057220459,6.989999771118164,2710500,6.980000019073486,0.009999752044677734,32.156656031623044,-0.18475539066374047,-0.16036245146689862,-0.02439293919684185,-1.82584433329257,7.342499995231629,7.503800010681152,8.05591650679043,7.342499995231629,6.629083483672828,1519050.0,858061000.0,0.14326292288470632,-0.4273534172344844,-2.2377667428694674,0.26270025695913335
2022-05-13,PTC,PTC,6.800000190734863,7.03000020980835,6.800000190734863,6.949999809265137,606000,6.989999771118164,-0.039999961853027344,30.889403800740084,-0.18643679594323714,-0.16557732036216632,-0.02085947558107082,-3.872755312167084,7.2889999628067015,7.483800010681152,7.946808007907315,7.2889999628067015,6.631191917706088,1449575.0,857455000.0,-0.5722455388096342,-0.42980243160990406,-1.9746169296153397,0.222691132381605
2022-05-16,PTC,PTC,6.860000133514404,7.0,6.699999809265137,6.960000038146973,1144000,6.949999809265137,0.010000228881835938,31.614988564289405,-0.18483176135462553,-0.16942820856065816,-0.015403552793967379,-2.6573434221848786,7.239499974250793,7.469800014495849,7.833805307969874,7.239499974250793,6.645194640531712,1490325.0,858599000.0,0.14388818929900543,-0.4291807432547664,-1.416429255567361,0.22458465479017448
2022-05-17,PTC,PTC,6.909999847412109,6.989999771118164,6.849999904632568,6.96999979019165,281000,6.960000038146973,0.009999752044677734,32.379503274477884,-0.18067020974625603,-0.17167660879777774,-0.008993600948478286,-2.5174867520967665,7.191499972343445,7.457800006866455,7.699841908251588,7.191499972343445,6.6831580364353025,1486600.0,858880000.0,0.1436745975556067,0.28776951763151754,-0.7122534312067641,0.22595588739079436
2022-05-18,PTC,PTC,6.949999809265137,7.329999923706055,6.900000095367432,7.25,9925000,6.96999979019165,0.2800002098083496,49.428081319865285,-0.15301461599719524,-0.16794421023766126,0.014929594240466026,1.3986000461364954,7.168999981880188,7.448800010681152,7.619071301546182,7.168999981880188,6.718928662214195,1954275.0,868805000.0,4.0172197738423545,4.166666095740953,3.868194558577566,0.2641038676138603
2022-05-19,PTC,PTC,7.190000057220459,7.289999961853027,7.110000133514404,7.150000095367432,415000,7.25,-0.09999990463256836,45.058751105206085,-0.1375805720790506,-0.16187148260593914,0.02429091052688853,0.0,7.136999988555909,7.437000017166138,7.479258722584365,7.136999988555909,6.794741254527452,1952150.0,868390000.0,-1.379309029414736,2.582500869355577,2.288988976943456,0.2609381553018626
2022-05-20,PTC,PTC,7.079999923706055,7.349999904632568,7.079999923706055,7.289999961853027,1770500,7.150000095367432,0.1399998664855957,51.51999966934258,-0.11275242214343084,-0.1520476705134375,0.03929524837000667,1.9580400645910934,7.116499996185302,7.432200012207031,7.3479508639079825,7.116499996185302,6.885049128462622,2021900.0,870160500.0,1.9580400645910934,0.5517236117658945,4.892088660702291,0.2723721874468474
2022-05-23,PTC,PTC,7.110000133514404,7.309999942779541,7.03000020980835,7.269999980926514,631500,7.289999961853027,-0.019999980926513672,50.60442646946065,-0.09361068010660212,-0.14036027243207044,0.046749592325468325,1.6783200553637942,7.111500000953674,7.429600009918213,7.323386364322155,7.111500000953674,6.899613637585193,1856950.0,869529000.0,-0.2743481622931302,1.6783200553637942,4.454022141960724,0.22719213730312365
2022-05-24,PTC,PTC,7.199999809265137,7.400000095367432,7.199999809265137,7.340000152587891,2169000,7.269999980926514,0.07000017166137695,53.70542478700348,-0.07196274111209267,-0.1266807661680749,0.05471802505598222,3.526093012970508,7.122500014305115,7.425000009536743,7.357793901109699,7.122500014305115,6.887206127500531,1438025.0,871698000.0,0.9628634366578896,0.6858736762208961,5.308470208520142,0.19236397298925922
2022-05-25,PTC,PTC,7.25,7.519999980926514,7.110000133514404,7.480000019073486,2232000,7.340000152587891,0.1399998664855957,59.21957335478281,-0.04301393641256279,-0.10994740021697247,0.06693346380440968,5.9490096274503665,7.135000014305115,7.4236000061035154,7.4163876528808474,7.135000014305115,6.853612375729383,1504250.0,873930000.0,1.9073550895804197,2.8885837510031127,3.1724140561860183,0.19621828245841658
2022-05-26,PTC,PTC,7.510000228881836,8.220000267028809,7.409999847412109,8.170000076293945,14110000,7.480000019073486,0.690000057220459,75.01505662265646,0.03519967794696388,-0.0809179845841852,0.11611766253114908,16.38176778478641,7.186000013351441,7.437800006866455,7.727942016999498,7.186000013351441,6.644058009703383,2108800.0,888040000.0,9.224599671938586,11.307900632855144,14.265733808694403,0.37121756139221224
2022-05-27,PTC,PTC,8.15999984741211,8.289999961853027,7.610000133514404,7.71999979019165,3900000,8.170000076293945,-0.4500002861022949,58.9723415155343,0.06017955608433567,-0.052698476450481035,0.11287803253481671,10.601715889628185,7.214499998092651,7.444800004959107,7.80614270281203,7.214499998092651,6.622857293373272,2303800.0,884140000.0,-5.507959386781583,3.2085530816334376,5.89848875979037,0.43146835909679465
2022-05-30,PTC,PTC,7.71999979019165,7.849999904632568,7.610000133514404,7.639999866485596,555500,7.71999979019165,-0.07999992370605469,56.652748047782744,0.07268311847655973,-0.027622157465072884,0.1003052759416326,9.299000238213937,7.23899998664856,7.45,7.859285165458311,7.23899998664856,6.618714807838809,2331575.0,883584500.0,-1.0362684699511977,-6.487150610269847,5.089406967397653,0.4343594876494556
2022-05-31,PTC,PTC,7.639999866485596,7.900000095367432,7.610000133514404,7.710000038146973,273500,7.639999866485596,0.07000017166137695,58.201969627934545,0.08723511844941889,-0.00465070228217453,0.09188582073159342,10.935255391930653,7.266999983787537,7.456400003433227,7.92006081928052,7.266999983787537,6.613939148294554,2345250.0,883858000.0,0.9162326293806216,-0.12953047042025229,5.040870270671995,0.4345513828363389
2022-06-01,PTC,PTC,7.710000038146973,7.800000190734863,7.599999904632568,7.610000133514404,349500,7.710000038146973,-0.09999990463256836,55.168575099291914,0.08966492525576442,0.01421242322541326,0.07545250203035116,9.339081778805383,7.289999985694886,7.460800008773804,7.957942669593948,7.289999985694886,6.622057301795823,2362725.0,883508500.0,-1.2970156178702485,-0.39266666878871687,1.7379694399655963,0.43860399140435924
2022-06-02,PTC,PTC,7.610000133514404,7.659999847412109,7.550000190734863,7.550000190734863,188500,7.610000133514404,-0.059999942779541016,53.371218426199455,0.08576047731529357,0.02852203404338932,0.05723844327190425,8.321383328582064,7.309999990463257,7.461200008392334,7.984216950880425,7.309999990463257,6.635783030046088,2372150.0,883320000.0,-0.7884355023241267,-2.0752249885923977,-7.588737818474107,0.4403221840740634
2022-06-03,PTC,PTC,7.510000228881836,7.610000133514404,7.300000190734863,7.400000095367432,452500,7.550000190734863,-0.15000009536743164,49.06733632326044,0.0697582899558089,0.03676928522587324,0.03298900472993566,2.0689668326542296,7.3254999876022335,7.458600006103516,7.992637709221311,7.3254999876022335,6.658362265983156,2377850.0,882867500.0,-1.9867561798409927,-2.7595273910986347,-4.145073879804791,0.4461340419357604
2022-06-06,PTC,PTC,7.400000095367432,7.420000076293945,7.309999942779541,7.329999923706055,414500,7.400000095367432,-0.07000017166137695,47.156231143462115,0.05084193813187721,0.03958381580707404,0.011258122324803166,2.5174800830456916,7.33899998664856,7.452600002288818,7.994339270294065,7.33899998664856,6.683660703003054,2320450.0,882453000.0,-0.9459482535033839,-2.9139107479598003,-4.057590944987035,0.4475651575003225
2022-06-07,PTC,PTC,7.309999942779541,7.409999847412109,7.150000095367432,7.190000057220459,263500,7.329999923706055,-0.1399998664855957,43.50651100801733,0.02427395874240368,0.03652184439413997,-0.01224788565173629,-1.3717408114656509,7.347499990463257,7.444600000381469,7.989696134183701,7.347499990463257,6.705303846742813,2290750.0,882189500.0,-1.9099572707063774,-2.8378383167648535,-6.744487397583604,0.4532194878648397
2022-06-08,PTC,PTC,7.199999809265137,7.289999961853027,7.199999809265137,7.28000020980835,68500,7.190000057220459,0.09000015258789062,46.37961101751477,0.010361463316153063,0.03128976817854259,-0.02092830486238953,0.137554730509937,7.3625,7.437000007629394,7.982173164955718,7.3625,6.742826835044282,2123025.0,882258000.0,1.2517406379921958,-0.6821243440398997,-4.336398395746889,0.45395439491178413
2022-06-09,PTC,PTC,7.25,7.380000114440918,7.199999809265137,7.210000038146973,1871500,7.28000020980835,-0.07000017166137695,44.48463833755955,-0.006240778569893024,0.02378365882885547,-0.030024437398748494,-1.7711186885341326,7.373500013351441,7.425200004577636,7.9728075542883285,7.373500013351441,6.774192472414553,2081075.0,880386500.0,-0.9615407918129683,0.2781638493372328,-4.503313165543078,0.45598359857617005
2022-06-10,PTC,PTC,7.300000190734863,7.300000190734863,7.190000057220459,7.28000020980835,137000,7.210000038146973,0.07000017166137695,46.82440677441365,-0.013593053777483988,0.01630831630758758,-0.029901370085071568,-2.6737942346945314,7.390000033378601,7.417600011825561,7.957543222209876,7.390000033378601,6.822456844547326,2057625.0,880523500.0,0.970876162150029,0.0,-1.6216200542241166,0.4558374566383516
2022-06-13,PTC,PTC,7.25,7.309999942779541,7.050000190734863,7.099999904632568,992000,7.28000020980835,-0.18000030517578125,41.930571911998555,-0.03355747546380705,0.0063351579533086535,-0.03989263341711571,-13.096697205255692,7.397000026702881,7.412000007629395,7.945341088219465,7.397000026702881,6.8486589651862975,2050025.0,879531500.0,-2.472531593244554,-1.5256606509349646,-3.137790197372855,0.4661455582781874
2022-06-14,PTC,PTC,7.099999904632568,7.260000228881836,7.0,7.25,329000,7.099999904632568,0.15000009536743164,46.910139042384735,-0.036850875439863984,-0.002302048725325874,-0.03454882671453811,-6.088080349286934,7.411000037193299,7.407400007247925,7.926768226409459,7.411000037193299,6.895231847977138,2052425.0,879860500.0,2.1126774279188427,-0.4120907821943508,0.8344915480116986,0.4713786262725009
2022-06-15,PTC,PTC,7.28000020980835,7.300000190734863,7.210000038146973,7.28000020980835,297500,7.25,0.03000020980834961,47.87291431608788,-0.036618042439926946,-0.009165247468246089,-0.027452794971680856,-4.712037473409619,7.412500047683716,7.403600015640259,7.926468070640289,7.412500047683716,6.898532024727143,1571050.0,880158000.0,0.4137959973565464,2.5352155999091726,0.0,0.4499281446013776
2022-06-16,PTC,PTC,7.28000020980835,7.340000152587891,7.099999904632568,7.210000038146973,3250500,7.28000020980835,-0.07000017166137695,45.78645529652972,-0.04160238307176822,-0.015652674588950515,-0.025949708482817708,-6.485084274009554,7.415500044822693,7.398200016021729,7.923684613488681,7.415500044822693,6.907315476156705,1712825.0,876907500.0,-0.9615407918129683,-0.5517236117658945,0.0,0.4483999816415445
2022-06-17,PTC,PTC,7.25,7.440000057220459,7.25,7.340000152587891,249000,7.210000038146973,0.13000011444091797,50.133169361904656,-0.03466301252226245,-0.019454742175612903,-0.015208270346649545,-3.5479628934227616,7.418000054359436,7.392000017166137,7.924072620851847,7.418000054359436,6.911927487867025,1636750.0,877156500.0,1.8030528953274325,0.8241750144279261,0.8241750144279261,0.44757145475448096
2022-06-20,PTC,PTC,7.380000114440918,7.380000114440918,7.199999809265137,7.230000019073486,174500,7.340000152587891,-0.1100001335144043,46.719762510919146,-0.03760610308408552,-0.023085014357307428,-0.01452108872677809,-4.238412762612532,7.4160000562667845,7.375800018310547,7.924843914817142,7.4160000562667845,6.907156197716427,1613900.0,876982000.0,-1.498639390022644,0.2773922443924678,1.8309875519307572,0.4509218364275142
2022-06-21,PTC,PTC,7.28000020980835,7.400000095367432,7.199999809265137,7.349999904632568,2319500,7.230000019073486,0.11999988555908203,50.6659857737695,-0.029910743245086024,-0.024450160134863147,-0.0054605831102228775,-0.675678244466031,7.416500043869019,7.361600008010864,7.925049038296035,7.416500043869019,6.907951049442002,1621425.0,879301500.0,1.659749450103872,0.13623640104628723,1.379309029414736,0.4535462291300315
2022-06-22,PTC,PTC,7.400000095367432,7.429999828338623,7.230000019073486,7.260000228881836,182500,7.349999904632568,-0.08999967575073242,47.80613153356751,-0.030720213308662814,-0.025704170769623082,-0.005016042539039731,-0.9549753827122395,7.405500054359436,7.347800016403198,7.917769479479563,7.405500054359436,6.893230629239309,1518950.0,879119000.0,-1.2244854002516012,0.4149406601549925,-0.27472500480930867,0.4500981618297373
2022-06-23,PTC,PTC,7.25,7.5,7.199999809265137,7.21999979019165,1575000,7.260000228881836,-0.04000043869018555,46.548533363491835,-0.03419524378608063,-0.027402385372914593,-0.006792858413166038,0.417242458031201,7.358000040054321,7.336800012588501,7.728297179880114,7.358000040054321,6.987702900228529,892200.0,877544000.0,-0.5509702125222425,-1.7687090629617739,0.1386928154198422,0.2844135826494337
2022-06-24,PTC,PTC,7.300000190734863,7.320000171661377,6.960000038146973,7.010000228881836,1274500,7.21999979019165,-0.20999956130981445,40.52175938277096,-0.05328025838101169,-0.03257795997453401,-0.02070229840647768,-3.708790839906055,7.322500061988831,7.316600008010864,7.682668135765682,7.322500061988831,6.96233198821198,760925.0,876269500.0,-2.908581266097795,-3.443526062236837,-4.495911673649018,0.23572884326611043
2022-06-27,PTC,PTC,7.099999904632568,7.230000019073486,7.099999904632568,7.110000133514404,589000,7.010000228881836,0.09999990463256836,44.22501944835238,-0.05964852234217943,-0.0379920724480631,-0.02165644989411633,-1.386961221962339,7.296000075340271,7.299800014495849,7.635187976811844,7.296000075340271,6.956812173868698,762600.0,876858500.0,1.4265321165120608,-1.5235409954814725,-1.659749450103872,0.2439587040691497
2022-06-28,PTC,PTC,7.119999885559082,7.190000057220459,7.0,7.010000228881836,688500,7.110000133514404,-0.09999990463256836,41.445989095477636,-0.0719353480677194,-0.04478072757199436,-0.027154620495725035,-3.708790839906055,7.261000084877014,7.2814000225067135,7.562707510502711,7.261000084877014,6.959292659251317,783350.0,876170000.0,-1.4064683931748307,0.0,-4.625845988602489,0.24192300044780382
2022-06-29,PTC,PTC,7.010000228881836,7.190000057220459,7.0,7.039999961853027,390500,7.010000228881836,0.029999732971191406,42.61106944122629,-0.07834886134139118,-0.05149435432587373,-0.026854507015517455,-0.8450696279642564,7.232500076293945,7.268200025558472,7.501288790562828,7.232500076293945,6.963711362025062,785400.0,876560500.0,0.42795623383277204,-0.984531228507538,-3.030306612851063,0.2417912130488815
2022-06-30,PTC,PTC,7.079999923706055,7.090000152587891,6.900000095367432,6.960000038146973,482500,7.039999961853027,-0.07999992370605469,40.3077977761698,-0.08886258945724279,-0.05896800135214754,-0.02989458810509525,-3.99999947383486,7.203000068664551,7.251600027084351,7.453985478380746,7.203000068664551,6.952014658948356,800100.0,876078000.0,-1.136362558800321,-0.7132694593768766,-3.601104703602439,0.24288845915507637
2022-07-01,PTC,PTC,7.090000152587891,7.150000095367432,6.960000038146973,6.989999771118164,424000,6.960000038146973,0.029999732971191406,41.58298683648763,-0.09369402065620847,-0.06591320521295972,-0.027780815443248744,-3.9835223946761396,7.182500052452087,7.237400026321411,7.432710516880111,7.182500052452087,6.932289588024063,798675.0,876502000.0,0.4310306437753773,-0.7102299858777631,-0.2853132255441045,0.2369616403254059
2022-07-04,PTC,PTC,7.0,7.070000171661377,6.949999809265137,6.96999979019165,265000,6.989999771118164,-0.019999980926513672,40.95484297836563,-0.09800703194690108,-0.072331970559748,-0.025675061387153086,-3.328713546262397,7.164500045776367,7.229400024414063,7.421730316587892,7.164500045776367,6.907269774964842,791200.0,876237000.0,-0.2861227694048171,0.1436745975556067,-1.969062457015076,0.2356337359534317
2022-07-05,PTC,PTC,6.949999809265137,7.059999942779541,6.949999809265137,6.989999771118164,29500,6.96999979019165,0.019999980926513672,41.900000615864016,-0.09867384252014944,-0.07760034495182828,-0.02107349756832115,-4.76839746857942,7.154500031471253,7.226800022125244,7.422865570714591,7.154500031471253,6.886134492227915,779500.0,876266500.0,0.28694378089735556,0.0,-0.2853132255441045,0.22776844316785827
2022-07-06,PTC,PTC,7.010000228881836,7.079999923706055,7.0,7.039999961853027,203000,6.989999771118164,0.05000019073486328,44.30048106609889,-0.09408316501868708,-0.08089690896520005,-0.013186256053487028,-2.6279399269601553,7.142500019073486,7.223000020980835,7.408691585562734,7.142500019073486,6.8763084525842375,786225.0,876469500.0,0.7153103343645022,1.0043066537804328,0.0,0.2242169912138808
2022-07-07,PTC,PTC,7.099999904632568,7.099999904632568,6.989999771118164,7.070000171661377,219000,7.039999961853027,0.03000020980834961,45.74881461874236,-0.08702112841580778,-0.08212175285532161,-0.004899375560486169,-3.8095202259079324,7.135500025749207,7.221400022506714,7.401580836585059,7.135500025749207,6.869419214913354,703600.0,876688500.0,0.42613934617768284,1.1444978993241874,1.5804616797630173,0.22302830184605882
2022-07-08,PTC,PTC,7.070000171661377,7.070000171661377,7.070000171661377,7.070000171661377,0,7.070000171661377,0.0,45.748814618742365,-0.08049649998431185,-0.08179670228111965,0.0013002022968078009,-2.6170805954605627,7.125000023841858,7.219800024032593,7.383538493703694,7.125000023841858,6.866461553980023,696750.0,876688500.0,0.0,0.42613934617768284,1.1444978993241874,0.21954679775664332
2022-07-11,PTC,PTC,7.070000171661377,7.070000171661377,7.070000171661377,7.070000171661377,0,7.070000171661377,0.0,45.748814618742365,-0.0744672725808968,-0.08033081634107508,0.00586354376017828,-2.0775571037280014,7.123500037193298,7.218200025558471,7.382995558084913,7.123500037193298,6.864004516301684,647150.0,876688500.0,0.0,0.0,1.4347257457661544,0.20146074957178667
2022-07-12,PTC,PTC,7.070000171661377,7.070000171661377,7.070000171661377,7.070000171661377,0,7.070000171661377,0.0,45.74881461874237,-0.0688948890302914,-0.07804363087891836,0.009148741848626962,0.8559192699072364,7.114500045776367,7.21660002708435,7.367937526319851,7.114500045776367,6.861062565232883,630700.0,876688500.0,0.0,0.0,1.1444978993241874,0.1851888290078114
2022-07-13,PTC,PTC,7.0,7.090000152587891,7.0,7.079999923706055,209500,7.070000171661377,0.009999752044677734,46.373982085074466,-0.06294623350382711,-0.07502415140390012,0.01207791790007301,-0.4219438712376056,7.104500031471252,7.215200023651123,7.3459409219126055,7.104500031471252,6.863059141029899,626300.0,876898000.0,0.14143920511854666,0.14143920511854666,0.5681812794001605,0.18439996171159087
2022-07-14,PTC,PTC,7.119999885559082,7.230000019073486,7.119999885559082,7.170000076293945,398000,7.079999923706055,0.09000015258789062,51.76184485011871,-0.05038877060851732,-0.07009707524482356,0.01970830463630624,2.282451386419297,7.102500033378601,7.215600023269653,7.340904862280187,7.102500033378601,6.864095204477016,483675.0,877296000.0,1.2711886095724656,1.4144257737559491,1.4144257737559491,0.18808495148462837
2022-07-15,PTC,PTC,7.190000057220459,7.230000019073486,7.150000095367432,7.150000095367432,354000,7.170000076293945,-0.019999980926513672,50.546490273144386,-0.041571511597970456,-0.06439196251545294,0.022820450917482485,1.5625019049780038,7.093000030517578,7.216800022125244,7.305266022927002,7.093000030517578,6.880734038108153,488925.0,876942000.0,-0.2789397589079432,0.9887030002217159,1.1315406190047592,0.17539448582282857
2022-07-18,PTC,PTC,7.059999942779541,7.21999979019165,7.019999980926514,7.130000114440918,1338500,7.150000095367432,-0.019999980926513672,49.29989932238545,-0.035785093340563456,-0.05867058868047505,0.02288549533991159,2.4425298184223294,7.088000035285949,7.218200025558471,7.291195588016026,7.088000035285949,6.8848044825558725,547125.0,875603500.0,-0.27972000922729906,-0.5578795178158864,0.8486554642535695,0.16791227494095864
2022-07-19,PTC,PTC,7.130000114440918,7.130000114440918,6.869999885559082,6.960000038146973,854500,7.130000114440918,-0.1700000762939453,40.22003043242941,-0.04440502707868621,-0.05581747636011728,0.011412449281431071,-0.4291807432547664,7.06850004196167,7.21700002670288,7.237867364989757,7.06850004196167,6.899132718933583,473875.0,874749000.0,-2.384292756877122,-2.6573434221848786,-1.5558717233885921,0.17408841321458318
2022-07-20,PTC,PTC,6.900000095367432,7.0,6.849999904632568,6.980000019073486,354000,6.960000038146973,0.019999980926513672,41.583158822501495,-0.049057056149132805,-0.054465392317920386,0.005408336168787581,0.14347531108836614,7.054500031471252,7.21700002670288,7.202109084543488,7.054500031471252,6.906890978399017,482450.0,875103000.0,0.2873560462197707,-2.1037881200538178,-1.4124280467537491,0.17130303108873884
2022-07-21,PTC,PTC,6.900000095367432,6.980000019073486,6.710000038146973,6.860000133514404,2190500,6.980000019073486,-0.11999988555908203,36.24313961467304,-0.061715393942382235,-0.055915392642812756,-0.005800001299569479,-1.8597945902788522,7.03650004863739,7.214400033950806,7.186906590443266,7.03650004863739,6.886093506831514,513225.0,872912500.0,-1.719196063483831,-1.4367802310988533,-4.323569588297339,0.17938839222166728
2022-07-22,PTC,PTC,6.619999885559082,6.900000095367432,6.599999904632568,6.829999923706055,1260000,6.860000133514404,-0.03000020980834961,35.031934743273595,-0.07332276485978362,-0.059396867086206936,-0.013925897773576681,-2.9829551034784054,7.027500033378601,7.212000036239624,7.203881893522362,7.027500033378601,6.85111817323484,512500.0,871652500.0,-0.4373208341758499,-2.148998495093735,-4.47552681668786,0.14980856086576405
2022-07-25,PTC,PTC,6.809999942779541,6.869999885559082,6.730000019073486,6.849999904632568,205000,6.829999923706055,0.019999980926513672,36.554180530504546,-0.0799858317455504,-0.06351466001807562,-0.01647117172747478,-3.1117434467771843,7.014500021934509,7.209800033569336,7.203176958869707,7.014500021934509,6.825823084999311,493300.0,871857500.0,0.29282549267821073,-0.14577592838489906,-3.9270716032843316,0.139262180942714
2022-07-26,PTC,PTC,6.670000076293945,6.800000190734863,6.670000076293945,6.800000190734863,689000,6.849999904632568,-0.04999971389770508,34.385090209931306,-0.08828324500976414,-0.06846837701641334,-0.019814867993350804,-3.818952961398111,7.004000020027161,7.2064000415802,7.215699963924676,7.004000020027161,6.792300076129646,493325.0,871168500.0,-0.7299228407856021,-0.43923474826209263,-2.2988483697581654,0.13331897989596214
2022-07-27,PTC,PTC,6.900000095367432,6.900000095367432,6.650000095367432,6.78000020980835,587000,6.800000190734863,-0.019999980926513672,33.528060724069704,-0.09537343057546899,-0.07384938772822447,-0.021524042847244518,-4.101838116149301,6.991000032424926,7.197000045776367,7.224229099983628,6.991000032424926,6.757770964866225,503150.0,870581500.0,-0.2941173583166078,-1.0218933693251417,-2.865326772473052,0.1316305397065291
2022-07-28,PTC,PTC,6.889999866485596,6.900000095367432,6.739999771118164,6.880000114440918,875500,6.78000020980835,0.09999990463256836,41.3935492937681,-0.09186434219528383,-0.07745237862163634,-0.01441196357364749,-2.6874123423933516,6.987000036239624,7.191600046157837,7.2251596567688665,6.987000036239624,6.748840415710381,522800.0,871457000.0,1.474924801446209,1.1764694332664312,0.2915449057909508,0.1390189604338733
2022-07-29,PTC,PTC,6.880000114440918,6.900000095367432,6.789999961853027,6.889999866485596,126000,6.880000114440918,0.009999752044677734,42.13095752374025,-0.08727046831897756,-0.07941599656110458,-0.007854471757872974,-2.6836166563262145,6.982000041007995,7.183600044250488,7.224061389698623,6.982000041007995,6.739938692317367,507900.0,871583000.0,0.1453452307898738,1.6224137650927217,0.8784764780346322,0.1380632063380376
2022-08-01,PTC,PTC,6.690000057220459,6.900000095367432,6.690000057220459,6.829999923706055,289000,6.889999866485596,-0.059999942779541016,38.96312219129085,-0.08746306435478246,-0.08102541011984016,-0.006437654234942303,-4.741982551883474,6.975000047683716,7.174800043106079,7.226438055121982,6.975000047683716,6.723562040245451,509100.0,871294000.0,-0.8708264723108823,-0.7267469462669681,-0.29197052853953964,0.14081864990102957
2022-08-02,PTC,PTC,6.730000019073486,6.880000114440918,6.670000076293945,6.800000190734863,385500,6.829999923706055,-0.029999732971191406,37.4470156643821,-0.08901036969843101,-0.08262240203555833,-0.006387967662872682,-4.895103496003271,6.965500068664551,7.164000043869018,7.228637037692274,6.965500068664551,6.702363099636828,526900.0,870908500.0,-0.43923474826209263,-1.3062362481095207,0.0,0.14054718378382047
2022-08-03,PTC,PTC,6.840000152587891,7.159999847412109,6.840000152587891,7.110000133514404,1974500,6.800000190734863,0.309999942779541,56.34874710767202,-0.06447894261262554,-0.07899371015097179,0.01451476753834624,-0.2805046368233042,6.969000077247619,7.156600046157837,7.238103888045451,6.969000077247619,6.699896266449787,615475.0,872883000.0,4.5588225600628975,4.099563879005397,4.8672553612705975,0.21685377153637375
2022-08-04,PTC,PTC,7.050000190734863,7.349999904632568,7.050000190734863,7.210000038146973,1715000,7.110000133514404,0.09999990463256836,60.495626360350315,-0.03654716042242967,-0.07050440020526337,0.0339572397828337,3.591954003301412,6.976000070571899,7.137400045394897,7.262863343939545,6.976000070571899,6.689136797204254,690275.0,874598000.0,1.4064683931748307,6.029409351645937,4.796510439198897,0.2217954515807854
2022-08-05,PTC,PTC,7.130000114440918,7.309999942779541,7.130000114440918,7.190000057220459,831000,7.210000038146973,-0.019999980926513672,59.282609964661454,-0.01584223370433424,-0.059571966905077545,0.043729733200743304,3.0085965268356505,6.982000064849854,7.126800050735474,7.281866712505895,6.982000064849854,6.682133417193812,731825.0,873767000.0,-0.2773922443924678,1.1251747145398645,4.354139282268017,0.2221915482976755
2022-08-08,PTC,PTC,7.190000057220459,7.190000057220459,7.190000057220459,7.190000057220459,0,7.190000057220459,0.0,59.282609964661454,0.0005601132537673692,-0.04754555087330856,0.04810566412707593,4.810494421040112,6.988000059127808,7.1178000545501705,7.2998434778963235,6.988000059127808,6.6761566403592925,731825.0,873767000.0,0.0,-0.2773922443924678,5.27086584971824,0.2221915482976755
2022-08-09,PTC,PTC,7.190000057220459,7.190000057220459,7.190000057220459,7.190000057220459,0,7.190000057220459,0.0,59.282609964661454,0.013404571830584189,-0.035355526332530016,0.048760098163114204,5.27086584971824,6.994000053405761,7.107400054931641,7.316907891597232,6.994000053405761,6.671092215214291,731825.0,873767000.0,0.0,0.0,5.735291993329328,0.2221915482976755
2022-08-10,PTC,PTC,7.289999961853027,7.289999961853027,7.110000133514404,7.130000114440918,1010500,7.190000057220459,-0.059999942779541016,55.13990493872319,0.01852881520230909,-0.024578658025562194,0.043107473227871285,4.087594360680049,6.996500062942505,7.097800054550171,7.322965997263473,6.996500062942505,6.670034128621537,771875.0,872756500.0,-0.8344915480116986,-0.8344915480116986,0.2812936786349661,0.22459901981357355
2022-08-11,PTC,PTC,7.110000133514404,7.199999809265137,7.099999904632568,7.170000076293945,798000,7.130000114440918,0.039999961853027344,57.28304430768851,0.025523261351311,-0.014558274150187556,0.04008153550149855,5.441174635012721,6.996500062942505,7.090200052261353,7.322965997263473,6.996500062942505,6.670034128621537,791875.0,873554500.0,0.5610092736466084,-0.2781638493372328,-0.5547844887849356,0.22083807539439268
2022-08-12,PTC,PTC,7.170000076293945,7.239999771118164,7.110000133514404,7.21999979019165,762500,7.170000076293945,0.04999971389770508,59.86420319770072,0.03470095831628495,-0.0047064276568930564,0.039407385973178,6.489669126363321,7.000000047683716,7.086600046157837,7.334789816770467,7.000000047683716,6.665210278596964,812300.0,874317000.0,0.697346072045638,1.2622675218258328,0.417242458031201,0.22186606587930116
2022-08-15,PTC,PTC,7.130000114440918,7.349999904632568,7.130000114440918,7.269999980926514,471000,7.21999979019165,0.05000019073486328,62.31640176978331,0.04548462832391742,0.005331783539269039,0.04015284478464838,5.668602616255739,7.007000041007996,7.0854000473022465,7.358663710627272,7.007000041007996,6.65533637138872,768925.0,874788000.0,0.6925234375046437,1.3946987945397158,1.1126553973489313,0.22258685033480197
2022-08-16,PTC,PTC,7.269999980926514,7.329999923706055,7.150000095367432,7.170000076293945,799000,7.269999980926514,-0.09999990463256836,55.06957206634304,0.045437828919618894,0.01335299261533901,0.032084836304279885,4.063863791497723,7.017500042915344,7.085000047683716,7.375733973822055,7.017500042915344,6.659266112008633,766150.0,873989000.0,-1.3755145102465878,-0.6925168331116789,-0.2781638493372328,0.21014754976761754
2022-08-17,PTC,PTC,7.25,8.069999694824219,7.150000095367432,7.940000057220459,14141000,7.170000076293945,0.7699999809265137,77.12673524128904,0.10630785260646114,0.03194396461356344,0.0743638879928977,16.25183229741681,7.065500044822693,7.098200044631958,7.610929837669602,7.065500044822693,6.520070251975785,1455500.0,888130000.0,10.739190693628471,9.215957057107973,11.360447822980928,0.4306059669343175
2022-08-18,PTC,PTC,7.900000095367432,7.989999771118164,7.550000190734863,7.710000038146973,5063500,7.940000057220459,-0.23000001907348633,66.60812944230568,0.13443897673580096,0.05244296703801095,0.08199600969779001,13.382350321872085,7.108000040054321,7.108200044631958,7.7149978144103155,7.108000040054321,6.501002265698327,1599150.0,883066500.0,-2.8967256601507128,7.531380140962905,7.531380140962905,0.44120415390393686
2022-08-19,PTC,PTC,7.699999809265137,7.699999809265137,7.400000095367432,7.460000038146973,1757000,7.710000038146973,-0.25,57.438475316966105,0.1350039431991208,0.06895516227023292,0.06604878092888787,4.922642729397063,7.1395000457763675,7.11180004119873,7.751123397815009,7.1395000457763675,6.527876693737726,1624000.0,881309500.0,-3.242542137004777,-6.045340247031674,3.324103253872139,0.4609218371549333
2022-08-22,PTC,PTC,7.449999809265137,7.449999809265137,7.269999980926514,7.360000133514404,1154500,7.460000038146973,-0.09999990463256836,54.222941710360566,0.12593087389685476,0.0803503045955573,0.04558056930129746,2.0804451397199,7.165000057220459,7.117000045776368,7.76827180150585,7.165000057220459,6.561728312935068,1671475.0,880155000.0,-1.3404812884881412,-4.539557754875026,1.2379663387072073,0.4654275896497814
2022-08-23,PTC,PTC,7.400000095367432,7.699999809265137,7.389999866485596,7.46999979019165,2566000,7.360000133514404,0.1099996566772461,57.06994532479101,0.12616213553005196,0.08951267078245624,0.036649464747595714,3.894293890721259,7.198500037193298,7.1214000415802,7.790740164402878,7.198500037193298,6.606259909983718,1765325.0,882721000.0,1.494560525567833,0.1340449328893251,4.184096383619147,0.4649708760517513
2022-08-24,PTC,PTC,7.5,7.5,7.309999942779541,7.349999904632568,372000,7.46999979019165,-0.11999988555908203,53.18401137936651,0.11533293784160303,0.0946767241942856,0.02065621364731743,2.2253107946978625,7.22700002193451,7.1228000354766845,7.788505492878415,7.22700002193451,6.665494550990604,1754575.0,882349000.0,-1.6064242159236166,-0.1358726725601406,-7.4307323468009,0.47028375713064097
2022-08-25,PTC,PTC,7.329999923706055,7.389999866485596,7.269999980926514,7.289999961853027,156500,7.349999904632568,-0.059999942779541016,51.303025134310126,0.10074786800252422,0.09589095295593333,0.004856915046590887,1.3908192466861642,7.247500014305115,7.124400033950805,7.78509209873736,7.247500014305115,6.70990792987287,1718625.0,882192500.0,-0.8163257626945568,-2.409636323885425,-5.447471779713356,0.47065676475870616
2022-08-26,PTC,PTC,7.440000057220459,7.449999809265137,7.210000038146973,7.21999979019165,615500,7.289999961853027,-0.07000017166137695,49.12030268324668,0.08258863585359233,0.09323048953546513,-0.010641853681872801,1.2622675218258328,7.264000010490418,7.122000026702881,7.7749907598274275,7.264000010490418,6.753009261153408,1743100.0,881577000.0,-0.9602218385140262,-1.7687090629617739,-3.217161484290517,0.47286224544280697
2022-08-29,PTC,PTC,7.159999847412109,7.21999979019165,7.099999904632568,7.190000057220459,243500,7.21999979019165,-0.029999732971191406,48.17433940743218,0.06502699509130139,0.08758979064663239,-0.022562795555331,0.2789397589079432,7.282000017166138,7.121200027465821,7.752368239332022,7.282000017166138,6.811631795000253,1740825.0,881333500.0,-0.4155087789884143,-1.3717408114656509,-2.309783603397439,0.4716742740109389
2022-08-30,PTC,PTC,7.25,7.349999904632568,7.159999847412109,7.179999828338623,514500,7.190000057220459,-0.010000228881835938,47.8435785321213,0.04972908740273585,0.08001764999785307,-0.030288562595117224,-0.554016108246529,7.300999999046326,7.117800025939942,7.716940271991404,7.300999999046326,6.885059726101248,1747275.0,880819000.0,-0.1390852406432646,-0.554016108246529,-3.882195046829942,0.47117274179453666
2022-08-31,PTC,PTC,7.199999809265137,7.25,7.150000095367432,7.159999847412109,46000,7.179999828338623,-0.019999980926513672,47.14638857823717,0.03558139387023118,0.0711303987723287,-0.03554900490209752,-1.513069240756525,7.303499984741211,7.115800018310547,7.715185882172197,7.303499984741211,6.891814087310225,1650850.0,880773000.0,-0.27855127304566324,-0.4172490899804975,-2.5850348256563307,0.4438435252040422
2022-09-01,PTC,PTC,7.230000019073486,7.449999809265137,7.199999809265137,7.210000038146973,599500,7.159999847412109,0.05000019073486328,49.141723776919044,0.02808015182936696,0.06252034938373635,-0.03444019755436939,0.5578795178158864,7.303499984741211,7.1156000232696535,7.715185882172197,7.303499984741211,6.891814087310225,1595075.0,881372500.0,0.6983267011232579,0.417830230161598,-1.0973926491725208,0.4417229694451153
2022-09-02,PTC,PTC,7.190000057220459,7.289999961853027,7.139999866485596,7.150000095367432,223500,7.210000038146973,-0.059999942779541016,46.85576653917928,0.017096788392381157,0.05343563718546532,-0.03633884879308416,-9.949621614103378,7.30149998664856,7.118400020599365,7.715887309616876,7.30149998664856,6.887112663680244,1564700.0,881149000.0,-0.8321767331774035,-0.13966134438245856,-0.9695248872349435,0.4426812598207679
2022-09-05,PTC,PTC,7.28000020980835,7.28000020980835,7.099999904632568,7.110000133514404,275000,7.150000095367432,-0.039999961853027344,45.341484150268215,0.005105873775213432,0.043769684503414945,-0.03866381072820151,-7.782099891879804,7.2974999904632565,7.118400020599365,7.717919583857963,7.2974999904632565,6.87708039706855,1578450.0,880874000.0,-0.5594400184545981,-1.386961221962339,-1.1126553973489313,0.4431385742780293
2022-09-06,PTC,PTC,7.079999923706055,7.170000076293945,7.050000190734863,7.099999904632568,352500,7.110000133514404,-0.010000228881835938,44.950362310308904,-0.0051446431008930205,0.03398681898255335,-0.039131462083446374,-4.825739030476287,7.292999982833862,7.1202000141143795,7.720137347847419,7.292999982833862,6.865862617820306,1596075.0,880521500.0,-0.14065019260263953,-0.699303357593785,-1.114205092182653,0.44315797293496
2022-09-07,PTC,PTC,7.150000095367432,7.150000095367432,7.079999923706055,7.099999904632568,103500,7.099999904632568,0.0,44.95036231030891,-0.013117046430026313,0.02456604590003742,-0.037683092330063735,-3.5326117413762286,7.291499972343445,7.12140001296997,7.721250238444486,7.291499972343445,6.861749706242404,1550725.0,880521500.0,0.0,-0.14065019260263953,-0.8379880455057165,0.4421319272884538
2022-09-08,PTC,PTC,7.150000095367432,7.170000076293945,7.050000190734863,7.110000133514404,147500,7.099999904632568,0.010000228881835938,45.49563902809456,-0.018416010307804598,0.01596963465846902,-0.03438564496627362,-4.81927264777085,7.288499975204468,7.124400014877319,7.722636771584874,7.288499975204468,6.854363178824062,1518200.0,880669000.0,0.14084829600224422,0.14084829600224422,-1.386961221962339,0.44169375991007076
2022-09-09,PTC,PTC,7.150000095367432,7.179999828338623,7.050000190734863,7.059999942779541,302500,7.110000133514404,-0.05000019073486328,43.19201117605224,-0.026346370324140445,0.007506433661947126,-0.03385280398608757,-3.945577763480592,7.280499982833862,7.125800018310547,7.725707230204096,7.280499982833862,6.835292735463629,1495200.0,880366500.0,-0.7032375498725718,-0.5633797519761711,-1.2587433760483833,0.4415292396064505
2022-09-12,PTC,PTC,7.099999904632568,7.139999866485596,7.050000190734863,7.059999942779541,198000,7.059999942779541,0.0,43.19201117605224,-0.03225937181472638,-0.000446727433387575,-0.0318126443813388,-3.155007136859068,7.269999980926514,7.127600021362305,7.726024012864807,7.269999980926514,6.813975948988221,1481550.0,880366500.0,0.0,-0.7032375498725718,-0.7032375498725718,0.4406116174737053
2022-09-13,PTC,PTC,7.110000133514404,7.139999866485596,6.889999866485596,6.920000076293945,924500,7.059999942779541,-0.1399998664855957,37.09299506942507,-0.04769251763879723,-0.009895885474469505,-0.03779663216432772,-4.155120811848968,7.2574999809265135,7.126200027465821,7.73810816173085,7.2574999809265135,6.776891800122177,1487825.0,879442000.0,-1.9830009577943053,-1.9830009577943053,-2.5352088838927695,0.4434412579774633
2022-09-14,PTC,PTC,6.989999771118164,6.989999771118164,6.849999904632568,6.880000114440918,204000,6.920000076293945,-0.039999961853027344,35.54847359861432,-0.06243138932811032,-0.02040298624519767,-0.042028403082912655,-4.3115429807017565,7.204499983787537,7.123000030517578,7.593207657072939,7.204499983787537,6.815792310502135,790975.0,879238000.0,-0.5780341244511894,-2.5495726600212496,-3.098588635868941,0.1770882444016744
2022-09-15,PTC,PTC,7.090000152587891,7.099999904632568,6.860000133514404,6.889999866485596,447000,6.880000114440918,0.009999752044677734,36.26298327986108,-0.07246976853038323,-0.03081634270223478,-0.041653425828148447,-4.03899677975522,7.163499975204468,7.1194000244140625,7.496731321201532,7.163499975204468,6.830268629207405,560150.0,879685000.0,0.1453452307898738,-0.43352903869354337,-3.0942371715549406,0.1592422330785932
2022-09-16,PTC,PTC,6.829999923706055,6.920000076293945,6.820000171661377,6.860000133514404,113000,6.889999866485596,-0.029999732971191406,35.009067703808114,-0.08190187032439145,-0.04103344822666612,-0.04086842209772533,-4.189940227528583,7.133499979972839,7.1152000236511235,7.462343164353398,7.133499979972839,6.8046567955922805,477950.0,879572000.0,-0.4354097757986382,-0.2906973923522806,-2.832858511134722,0.12361572064259284
2022-09-19,PTC,PTC,6.869999885559082,6.920000076293945,6.840000152587891,6.889999866485596,38500,6.860000133514404,0.029999732971191406,37.34233066662953,-0.08596519792798496,-0.05001979816692989,-0.03594539976105507,-4.438282523832268,7.109999966621399,7.111600017547607,7.437863774274879,7.109999966621399,6.782136158967919,422150.0,879610500.0,0.4373138831970026,0.0,-2.4079331114982394,0.12206949314903263
2022-09-20,PTC,PTC,6.960000038146973,6.960000038146973,6.809999942779541,6.840000152587891,180500,6.889999866485596,-0.04999971389770508,35.08171589519338,-0.09215763749611128,-0.05844736603276617,-0.033710271463345105,-4.335663477548673,7.078499984741211,7.107000017166138,7.3807911522189125,7.078499984741211,6.77620881726351,302875.0,879430000.0,-0.7256852665689323,-0.2915449057909508,-1.1560682489023788,0.10191419312201366
2022-09-21,PTC,PTC,6.840000152587891,6.889999866485596,6.71999979019165,6.789999961853027,195500,6.840000152587891,-0.05000019073486328,32.934549538780274,-0.09994765365516045,-0.06674742355724503,-0.03320023009791542,-4.500705564729771,7.050499987602234,7.101200017929077,7.350638489701448,7.050499987602234,6.75036148550302,294050.0,879234500.0,-0.7309969242609722,-1.4513774538514705,-1.3081417309715293,0.09294028071589555
2022-09-22,PTC,PTC,6.789999961853027,6.800000190734863,6.650000095367432,6.739999771118164,120500,6.789999961853027,-0.05000019073486328,30.89797826703004,-0.10890055727252257,-0.07517805030030053,-0.03372250697222204,-5.070424483801942,7.02299997806549,7.092600011825562,7.331415268280114,7.02299997806549,6.714584687850866,292250.0,879114000.0,-0.7363798382293063,-1.4619938485219444,-2.1770696411340085,0.09250054202197884
2022-09-23,PTC,PTC,6.730000019073486,6.940000057220459,6.699999809265137,6.75,1428500,6.739999771118164,0.010000228881835938,31.806249221167676,-0.113876169400708,-0.08291767412038203,-0.03095849528032596,-4.929576187799698,6.999499988555908,7.084600009918213,7.316225016330147,6.999499988555908,6.6827749607816695,332900.0,880542500.0,0.1483713534336946,-0.5891010615280053,-1.6035004573396534,0.09180147214545356
2022-09-26,PTC,PTC,6.840000152587891,6.900000095367432,6.71999979019165,6.849999904632568,218000,6.75,0.09999990463256836,40.2619574546888,-0.10849950651733575,-0.08803404059977278,-0.020465465917562972,-3.656824528824873,6.982499980926514,7.079000005722046,7.29260183992473,6.982499980926514,6.672398121928298,331625.0,880760500.0,1.4814800686306424,1.6320495140930147,-0.5805509815405883,0.11204263316996235
2022-09-27,PTC,PTC,6.900000095367432,6.980000019073486,6.829999923706055,6.929999828338623,96500,6.849999904632568,0.07999992370605469,46.02764915348231,-0.09666879944392726,-0.08976099236860369,-0.006907807075323569,-1.841361409271295,6.969999980926514,7.078400001525879,7.26643497435985,6.969999980926514,6.673564987493178,310725.0,880857000.0,1.1678821141581586,2.6666641235351562,1.315784703845092,0.12269528477659014
2022-09-28,PTC,PTC,6.920000076293945,7.079999923706055,6.900000095367432,6.929999828338623,154000,6.929999828338623,0.0,46.02764915348231,-0.08629808821041429,-0.08906841153696582,0.002770323326551527,-1.841361409271295,6.9584999799728395,7.077399997711182,7.241437638283854,6.9584999799728395,6.675562321661825,316125.0,880857000.0,0.0,1.1678821141581586,2.0618537153480188,0.12277944707993144
2022-09-29,PTC,PTC,6.949999809265137,6.949999809265137,6.769999980926514,6.849999904632568,475000,6.929999828338623,-0.07999992370605469,41.39415310693036,-0.08357119340047703,-0.08796896790966806,0.00439777450919103,-1.0115631631447328,6.940499973297119,7.0771999931335445,7.2009833883104175,6.940499973297119,6.680016558283821,309900.0,880382000.0,-1.1544000820737916,-1.1544000820737916,1.6320495140930147,0.12320792512269686
2022-09-30,PTC,PTC,6.840000152587891,6.849999904632568,6.760000228881836,6.789999961853027,4090000,6.849999904632568,-0.059999942779541016,38.28153862118298,-0.08526867930216575,-0.0874289101881676,0.0021602308860018543,-1.3081417309715293,6.922499966621399,7.0763999938964846,7.171529701730905,6.922499966621399,6.673470231511893,503225.0,876292000.0,-0.8759115856186189,-2.0202001436291352,0.5925920274522569,0.12349010157254321
2022-10-03,PTC,PTC,6.889999866485596,6.889999866485596,6.769999980926514,6.789999961853027,53500,6.789999961853027,0.0,38.28153862118298,-0.08562689555787895,-0.08706850726210988,0.0014416117042309329,-1.4513774538514705,6.90649995803833,7.075199995040894,7.145733394262812,6.90649995803833,6.667266521813848,492150.0,876292000.0,0.0,-0.8759115856186189,-0.8759115856186189,0.1232578894016411
2022-10-04,PTC,PTC,6.900000095367432,7.0,6.889999866485596,6.929999828338623,544000,6.789999961853027,0.1399998664855957,48.71688524795545,-0.07376366372452559,-0.08440753855459301,0.010643874830067429,1.0204036947789044,6.897999954223633,7.077799987792969,7.119725265107966,6.897999954223633,6.6762746433393,501725.0,876836000.0,2.0618537153480188,2.0618537153480188,0.0,0.14768212442625206
2022-10-05,PTC,PTC,6.980000019073486,7.28000020980835,6.949999809265137,7.110000133514404,1570500,6.929999828338623,0.18000030517578125,58.44530300754288,-0.049269498613437435,-0.0773799305663619,0.028110431952924467,3.193037319186841,6.898499965667725,7.08439998626709,7.122179781422911,6.898499965667725,6.674820149912538,575075.0,878406500.0,2.5974070654332753,4.712815514862642,2.5974070654332753,0.1763993819290839
2022-10-06,PTC,PTC,7.28000020980835,7.28000020980835,7.070000171661377,7.139999866485596,625000,7.110000133514404,0.029999732971191406,59.813585918818504,-0.027124296553048488,-0.06732880376369922,0.04020450721065073,4.385960631655852,6.899999952316284,7.089599981307983,7.129965632494529,6.899999952316284,6.670034272138039,598950.0,879031500.0,0.42193716466729275,3.0303036558273253,4.233576144386572,0.17695117373870328
2022-10-07,PTC,PTC,7.099999904632568,7.199999809265137,7.0,7.010000228881836,575500,7.139999866485596,-0.12999963760375977,51.84673593896387,-0.01983529968719644,-0.057830102948398666,0.03799480326120223,3.2400628610426288,6.897499966621399,7.091999988555909,7.121142106568713,6.897499966621399,6.673857826674085,612600.0,878456000.0,-1.8207232497855403,-1.4064683931748307,3.2400628610426288,0.18721533933587076
2022-10-10,PTC,PTC,7.019999980926514,7.119999885559082,6.980000019073486,7.03000020980835,334500,7.010000228881836,0.019999980926513672,52.88642853209144,-0.012303063781782697,-0.048724695115075475,0.03642163133329278,4.302677278015317,6.8959999799728395,7.095999994277954,7.115415545848383,6.8959999799728395,6.676584414097296,619425.0,878790500.0,0.2853064233024121,-1.5406114668653266,3.5346133918066314,0.187547473614703
2022-10-11,PTC,PTC,7.090000152587891,7.090000152587891,6.96999979019165,6.980000019073486,188500,7.03000020980835,-0.05000019073486328,49.980995410698696,-0.010250152703321191,-0.04102978663272462,0.03077963392940343,3.4074076899775756,6.898999977111816,7.099599990844727,7.121417392841371,6.898999977111816,6.676582561382261,582625.0,878602000.0,-0.7112402452720037,-0.4279630360744644,0.7215034916797419,0.17484793307065527
2022-10-12,PTC,PTC,7.0,7.070000171661377,6.940000057220459,6.949999809265137,567500,6.980000019073486,-0.03000020980834961,48.26759213836478,-0.010918114860710482,-0.0350074522783218,0.024089337417611316,1.4598526426976983,6.902499961853027,7.096399984359741,7.12585954808987,6.902499961853027,6.679140375616185,600800.0,878034500.0,-0.42980243160990406,-1.1379857490131404,-2.2503561356500423,0.17422103745166648
2022-10-13,PTC,PTC,7.0,7.21999979019165,6.869999885559082,6.96999979019165,1406000,6.949999809265137,0.019999980926513672,49.510239701646,-0.009721584000017991,-0.029950278622661038,0.020228694622643047,0.5772000410368958,6.90649995803833,7.091599979400635,7.131774117408825,6.90649995803833,6.6812257986678345,648750.0,879440500.0,0.28776951763151754,-0.14326975436259887,-2.380953494017664,0.17439083471132774
2022-10-14,PTC,PTC,7.010000228881836,7.050000190734863,6.869999885559082,6.909999847412109,627500,6.96999979019165,-0.059999942779541016,45.94468962922871,-0.013459663986162163,-0.026652155695361265,0.013192491709199103,-0.2886000205184479,6.908999943733216,7.085999975204468,7.133208558834033,6.908999943733216,6.684791328632398,674475.0,878813000.0,-0.8608313426920666,-0.5755390352630351,-1.4265389187537532,0.17664412301825883
2022-10-17,PTC,PTC,6.860000133514404,6.909999847412109,6.809999942779541,6.829999923706055,139000,6.909999847412109,-0.07999992370605469,41.63888767761296,-0.022616732943468776,-0.02584507114498277,0.0032283382015139937,-0.29197052853953964,6.905999946594238,7.0787999725341795,7.132868858536551,6.905999946594238,6.679131034651925,679500.0,878674000.0,-1.1577413237717475,-2.008606466281489,-2.844954198198342,0.18093351888093395
2022-10-18,PTC,PTC,6.980000019073486,6.980000019073486,6.789999961853027,6.809999942779541,153500,6.829999923706055,-0.019999980926513672,40.61413139462458,-0.0311287742466817,-0.026901811765322556,-0.004226962481359144,0.29455053076400267,6.904499936103821,7.071199970245361,7.133592042389797,6.904499936103821,6.6754078298178445,678150.0,878520500.0,-0.29282549267821073,-1.4471766547146845,-2.43553117234104,0.17939602258168239
2022-10-19,PTC,PTC,6.889999866485596,6.929999828338623,6.840000152587891,6.880000114440918,355500,6.809999942779541,0.07000017166137695,45.655317525945165,-0.03185894933180489,-0.027893239278619024,-0.003965710053185863,1.3254808997573115,6.908999943733216,7.0661999702453615,7.132078954190747,6.908999943733216,6.685920933275685,686150.0,878876000.0,1.0279026762048105,0.7320672224507503,-1.0071898812270645,0.18095521642875054
2022-10-20,PTC,PTC,6.849999904632568,6.989999771118164,6.800000190734863,6.809999942779541,645000,6.880000114440918,-0.07000017166137695,41.831172605873824,-0.037652018156877354,-0.02984499505427069,-0.0078070231026066625,-1.7316001231106875,6.912499952316284,7.058999967575073,7.1264232558130765,6.912499952316284,6.6985766488194916,712375.0,878231000.0,-1.0174443386192489,0.0,-2.2955502471788445,0.18288527840282004
2022-10-21,PTC,PTC,6.849999904632568,7.199999809265137,6.800000190734863,6.880000114440918,1134500,6.809999942779541,0.07000017166137695,46.644108107267925,-0.03617760518750046,-0.031111517080916647,-0.0050660881065838145,-3.234880657587267,6.91899995803833,7.052199974060058,7.11962010574961,6.91899995803833,6.71837981032705,697675.0,879365500.0,1.0279026762048105,0.0,-0.4341495460730976,0.18609860488205068
2022-10-24,PTC,PTC,7.099999904632568,7.099999904632568,6.809999942779541,6.829999923706055,573000,6.880000114440918,-0.05000019073486328,43.85300227965789,-0.03859877713407478,-0.03260896909154827,-0.005989808042526509,-4.341735974459159,6.917999958992004,7.043399972915649,7.120260919244556,6.917999958992004,6.715738998739452,715425.0,878792500.0,-0.7267469462669681,0.2936854786279273,0.0,0.18082005842717194
2022-10-25,PTC,PTC,6.940000057220459,7.369999885559082,6.809999942779541,7.010000228881836,6630500,6.829999923706055,0.18000030517578125,54.42569931214039,-0.025696835914272853,-0.031226542456093187,0.005529706541820334,0.0,6.921999979019165,7.040199975967408,7.12838243226758,6.921999979019165,6.7156175257707496,1042125.0,885423000.0,2.6354364156143437,1.8895365156760908,2.936861788293403,0.19997258156628353
2022-10-26,PTC,PTC,6.960000038146973,7.0,6.75,6.809999942779541,996500,7.010000228881836,-0.20000028610229492,44.41750991365579,-0.031250074751200785,-0.03123124891511471,-1.8825836086075465e-05,-3.1294489397292096,6.915999984741211,7.017599973678589,7.128295790135872,6.915999984741211,6.703704179346549,1084250.0,884426500.0,-2.853071035265814,-0.29282549267821073,-1.0174443386192489,0.22524778988625396
2022-10-27,PTC,PTC,6.900000095367432,6.96999979019165,6.800000190734863,6.829999923706055,736500,6.809999942779541,0.019999980926513672,45.49684620198551,-0.03364933661789049,-0.03171486645566987,-0.0019344701622206195,-2.148998495093735,6.914999985694886,6.99999997138977,7.128787961160814,6.914999985694886,6.701212010228957,1097325.0,885163000.0,0.2936854786279273,-2.5677646119634017,0.2936854786279273,0.22190786414117342
2022-10-28,PTC,PTC,6.760000228881836,6.949999809265137,6.599999904632568,6.639999866485596,1040500,6.829999923706055,-0.19000005722045898,37.95617429140713,-0.05030233168638443,-0.03543235950181278,-0.014869972184571645,-4.460430953771769,6.907499980926514,6.983599967956543,7.148539495411409,6.907499980926514,6.6664604664416185,944850.0,884122500.0,-2.7818456711982256,-2.496330069344447,-3.4883756389999006,0.24129122693101543
2022-10-31,PTC,PTC,6.730000019073486,6.800000190734863,6.699999809265137,6.739999771118164,211000,6.639999866485596,0.09999990463256836,43.28416681169832,-0.05479910373019603,-0.039305708347489435,-0.015493395382706596,-3.2998569009592775,6.9049999713897705,6.971199960708618,7.152131000211022,6.9049999713897705,6.657868942568519,952725.0,884333500.0,1.50602269041153,-1.3177182078071719,-1.3177182078071719,0.24795437256291858
2022-11-01,PTC,PTC,6.800000190734863,6.940000057220459,6.789999961853027,6.889999866485596,270500,6.739999771118164,0.15000009536743164,50.193382055624866,-0.04573190494626278,-0.04059094766724411,-0.005140957279018671,-0.2894353309429369,6.902999973297119,6.959599962234497,7.149926470407387,6.902999973297119,6.656073476186851,939050.0,884604000.0,2.2255207783567426,3.7650603166701484,-1.7118453420561655,0.24984250963108598
2022-11-02,PTC,PTC,6.860000133514404,7.099999904632568,6.860000133514404,6.980000019073486,2131000,6.889999866485596,0.09000015258789062,53.827850427455196,-0.030927313613420715,-0.038658220856479436,0.007730907243058721,2.196194685841804,6.896499967575073,6.952199964523316,7.126765370677802,6.896499967575073,6.666234564472344,967075.0,886735000.0,1.3062431688231264,3.5608346603178935,2.496330069344447,0.23572643981172098
2022-11-03,PTC,PTC,7.050000190734863,7.289999961853027,7.010000228881836,7.050000190734863,3079000,6.980000019073486,0.07000017166137695,56.4874076677172,-0.013391767523665443,-0.033604930189916636,0.020213162666251193,3.524232745549257,6.891999983787537,6.947399969100952,7.105107498546837,6.891999983787537,6.678892469028237,1089775.0,889814000.0,1.0028677861045143,2.322210846875959,3.2210874009707653,0.23826104176032917
2022-11-04,PTC,PTC,6.989999771118164,7.360000133514404,6.920000076293945,7.139999866485596,5995500,7.050000190734863,0.08999967575073242,59.70140612393685,0.0076789822364427,-0.02534814770464477,0.033027129941087474,3.7790661005796484,6.898499965667725,6.945799970626831,7.133561099803098,6.898499965667725,6.663438831532352,1360775.0,895809500.0,1.27659111086281,2.2922614179784415,7.530120633340297,0.23308722742750623
2022-11-07,PTC,PTC,7.340000152587891,7.480000019073486,7.199999809265137,7.309999942779541,8918500,7.139999866485596,0.1700000762939453,64.96545636421031,0.03766115429146932,-0.012746287305421954,0.05040744159689128,7.342143967712313,6.912499952316284,6.948199968338013,7.206501446813228,6.912499952316284,6.61849845781934,1789975.0,904728000.0,2.380953494017664,3.6879396455388807,8.456976127861413,0.2467411843367494
2022-11-08,PTC,PTC,7.309999942779541,7.429999828338623,7.210000038146973,7.320000171661377,3305000,7.309999942779541,0.010000228881835938,65.25299290453341,0.06152001214519487,0.002106972584701411,0.05941303956049346,6.395349562522706,6.929499959945678,6.950999975204468,7.274782556244224,6.929499959945678,6.584217363647133,1945800.0,908033000.0,0.13680203775806693,2.5210127246736187,6.240933432631732,0.24438049288555744
2022-11-09,PTC,PTC,7.320000171661377,7.320000171661377,7.320000171661377,7.320000171661377,0,7.320000171661377,0.0,65.25299290453341,0.07951176673549032,0.017587931414859193,0.06192383532063113,7.174235042881834,6.947999978065491,6.954199981689453,7.335032003620802,6.947999978065491,6.56096795251018,1917425.0,908033000.0,0.0,0.13680203775806693,4.87106234468208,0.24326992476461942
2022-11-10,PTC,PTC,7.389999866485596,7.449999809265137,7.289999961853027,7.309999942779541,1093500,7.320000171661377,-0.010000228881835938,64.63774219522378,0.09190401470329146,0.03245114807254565,0.05945286663074581,4.279596349536182,6.964999985694885,6.956199979782104,7.384598910573663,6.964999985694885,6.545401060816108,1901800.0,906939500.0,-0.13661514545519807,-0.13661514545519807,3.6879396455388807,0.2436968385566549
2022-11-11,PTC,PTC,7.369999885559082,7.449999809265137,7.269999980926514,7.389999866485596,1166500,7.309999942779541,0.07999992370605469,67.29441417890655,0.10694746198563099,0.04735041085516272,0.059597051130468266,8.516885882224022,6.98899998664856,6.960999975204468,7.4483772211285375,6.98899998664856,6.529622752168582,1928750.0,908106000.0,1.0943902097437728,0.9562799615116859,3.501400625698518,0.2417551452456704
2022-11-14,PTC,PTC,7.400000095367432,7.71999979019165,7.309999942779541,7.599999904632568,12833000,7.389999866485596,0.21000003814697266,73.0236382820114,0.1342670039309768,0.06473372947032555,0.06953327446065125,11.273791940376784,7.027499985694885,6.970799970626831,7.554811985245366,7.027499985694885,6.500187986144405,2563450.0,920939000.0,2.841678510703962,3.9671677718612712,3.9671677718612712,0.2502631858449414
2022-11-15,PTC,PTC,7.639999866485596,7.639999866485596,7.360000133514404,7.409999847412109,1474000,7.599999904632568,-0.19000005722045898,62.3768973131962,0.13898439543261087,0.07958386266278261,0.05940053276982826,11.596385488092752,7.057499980926513,6.976999969482422,7.600740766814845,7.057499980926513,6.514259195038182,2629475.0,919465000.0,-2.5000007842716516,0.2706357413782323,1.2295037382534066,0.2714573941518246
2022-11-16,PTC,PTC,7.489999771118164,7.550000190734863,7.320000171661377,7.360000133514404,1342500,7.409999847412109,-0.04999971389770508,59.90180390894611,0.1371079085154685,0.09108867183331978,0.04601923668214872,9.198818745558835,7.081499981880188,6.982199974060059,7.634054862831055,7.081499981880188,6.52894510092932,2678825.0,918122500.0,-0.6747599855237126,-3.1578917648653198,0.546447553483442,0.2732639029254939
2022-11-17,PTC,PTC,7.400000095367432,7.400000095367432,7.079999923706055,7.130000114440918,1761000,7.360000133514404,-0.23000001907348633,50.06134458946676,0.11572766330084239,0.09601647012682432,0.019711193174018066,3.483312809957135,7.097499990463257,6.982599973678589,7.635287904897753,7.097499990463257,6.559712076028761,2734625.0,916361500.0,-3.1250002024614254,-3.7786739370713938,-2.4623779719234884,0.2965217085728977
2022-11-18,PTC,PTC,7.139999866485596,7.199999809265137,7.019999980926514,7.150000095367432,717500,7.130000114440918,0.019999980926513672,50.81794836380386,0.09925336523450845,0.09666384914836115,0.0025895160861472977,2.43553117234104,7.110999989509582,6.984399976730347,7.639270316996775,7.110999989509582,6.582729662022389,2713775.0,917079000.0,0.2805046368233042,-2.853261336106763,-3.247628896538788,0.2950928381114971
2022-11-21,PTC,PTC,7.179999828338623,7.21999979019165,7.079999923706055,7.110000133514404,526000,7.150000095367432,-0.039999961853027344,49.21205093609479,0.08202417902064862,0.09373591512281866,-0.011711736102170037,0.851062995124357,7.125,6.9853999805450435,7.636489109138995,7.125,6.613510890861005,2711425.0,916553000.0,-0.5594400184545981,-0.2805046368233042,-6.4473654903533015,0.29444813750585735
2022-11-22,PTC,PTC,7.059999942779541,7.179999828338623,7.019999980926514,7.059999942779541,704500,7.110000133514404,-0.05000019073486328,47.203993263627076,0.06360216117030593,0.08770916433231613,-0.0241070031620102,-1.1204471316808544,7.127499985694885,6.988199977874756,7.637107745728134,7.127499985694885,6.617892225661636,2415125.0,915848500.0,-0.7032375498725718,-1.2587433760483833,-4.723345638863993,0.28165703292766
2022-11-23,PTC,PTC,7.059999942779541,7.139999866485596,7.010000228881836,7.019999980926514,537500,7.059999942779541,-0.039999961853027344,45.60092873564081,0.045253265200476456,0.07921798450594819,-0.033964719305471736,-3.9671677718612712,7.1379999876022335,6.990999975204468,7.628353308367635,7.1379999876022335,6.647646666836832,2392175.0,915311000.0,-0.5665717022269444,-1.265824907142504,-4.619567206794878,0.2613557284020436
2022-11-24,PTC,PTC,7.489999771118164,7.5,7.159999847412109,7.21999979019165,7853000,7.019999980926514,0.19999980926513672,54.01069292615777,0.04631604356776631,0.07263759631831182,-0.026321552750545513,-1.3661253978772798,7.157499980926514,6.9975999736785885,7.62685008806876,7.157499980926514,6.688149873784267,2748000.0,923164000.0,2.8490001397227975,2.2662868089077777,1.2622675218258328,0.27822144709143304
2022-11-25,PTC,PTC,7.300000190734863,7.320000171661377,7.099999904632568,7.110000133514404,2430500,7.21999979019165,-0.1099996566772461,49.479963420766346,0.0378459851340649,0.06567927408146244,-0.027833288947397547,-2.868852912872408,7.180999994277954,7.002599973678588,7.583565474825702,7.180999994277954,6.778434513730206,2817500.0,920733500.0,-1.5235409954814725,1.2820534591513235,-0.5594400184545981,0.2629449443771567
2022-11-28,PTC,PTC,7.0,7.050000190734863,6.800000190734863,6.849999904632568,5409000,7.110000133514404,-0.26000022888183594,40.77363739923875,0.01003784718963363,0.05455098870309668,-0.04451314151346305,-6.292750229106884,7.186500000953674,7.0017999744415285,7.566044034918155,7.186500000953674,6.806955966989193,3077400.0,915324500.0,-3.656824528824873,-5.124652303476876,-3.656824528824873,0.2949063200215669
2022-11-29,PTC,PTC,6.860000133514404,7.0,6.860000133514404,6.929999828338623,311500,6.849999904632568,0.07999992370605469,44.036586352615956,-0.005481786598706684,0.04254443364273601,-0.048026220241442694,-6.2246285041643885,7.188499999046326,7.003599967956543,7.561836297033514,7.188499999046326,6.815163701059138,3079450.0,915636000.0,1.1678821141581586,-2.531649814285008,-1.841361409271295,0.2870692497030846
2022-11-30,PTC,PTC,7.010000228881836,7.010000228881836,6.889999866485596,6.929999828338623,747500,6.929999828338623,0.0,44.036586352615956,-0.017578573337734937,0.030519832246641822,-0.04809840558437676,-8.815790588175505,7.1859999895095825,7.0063999652862545,7.565828220709662,7.1859999895095825,6.806171758309503,3010275.0,915636000.0,0.0,1.1678821141581586,-1.2820534591513235,0.28317291259566363
2022-12-01,PTC,PTC,6.869999885559082,7.079999923706055,6.869999885559082,6.949999809265137,325500,6.929999828338623,0.019999980926513672,44.916472216370316,-0.025260347109642645,0.01936379637538493,-0.04462414348502758,-6.207827903095361,7.180999970436096,7.010599966049194,7.570866395813248,7.180999970436096,6.791133545058944,2872600.0,915961500.0,0.2886000205184479,0.2886000205184479,-3.7396120328605535,0.28087409148942327
2022-12-02,PTC,PTC,6.820000171661377,7.039999961853027,6.809999942779541,6.900000095367432,308000,6.949999809265137,-0.04999971389770508,43.09238622709817,-0.03497954479617249,0.008495128141073446,-0.04347467293724594,-6.250000404922851,7.168999981880188,7.013599967956543,7.578461789759369,7.168999981880188,6.759538174001007,2588225.0,915653500.0,-0.7194203635955471,-0.4328965903940499,-2.953586978952301,0.27722190951121534
2022-12-05,PTC,PTC,6.820000171661377,6.96999979019165,6.710000038146973,6.739999771118164,361500,6.900000095367432,-0.16000032424926758,37.80194556364157,-0.054959232156828186,-0.00419574391850688,-0.0507634882383213,-5.469850449691541,7.1404999732971195,7.011399965286255,7.586368799795879,7.1404999732971195,6.69463114679836,2160375.0,915292000.0,-2.3188452469252816,-3.021583365614181,-1.605841387530715,0.2702808413195788
2022-12-06,PTC,PTC,6.889999866485596,6.889999866485596,6.650000095367432,6.739999771118164,438500,6.739999771118164,0.0,37.80194556364157,-0.06998651732934302,-0.017353898600674107,-0.052632618728668916,-5.734270192736243,7.111499953269958,7.007599964141845,7.582926761142025,7.111499953269958,6.640073145397892,2017050.0,915292000.0,0.0,-2.3188452469252816,-2.7417036353088773,0.2699697838918256
2022-12-07,PTC,PTC,6.849999904632568,7.0,6.78000020980835,6.909999847412109,791500,6.739999771118164,0.1700000762939453,45.974988694757364,-0.06740120455696186,-0.02736335979193166,-0.040037844765030195,-2.8129434929199744,7.090999937057495,7.007199964523315,7.5599024194350815,7.090999937057495,6.622097454679908,2056625.0,916083500.0,2.5222564104886067,2.5222564104886067,-0.2886000205184479,0.28907287242640134
2022-12-08,PTC,PTC,6.989999771118164,6.989999771118164,6.630000114440918,6.659999847412109,1321000,6.909999847412109,-0.25,38.055456896280255,-0.08455058965487439,-0.038800805764520205,-0.04574978389035418,-5.665723776336895,7.0584999322891235,7.003399963378906,7.552901297892232,7.0584999322891235,6.564098566686015,2068000.0,914762500.0,-3.6179450871280188,-1.186942528527456,-4.172661436140251,0.3123838726748552
2022-12-09,PTC,PTC,6.710000038146973,6.710000038146973,6.579999923706055,6.599999904632568,824500,6.659999847412109,-0.059999942779541016,36.433374952193034,-0.10180949831907249,-0.051402544275430666,-0.05040695404364182,-5.9829070859700035,7.018999934196472,6.999599962234497,7.527905973704324,7.018999934196472,6.51009389468862,2050900.0,913938000.0,-0.9009000623754567,-4.48625107995683,-4.3478287911369655,0.3073218288683166
2022-12-12,PTC,PTC,6.699999809265137,6.699999809265137,6.460000038146973,6.5,706500,6.599999904632568,-0.09999990463256836,33.84413277532957,-0.12214841347317584,-0.0655517181149797,-0.05659669535819614,-9.972296552830489,6.963999938964844,6.993799962997437,7.445550159883113,6.963999938964844,6.482449718046575,1444575.0,913231500.0,-1.5151500920837588,-2.4024001663345516,-3.5608275855823686,0.28145043585194934
2022-12-13,PTC,PTC,6.5,6.909999847412109,6.489999771118164,6.599999904632568,15371000,6.5,0.09999990463256836,38.54738551690603,-0.12871425587708973,-0.07818422566740171,-0.05053003020968802,-7.172998865047106,6.923499941825867,6.987199964523316,7.382848573055452,6.923499941825867,6.464151310596281,2139425.0,928602500.0,1.5384600712702823,0.0,-2.077149424923048,0.28489184836027887
2022-12-14,PTC,PTC,6.699999809265137,6.78000020980835,6.619999885559082,6.659999847412109,1105500,6.599999904632568,0.059999942779541016,41.24637119082317,-0.1276052850501399,-0.08806843754394936,-0.03953684750619055,-2.7737235016888735,6.888499927520752,6.9781999588012695,7.3131745140713456,6.888499927520752,6.463825340970159,2127575.0,929708000.0,0.9090900552502553,2.4615361140324516,-3.6179450871280188,0.28956755038303233
2022-12-15,PTC,PTC,6.739999771118164,6.75,6.519999980926514,6.550000190734863,2288500,6.659999847412109,-0.1099996566772461,37.95515674244134,-0.13405714336737962,-0.09726617870863541,-0.03679096465874421,-5.483400389850511,6.859499931335449,6.9663999652862545,7.2938403586116625,6.859499931335449,6.425159504059236,2153950.0,927419500.0,-1.651646534496377,-0.7575714336391136,-1.651646534496377,0.2761469891289964
2022-12-16,PTC,PTC,6.519999980926514,6.599999904632568,6.429999828338623,6.480000019073486,550000,6.550000190734863,-0.07000017166137695,35.98721974931766,-0.14316836066165273,-0.10644661509923888,-0.03672174556241385,-6.4935039020487,6.825999927520752,6.955799961090088,7.269260564911045,6.825999927520752,6.382739290130459,2145575.0,926869500.0,-1.0687048797402163,-2.70270018712637,-1.8181801105005106,0.2758324147145838
2022-12-19,PTC,PTC,6.590000152587891,6.690000057220459,6.28000020980835,6.519999980926514,1333000,6.480000019073486,0.039999961853027344,37.96652009459834,-0.14548435035223317,-0.11425416214983773,-0.03123018820239544,-6.1870480595608734,6.796499919891358,6.945599956512451,7.238708445706447,6.796499919891358,6.354291394076268,2185925.0,928202500.0,0.6172833601124982,-0.4580184570190646,0.30769201425405646,0.27851184395454154
2022-12-20,PTC,PTC,6.429999828338623,6.429999828338623,5.829999923706055,5.980000019073486,3265000,6.519999980926514,-0.5399999618530273,26.192200269687348,-0.18871785090888693,-0.12914689990164757,-0.05957095100723936,-13.333334254757782,6.742499923706054,6.9255999565124515,7.298382274124149,6.742499923706054,6.186617573287959,2313950.0,924937500.0,-8.282208028109403,-7.716049360004326,-9.393937795724836,0.39457389751283106
2022-12-21,PTC,PTC,6.079999923706055,6.230000019073486,5.849999904632568,5.989999771118164,2925000,5.980000019073486,0.009999752044677734,26.64586998800192,-0.21964191983251524,-0.1472459038878211,-0.07239601594469414,-11.127596817048188,6.690999913215637,6.906399955749512,7.32411748223128,6.690999913215637,6.057882344199994,2433325.0,927862500.0,0.1672199333241315,-8.128837597527644,-10.060061436101815,0.3959980796577875
2022-12-22,PTC,PTC,5.960000038146973,6.059999942779541,5.809999942779541,6.0,2335500,5.989999771118164,0.010000228881835938,27.128264146320845,-0.24056939808315914,-0.16591060272688873,-0.0746587953562704,-10.979225463614494,6.6299999237060545,6.886999959945679,7.2832831060771515,6.6299999237060545,5.976716741334958,2157450.0,930198000.0,0.16694873562522985,0.3344478405137593,-8.396949232350437,0.3744376991999119
2022-12-23,PTC,PTC,5.949999809265137,6.010000228881836,5.880000114440918,5.980000019073486,583500,6.0,-0.019999980926513672,26.74938939276072,-0.25581947897357793,-0.18389237797622657,-0.07192710099735136,-13.458753239870488,6.573499917984009,6.868399963378907,7.24713178909319,6.573499917984009,5.899868046874827,2065100.0,929614500.0,-0.33333301544189453,-0.16694077507136637,-7.716049360004326,0.37416643451116927
2022-12-26,PTC,PTC,5.900000095367432,6.170000076293945,5.900000095367432,6.079999923706055,2607000,5.980000019073486,0.09999990463256836,31.872687275295647,-0.25687502598001366,-0.198488907576984,-0.05838611840302965,-8.708707762680003,6.534999918937683,6.853399963378906,7.2297773566271495,6.534999918937683,5.840222481248217,1925000.0,932221500.0,1.6722392025687969,1.3333320617675781,-6.7484671550249535,0.3686254294960761
2022-12-27,PTC,PTC,6.110000133514404,6.300000190734863,6.0,6.019999980926514,3530000,6.079999923706055,-0.059999942779541016,30.49453772922898,-0.2595609909961878,-0.21070332426082478,-0.048857666735363015,-8.787877758891334,6.489499926567078,6.8375999641418455,7.19447391477573,6.489499926567078,5.784525938358425,2085925.0,928691500.0,-0.9868411765204126,0.6688956810275186,0.6688956810275186,0.3630612059566765
2022-12-28,PTC,PTC,6.039999961853027,6.059999942779541,5.849999904632568,5.960000038146973,1957000,6.019999980926514,-0.059999942779541016,29.137730734672516,-0.26349373975199963,-0.22126140735905975,-0.042232332392939886,-8.307691720815805,6.440999937057495,6.819199962615967,7.151815558715784,6.440999937057495,5.730184315399207,2146400.0,926734500.0,-0.9966767935156483,-1.9736823530408252,-0.5008302857679626,0.3623241612884353
2022-12-29,PTC,PTC,6.010000228881836,6.190000057220459,5.909999847412109,6.090000152587891,904000,5.960000038146973,0.13000011444091797,35.80259173985067,-0.25320179600412107,-0.22764948508807203,-0.025552310916049037,-7.727269082029936,6.397999954223633,6.8047999668121335,7.082738788230323,6.397999954223633,5.713261120216943,2175325.0,927638500.0,2.181209959880074,1.162793552876449,1.5000025431315103,0.37534405627915873
2022-12-30,PTC,PTC,6.079999923706055,6.190000057220459,6.0,6.099999904632568,1630500,6.090000152587891,0.009999752044677734,36.29890187036087,-0.2414551157422009,-0.23041061121889783,-0.011044504523303078,-8.408407741888183,6.35799994468689,6.7891999626159665,7.012043144430902,6.35799994468689,5.703956744942878,2241450.0,929269000.0,0.1641995368494109,2.348991033381321,2.006687043082556,0.37637659682856456
2023-01-02,PTC,PTC,5.949999809265137,6.190000057220459,5.949999809265137,6.159999847412109,973000,6.099999904632568,0.059999942779541016,39.32970707703887,-0.22471393074839963,-0.2292712751247982,0.00455734437639857,-5.954203541465831,6.328999948501587,6.775799961090088,6.962848607912603,6.328999948501587,5.695151289090571,2272025.0,930242000.0,0.9836056347144335,1.1494202474604702,1.31578823536055,0.3744688646383671
2023-01-03,PTC,PTC,6.190000057220459,6.269999980926514,6.070000171661377,6.119999885559082,482000,6.159999847412109,-0.039999961853027344,38.03062094601436,-0.2122276553512359,-0.22586255117008575,0.013634895818849857,-5.555557599610584,6.2979999542236325,6.757999954223632,6.907386144736309,6.2979999542236325,5.688613763710956,2274200.0,929760000.0,-0.6493500461665078,0.3278685449048112,1.6611279891927473,0.37420864710555063
2023-01-04,PTC,PTC,6.050000190734863,6.150000095367432,6.0,6.039999961853027,552000,6.119999885559082,-0.07999992370605469,35.50471082387756,-0.20640817246845877,-0.22197167542976037,0.0155635029613016,-7.361963504258734,6.2544999599456785,6.742599954605103,6.80089386073574,6.2544999599456785,5.708106059155617,2262225.0,929208000.0,-1.30718832029433,-1.9480501384995235,1.342280590503612,0.35815683048755875
2023-01-05,PTC,PTC,6.090000152587891,6.110000133514404,6.0,6.039999961853027,437500,6.039999961853027,0.0,35.50471082387756,-0.19949651867177032,-0.2174766440781624,0.017980125406392072,1.003343521541278,6.223499965667725,6.726799955368042,6.74270076810396,6.223499965667725,5.7042991632314894,2218050.0,929208000.0,0.0,-1.30718832029433,-0.8210211737616484,0.3409430880444774
2023-01-06,PTC,PTC,6.21999979019165,6.21999979019165,6.019999980926514,6.190000057220459,569500,6.039999961853027,0.15000009536743164,43.6441553765415,-0.17984212112457776,-0.20994973948744547,0.03010761836286771,3.338903067519826,6.2029999732971195,6.717799959182739,6.691050886090164,6.2029999732971195,5.714949060504075,2205300.0,929777500.0,2.483445303225014,2.483445303225014,1.475412360573008,0.3560294988445188
2023-01-09,PTC,PTC,6.079999923706055,6.300000190734863,6.070000171661377,6.099999904632568,266000,6.190000057220459,-0.09000015258789062,40.35348616165006,-0.1695733930974681,-0.20187447020945,0.03230107711198191,1.6666650772094727,6.182999968528748,6.704999961853027,6.652225542940521,6.182999968528748,5.7137743941169745,2183275.0,929511500.0,-1.4539604483994795,0.9933765423590082,-0.9740250692497617,0.35575797223151995
2023-01-10,PTC,PTC,6.269999980926514,6.300000190734863,6.099999904632568,6.159999847412109,1479500,6.099999904632568,0.059999942779541016,43.41644150687094,-0.15480931281920007,-0.19246143873140004,0.03765212591219996,3.0100305646238343,6.160999965667725,6.690399961471558,6.587189964027207,6.160999965667725,5.734809967308243,1488700.0,930991000.0,0.9836056347144335,-0.4846560505820225,0.653594160147165,0.35250116331408765
2023-01-11,PTC,PTC,6.170000076293945,6.349999904632568,6.139999866485596,6.309999942779541,1541500,6.159999847412109,0.15000009536743164,50.28920905411953,-0.1295119851893185,-0.17987154802298375,0.050359562833665245,3.7828950980198393,6.143499970436096,6.676999959945679,6.507644305431564,6.143499970436096,5.779355635440629,1510500.0,932532500.0,2.435066543555979,3.4426236300018753,4.47019838794303,0.3635471121979004
2023-01-12,PTC,PTC,6.349999904632568,6.590000152587891,6.349999904632568,6.440000057220459,3858500,6.309999942779541,0.13000011444091797,55.35085149252412,-0.09784584204595514,-0.16346640682757804,0.0656205647816229,6.9767454754925895,6.137999963760376,6.664799957275391,6.47887193548511,6.137999963760376,5.797127992035643,1589000.0,936391000.0,2.0602237023738104,4.545458064028705,6.622518177048375,0.3683263980715198
2023-01-13,PTC,PTC,6.309999942779541,6.400000095367432,6.150000095367432,6.190000057220459,1641500,6.440000057220459,-0.25,45.71151094712626,-0.09186415334906428,-0.14914595613187528,0.057281802782811,3.8590606980095887,6.123499965667724,6.645799961090088,6.425582231651019,6.123499965667724,5.82141769968443,1643575.0,934749500.0,-3.881987543147654,-1.9017414682609706,0.0,0.3913795719140446
2023-01-16,PTC,PTC,6.150000095367432,6.190000057220459,6.019999980926514,6.059999942779541,737500,6.190000057220459,-0.13000011444091797,41.64966933500169,-0.09650113967186869,-0.13861699283987397,0.042115853168005285,-0.49261427022462867,6.100499963760376,6.620799961090088,6.338781107880167,6.100499963760376,5.862218819640584,1613800.0,934012000.0,-2.100163380277784,-5.900622842617306,-0.6557370898096224,0.3957267213051821
2023-01-17,PTC,PTC,6.099999904632568,6.099999904632568,5.800000190734863,5.880000114440918,821500,6.059999942779541,-0.17999982833862305,36.77680377046973,-0.11339333874185531,-0.13357226202027025,0.020178923278414945,-3.6065539939529234,6.095499968528747,6.591999959945679,6.348188664103469,6.095499968528747,5.842811272954026,1491625.0,933190500.0,-2.9702942250534496,-5.008076573730155,-4.5454503231655545,0.28313872373275817
2023-01-18,PTC,PTC,5.849999904632568,6.070000171661377,5.840000152587891,5.96999979019165,1074000,5.880000114440918,0.08999967575073242,40.52368934594262,-0.11815627454885913,-0.13048906452598805,0.012332789977128916,-3.084416589722487,6.094499969482422,6.564999952316284,6.349097688612891,6.094499969482422,5.839902250351954,1399075.0,934264500.0,1.530606700664831,-1.485151046826747,-5.388275050254935,0.28872881030356506
2023-01-19,PTC,PTC,5.869999885559082,6.130000114440918,5.869999885559082,6.059999942779541,414000,5.96999979019165,0.09000015258789062,44.09194027598743,-0.11336190980888627,-0.1270636335825677,0.013701723773681423,-0.9803912402207475,6.097499966621399,6.539999952316284,6.34880184054962,6.097499966621399,5.846198092693178,1303000.0,934678500.0,1.5075402973339371,3.061221510804984,-5.900622842617306,0.29364226631470836
2023-01-20,PTC,PTC,6.130000114440918,6.139999866485596,6.0,6.079999923706055,201000,6.059999942779541,0.019999980926513672,44.88328499955897,-0.10671832744800192,-0.12299457235565454,0.01627624490765263,0.6622510282393388,6.102499961853027,6.513799953460693,6.347867576934506,6.102499961853027,5.857132346771548,1283875.0,934879500.0,0.3300326916726055,1.8425483648278829,-1.7770619143386317,0.2933894767549443
2023-01-23,PTC,PTC,6.0,6.119999885559082,6.0,6.050000190734863,119500,6.079999923706055,-0.029999732971191406,43.87998626506919,-0.1026902193686805,-0.11893370175825975,0.016243482389579247,0.1655667043873282,6.100999975204468,6.482799959182739,6.347311712246905,6.100999975204468,5.854688238162031,1159500.0,934760000.0,-0.49341666690194813,-0.1650124115362804,-0.1650124115362804,0.28801150416537447
2023-01-24,PTC,PTC,6.050000190734863,6.119999885559082,5.989999771118164,6.050000190734863,273000,6.050000190734863,0.0,43.87998626506919,-0.09836403532512428,-0.11481976847163267,0.01645573314650839,-2.2617102615740663,6.102499985694886,6.455599966049195,6.3470941584475185,6.102499985694886,5.857905812942253,996650.0,934760000.0,0.0,-0.49341666690194813,2.8911577038312566,0.28568865741209515
2023-01-25,PTC,PTC,6.03000020980835,6.25,6.0,6.239999771118164,1291500,6.050000190734863,0.18999958038330078,51.794853833546874,-0.07869695554161815,-0.10759520588562978,0.028898250344011625,2.295079814333678,6.116499972343445,6.43319995880127,6.358793805618006,6.116499972343445,5.8742061390688844,963375.0,936051500.0,3.1404888329470033,3.1404888329470033,4.52261290477945,0.30299158013524935
2023-01-26,PTC,PTC,6.150000095367432,6.269999980926514,6.150000095367432,6.190000057220459,1684500,6.239999771118164,-0.04999971389770508,49.80421908997467,-0.06638002456300018,-0.09935216962110385,0.03297214505810367,0.48701640505645566,6.121499967575073,6.41439995765686,6.365611657192415,6.121499967575073,5.877388277957732,1002400.0,934367000.0,-0.8012774957000597,2.314047306973566,2.145216430171958,0.2961603482041372
2023-01-27,PTC,PTC,6.199999809265137,6.199999809265137,6.050000190734863,6.070000171661377,324000,6.190000057220459,-0.11999988555908203,45.303944812145396,-0.065546180341582,-0.0925909717651995,0.0270447914236175,-3.803482936521941,6.119999980926513,6.39279995918274,6.365034858298313,6.119999980926513,5.874965103554714,937075.0,934043000.0,-1.9386087956349143,-2.724352655325889,-0.16446960806181066,0.30481714561725687
2023-01-30,PTC,PTC,6.190000057220459,6.190000057220459,6.0,6.03000020980835,170000,6.070000171661377,-0.039999961853027344,43.88060408955387,-0.0673367987165916,-0.08754013715547793,0.02020333843888633,-6.366457201384989,6.113499999046326,6.371199960708618,6.3609522409264025,6.113499999046326,5.866047757166249,896925.0,933873000.0,-0.6589779361090073,-2.5848117275132187,-0.3305781867105094,0.3033092190935212
2023-01-31,PTC,PTC,6.139999866485596,6.429999828338623,6.099999904632568,6.239999771118164,2627000,6.03000020980835,0.20999956130981445,52.34547755935807,-0.05122023216840521,-0.08027615615806338,0.029055923989658172,0.8077498131745868,6.11949999332428,6.35479995727539,6.373352354990767,6.11949999332428,5.865647631657793,1004175.0,936500000.0,3.482579668375979,2.8006523006449555,3.1404888329470033,0.32767188657134333
2023-02-01,PTC,PTC,6.389999866485596,6.440000057220459,6.199999809265137,6.389999866485596,941000,6.239999771118164,0.15000009536743164,57.299911983962105,-0.02604376664215735,-0.06942967825488218,0.04338591161272483,5.445543346898013,6.136999988555909,6.342199954986572,6.414894244079411,6.136999988555909,5.859105733032406,1023625.0,937441000.0,2.4038477703429897,5.970143352427643,2.4038477703429897,0.3327127828467723
2023-02-02,PTC,PTC,6.400000095367432,6.400000095367432,6.199999809265137,6.230000019073486,415500,6.389999866485596,-0.15999984741210938,51.18682127561381,-0.018785341118659815,-0.05930081082763771,0.040515469708977896,5.952379214636241,6.146499991416931,6.322399959564209,6.4234209496856804,6.146499991416931,5.869579033148182,1022525.0,937025500.0,-2.5039100274677613,-0.1602524424914498,0.6462029318783047,0.34728884879386435
2023-02-03,PTC,PTC,6.289999961853027,6.289999961853027,6.090000152587891,6.110000133514404,330500,6.230000019073486,-0.11999988555908203,47.12600400229429,-0.0224571029768299,-0.051932069257476156,0.029474966280646255,2.3450644596799823,6.142499995231629,6.302399959564209,6.419086239846267,6.142499995231629,5.86591375061699,1010575.0,936695000.0,-1.9261618810866101,-4.381842548068581,0.6589779361090073,0.34371474830645404
2023-02-06,PTC,PTC,6.150000095367432,6.579999923706055,6.099999904632568,6.5,5531000,6.110000133514404,0.3899998664855957,58.616749317307224,0.0060331823864379075,-0.04033901892869335,0.046372201315131256,7.260727085397366,6.1625,6.295399961471557,6.480842667995684,6.1625,5.844157332004316,1273825.0,942226000.0,6.382976398746363,4.333868059388346,7.794357775098458,0.40766257882960977
2023-02-07,PTC,PTC,6.429999828338623,6.579999923706055,6.260000228881836,6.360000133514404,1860000,6.5,-0.1399998664855957,54.07377191612108,0.017117796300274435,-0.028847655882899795,0.04596545218317423,4.605266666478442,6.172500014305115,6.283999967575073,6.502850642711261,6.172500014305115,5.842149385898969,1292850.0,940366000.0,-2.1538440997783956,4.091652938413322,1.9230828012472347,0.4163064994249629
2023-02-08,PTC,PTC,6.360000133514404,6.429999828338623,6.28000020980835,6.409999847412109,290000,6.360000133514404,0.04999971389770508,55.40314731573221,0.029595829434859944,-0.01715895881934785,0.04675478825420779,5.950407360789169,6.177500009536743,6.273599967956543,6.519437136834991,6.177500009536743,5.835562882238495,1230275.0,940656000.0,0.786159007045119,-1.3846177321213942,0.31298875343347016,0.4085668794372543
2023-02-09,PTC,PTC,6.440000057220459,6.75,6.420000076293945,6.610000133514404,3197500,6.409999847412109,0.20000028610229492,60.34745720758212,0.05498923058909355,-0.0027293209376595684,0.05771855152675312,9.256197109499936,6.186000013351441,6.266799974441528,6.5621522295390085,6.186000013351441,5.809847797163873,1197225.0,943853500.0,3.1201293426401633,3.9308175275439052,6.099520277327878,0.4169245709445222
2023-02-10,PTC,PTC,6.550000190734863,6.599999904632568,6.349999904632568,6.559999942779541,1198500,6.610000133514404,-0.05000019073486328,58.598365025091475,0.07026906835114932,0.01187035692010221,0.058398711431047114,5.1282080672902834,6.204500007629394,6.259999971389771,6.616196057333408,6.204500007629394,5.792803957925381,1175075.0,942655000.0,-0.7564325223134176,2.340095147240772,7.3649721674605235,0.3906407022627266
2023-02-13,PTC,PTC,6.590000152587891,6.739999771118164,6.550000190734863,6.690000057220459,2090500,6.559999942779541,0.13000011444091797,61.70607421139303,0.09181004360900147,0.027858294257882065,0.0639517493511194,8.077544351825397,6.236000013351441,6.2589999771118165,6.69484978800553,6.236000013351441,5.7771502386973514,1242725.0,944745500.0,1.9817090788850762,1.2102862646013341,2.923077803391677,0.3839260404223279
2023-02-14,PTC,PTC,6.590000152587891,6.980000019073486,6.590000152587891,6.710000038146973,8028500,6.690000057220459,0.019999980926513672,62.17646148770355,0.10923604784665386,0.044133844975636424,0.06510220287101744,10.543654833380769,6.277500009536743,6.258399982452392,6.750691836976464,6.277500009536743,5.804308182097022,1603075.0,952774000.0,0.29895337452094434,2.2865868395705355,5.5031430390735805,0.3613453544758465
2023-02-15,PTC,PTC,6.739999771118164,6.820000171661377,6.150000095367432,6.21999979019165,3221500,6.710000038146973,-0.49000024795532227,46.95757872587596,0.08255570605525353,0.05181821719155985,0.03073748886369368,3.1509050376855545,6.290000009536743,6.244599981307983,6.741710161530424,6.290000009536743,5.838289857543062,1710450.0,949552500.0,-7.302537185836444,-7.025414992658205,-2.964119527977324,0.45728079332908245
2023-02-16,PTC,PTC,6.239999771118164,6.300000190734863,6.079999923706055,6.099999904632568,654000,6.21999979019165,-0.11999988555908203,44.11007820420277,0.05113885815636454,0.051682345384520795,-0.0005434872281562531,-2.2435876862301347,6.292000007629395,6.233399982452393,6.739759294705809,6.292000007629395,5.84424072055298,1722450.0,948898500.0,-1.9292586753509298,-9.090911029008897,-7.715585757646257,0.4609533117416775
2023-02-17,PTC,PTC,6.179999828338623,6.179999828338623,6.050000190734863,6.070000171661377,304000,6.099999904632568,-0.029999732971191406,43.40150592745297,0.023548598532395104,0.04605559601409566,-0.022506997481700555,-5.0078200549355225,6.2915000200271605,6.2227999877929685,6.7402772342107635,6.2915000200271605,5.842722805843557,1727600.0,948594500.0,-0.491798908855859,-2.411569511092406,-7.4695087712233414,0.46126879398260373
2023-02-20,PTC,PTC,6.070000171661377,6.070000171661377,5.889999866485596,5.900000095367432,606000,6.070000171661377,-0.1700000762939453,39.52667285021341,-0.011897321487410295,0.03446501251379447,-0.046362334001204764,-5.296948999931651,6.284000015258789,6.210799989700317,6.754269750822546,6.284000015258789,5.813730279695031,1751925.0,947988500.0,-2.800660156281607,-3.278685449048112,-11.808668984993314,0.47190277541061076
2023-02-21,PTC,PTC,5.949999809265137,6.199999809265137,5.949999809265137,6.139999866485596,948500,5.900000095367432,0.23999977111816406,46.75405668133774,-0.020387478547776006,0.023494514301480376,-0.04388199284925638,0.4909939822527613,6.2884999990463255,6.201599988937378,6.751000034386737,6.2884999990463255,5.825999963705914,1785700.0,948937000.0,4.067792665064656,1.1532074603724372,-8.494786414618078,0.4944092875715777
2023-02-22,PTC,PTC,6.199999809265137,6.199999809265137,6.059999942779541,6.070000171661377,220500,6.139999866485596,-0.06999969482421875,45.06243998707969,-0.03239099630415154,0.012317412180353992,-0.04470840848450554,-6.615381974440354,6.280000019073486,6.189799995422363,6.752395872712835,6.280000019073486,5.807604165434137,1732150.0,948716500.0,-1.140060201080836,2.881357178746932,-2.411569511092406,0.4829404823279567
2023-02-23,PTC,PTC,6.050000190734863,6.099999904632568,6.0,6.0,117500,6.070000171661377,-0.07000017166137695,43.37244951770766,-0.04701039289761244,0.00045185116476070646,-0.04746224406237315,-5.660379338946266,6.270500016212464,6.178799991607666,6.7579195952211455,6.270500016212464,5.783080437203782,1653800.0,948599000.0,-1.1532153160090883,-2.280128168239336,-1.639342724524056,0.4837849617604674
2023-02-24,PTC,PTC,6.0,6.019999980926514,5.909999847412109,5.940000057220459,486000,6.0,-0.059999942779541016,41.921207803951454,-0.06271492534615497,-0.01218150413742243,-0.05053342120873254,-7.332290193133188,6.264000010490418,6.167999992370605,6.765928879899688,6.264000010490418,5.762071141081147,1661900.0,948113000.0,-0.9999990463256836,-2.141682220172599,-2.141682220172599,0.4802176474425907
2023-02-27,PTC,PTC,6.0,6.059999942779541,5.900000095367432,5.96999979019165,189500,5.940000057220459,0.029999732971191406,42.94908133151645,-0.07191120511473414,-0.024127444332884773,-0.04778376078184937,-9.682304544561008,6.260999989509583,6.156999988555908,6.769492089027879,6.260999989509583,5.7525078899912865,1662875.0,948302500.0,0.5050460047508715,-0.5000034968058269,1.1864354863177238,0.480084431017454
2023-02-28,PTC,PTC,5.920000076293945,6.0,5.849999904632568,5.880000114440918,192500,5.96999979019165,-0.08999967575073242,40.62615182172779,-0.08547622801194521,-0.036397201068696865,-0.049079026943248345,-10.365851132164797,6.24300000667572,6.154999990463256,6.779346306930156,6.24300000667572,5.7066537064212834,1541150.0,948110000.0,-1.507532310111576,-1.0101000370632516,-4.23452374101591,0.46440582149691884
2023-03-01,PTC,PTC,5.829999923706055,5.900000095367432,5.559999942779541,5.769999980926514,2939000,5.880000114440918,-0.1100001335144043,37.92618595778384,-0.10390494631134306,-0.04989875011722611,-0.05400619619411695,-13.75186948318479,6.212000012397766,6.150599994659424,6.783115265436464,6.212000012397766,5.640884759359068,1641050.0,945171000.0,-1.8707505335629286,-3.3500806749394587,-4.9423423764542065,0.45665804490315437
2023-03-02,PTC,PTC,5.78000020980835,5.849999904632568,5.690000057220459,5.710000038146973,681000,5.769999980926514,-0.059999942779541016,36.50122699586239,-0.1219456190888808,-0.06430812391155705,-0.05763749517732375,-14.903129572502344,6.186000013351441,6.144799995422363,6.799442410270269,6.186000013351441,5.572557616432612,1654325.0,944490000.0,-1.0398603635680874,-2.8911577038312566,-4.833332697550455,0.450929221065533
2023-03-03,PTC,PTC,5.690000057220459,5.860000133514404,5.599999904632568,5.710000038146973,1799500,5.710000038146973,0.0,36.50122699586239,-0.1346903556628618,-0.078384570261818,-0.056305785401043806,-8.199353203337708,6.166000008583069,6.139399995803833,6.814931108477417,6.166000008583069,5.517068908688721,1727775.0,944490000.0,0.0,-1.0398603635680874,-3.8720541558565515,0.4474327542203478
2023-03-06,PTC,PTC,5.710000038146973,6.03000020980835,5.710000038146973,5.880000114440918,1403000,5.710000038146973,0.1700000762939453,43.47934085979067,-0.1295793556599074,-0.08862352734143589,-0.04095582831847153,-3.6065539939529234,6.135000014305115,6.135399999618531,6.775936815726296,6.135000014305115,5.494063212883934,1521375.0,945893000.0,2.9772342409495725,2.9772342409495725,-1.507532310111576,0.39298125343530105
2023-03-07,PTC,PTC,5.849999904632568,5.949999809265137,5.690000057220459,5.730000019073486,1084500,5.880000114440918,-0.15000009536743164,39.36834552253367,-0.1360641426879301,-0.09811165041073473,-0.03795249227719537,-5.601320312563214,6.103500008583069,6.12960000038147,6.7596217650164325,6.103500008583069,5.447378252149705,1482600.0,944808500.0,-2.5510219804084806,0.3502623606462204,-2.5510219804084806,0.39548274625872554
2023-03-08,PTC,PTC,5.75,5.840000152587891,5.590000152587891,5.630000114440918,767000,5.730000019073486,-0.09999990463256836,36.86580840151047,-0.14757142813427393,-0.10800360595544259,-0.03956782217883134,-4.576270789190538,6.064500021934509,6.123000001907348,6.736448465428009,6.064500021934509,5.392551578441009,1506450.0,944041500.0,-1.7451990279179417,-4.251700597522361,-2.426340848325537,0.39485344906708636
2023-03-09,PTC,PTC,5.699999809265137,5.840000152587891,5.630000114440918,5.789999961853027,370500,5.630000114440918,0.15999984741210938,43.09832031236556,-0.14214186134700402,-0.11483125703375488,-0.027310604313249137,-5.7003243036371725,6.02350001335144,6.116999998092651,6.654097853844375,6.02350001335144,5.392902172858506,1365100.0,944412000.0,2.8419155268169654,1.047119416750765,1.4010494425848816,0.3914701403703525
2023-03-10,PTC,PTC,5.880000114440918,5.989999771118164,5.809999942779541,5.880000114440918,463000,5.789999961853027,0.09000015258789062,46.30907928837432,-0.1290885776309123,-0.11768272115318637,-0.011405856477725934,-3.13014912433611,5.989500021934509,6.1126000022888185,6.569607966780189,5.989500021934509,5.409392077088829,1328325.0,944875000.0,1.5544067906882515,4.440497245439683,2.9772342409495725,0.39900757021173855
2023-03-13,PTC,PTC,5.980000019073486,6.0,5.869999885559082,5.889999866485596,330000,5.880000114440918,0.009999752044677734,46.6691532910955,-0.11659285002492936,-0.11746474692753497,0.0008718969026056123,-1.833335558573405,5.949500012397766,6.107200002670288,6.427587165361382,5.949500012397766,5.47141285943415,1240300.0,945205000.0,0.17006380697372708,1.727114081026081,0.17006380697372708,0.3890283012846286
2023-03-14,PTC,PTC,5.889999866485596,5.980000019073486,5.809999942779541,5.829999923706055,339000,5.889999866485596,-0.059999942779541016,44.73075323037023,-0.11026037682288425,-0.11602387290660485,0.005763496083720593,-1.8518540817300488,5.90550000667572,6.101400003433228,6.2243448855247,5.90550000667572,5.586655127826741,855825.0,944866000.0,-1.0186747731683967,-0.8503433632946009,1.7451990279179417,0.38777338576641923
2023-03-15,PTC,PTC,5.800000190734863,5.889999866485596,5.75,5.789999961853027,827500,5.829999923706055,-0.039999961853027344,43.4355085187696,-0.10723338905659041,-0.11426577613660197,0.007032387080011554,-3.015072607445513,5.884000015258789,6.096400003433228,6.1698339470049435,5.884000015258789,5.598166083512635,736125.0,944038500.0,-0.6861057011403852,-1.6977912886139948,2.8419155268169654,0.2985799686797383
2023-03-16,PTC,PTC,5.75,5.929999828338623,5.75,5.840000152587891,304500,5.789999961853027,0.05000019073486328,45.557673103052664,-0.09965116531717833,-0.11134285397271725,0.01169168865553892,-0.680271446845552,5.871000027656555,6.0924000072479245,6.138534566776614,5.871000027656555,5.603465488536496,718650.0,944343000.0,0.863561158277819,0.17153051479765583,0.863561158277819,0.29531442135302843
2023-03-17,PTC,PTC,5.860000133514404,5.949999809265137,5.800000190734863,5.820000171661377,251500,5.840000152587891,-0.019999980926513672,44.83310929275204,-0.094170490890785,-0.1079083813563308,0.013737890465545799,0.8665544350111859,5.8585000276565555,6.085000009536743,6.109751586940726,5.8585000276565555,5.607248468372385,716025.0,944091500.0,-0.34246541787590606,0.5181383420726028,-1.020407170268328,0.29516708671200254
2023-03-20,PTC,PTC,5.800000190734863,5.900000095367432,5.78000020980835,5.849999904632568,360500,5.820000171661377,0.029999732971191406,46.21492267046141,-0.08641020612151173,-0.10360874630936699,0.017198540187855257,2.451836524523543,5.856000018119812,6.080000009536743,6.10650682618811,5.856000018119812,5.605493210051514,703750.0,944452000.0,0.5154593141983995,0.1712286264281436,-0.6791165154455978,0.279370863813167
2023-03-21,PTC,PTC,5.829999923706055,5.949999809265137,5.829999923706055,5.840000152587891,194000,5.849999904632568,-0.009999752044677734,45.80308869076852,-0.08014318025602662,-0.09891563309869893,0.018772452842672302,2.2767095196571314,5.841000032424927,6.073600015640259,6.05284902513287,5.841000032424927,5.629151039716984,666025.0,944258000.0,-0.17093593517427258,0.343642273824959,0.17153051479765583,0.23374001330878466
2023-03-22,PTC,PTC,5.900000095367432,5.900000095367432,5.710000038146973,5.739999771118164,158500,5.840000152587891,-0.10000038146972656,41.79227012114239,-0.0822970430683343,-0.095591915092626,0.013294872024291707,-2.380958173434754,5.824500012397766,6.062200012207032,6.011157568492678,5.824500012397766,5.637842456302854,662925.0,944099500.0,-1.7123352543991492,-1.8803441932929958,-0.863561158277819,0.2375152766837321
2023-03-23,PTC,PTC,5.739999771118164,5.739999771118164,5.739999771118164,5.739999771118164,0,5.739999771118164,0.0,41.79227012114239,-0.08304668438204033,-0.09308286895050888,0.010036184568468554,0.17451574190910119,5.811500000953674,6.0482000064849855,5.982229084346534,5.811500000953674,5.640770917560814,657050.0,944099500.0,0.0,-1.7123352543991492,-1.7123352543991492,0.23533562642805417
2023-03-24,PTC,PTC,5.800000190734863,5.820000171661377,5.710000038146973,5.71999979019165,148000,5.739999771118164,-0.019999980926513672,40.960317005666795,-0.08428304930991448,-0.09132290502239,0.007039855712475521,1.598573249046368,5.800499987602234,6.038800001144409,5.964589188527302,5.800499987602234,5.636410786677166,640150.0,943951500.0,-0.34843173735210153,-0.34843173735210153,-1.7182195622028729,0.2335676650591961
2023-03-27,PTC,PTC,5.699999809265137,5.760000228881836,5.599999904632568,5.619999885559082,275000,5.71999979019165,-0.09999990463256836,36.99481282411998,-0.09226842106956656,-0.09151200823182531,-0.0007564128377412493,-2.9360980555091163,5.7829999923706055,6.03,5.945623302626757,5.7829999923706055,5.620376682114454,644425.0,943676500.0,-1.7482501451143904,-2.0905904241126096,-3.9316243217602644,0.23846791658170058
2023-03-28,PTC,PTC,5.690000057220459,5.730000019073486,5.599999904632568,5.610000133514404,186500,5.619999885559082,-0.009999752044677734,36.61309201218173,-0.09827097550511255,-0.09286380168648277,-0.005407173818629776,-4.591836320945137,5.769499993324279,6.0246000003814695,5.942702064499004,5.769499993324279,5.596297922149555,644125.0,943490000.0,-0.1779315346673348,-1.9230709914686994,-3.938356388082729,0.23410167805710708
2023-03-29,PTC,PTC,5.659999847412109,5.690000057220459,5.579999923706055,5.610000133514404,104500,5.610000133514404,0.0,36.61309201218173,-0.10185393438760482,-0.09466182822670718,-0.007192106160897632,-4.753815608119185,5.761500000953674,6.017400007247925,5.948810610237849,5.761500000953674,5.5741893916695,502400.0,943490000.0,0.0,-0.1779315346673348,-2.264802139154712,0.22592849654971758
2023-03-30,PTC,PTC,5.610000133514404,5.769999980926514,5.429999828338623,5.619999885559082,208500,5.610000133514404,0.009999752044677734,37.362654281495224,-0.10270266629040936,-0.09626999583944763,-0.006432670450961728,-3.6020590204995817,5.75699999332428,6.008600006103515,5.9536134483324785,5.75699999332428,5.560386538316082,478775.0,943698500.0,0.17824869530641801,0.17824869530641801,-2.0905904241126096,0.22355385263181735
2023-03-31,PTC,PTC,5.610000133514404,5.980000019073486,5.519999980926514,5.840000152587891,802000,5.619999885559082,0.2200002670288086,51.07119974931988,-0.08464734757617176,-0.09394546618679248,0.009298118610620715,0.863561158277819,5.763499999046326,6.003800010681152,5.962156046653675,5.763499999046326,5.564843951438977,428900.0,944500500.0,3.9145955784467565,4.099821989298278,2.097908510451529,0.2645973492618599
2023-04-03,PTC,PTC,5.650000095367432,5.949999809265137,5.650000095367432,5.789999961853027,85500,5.840000152587891,-0.05000019073486328,48.474597784030635,-0.07352541966692971,-0.08986145688281993,0.01633603721589022,-0.8561676271995746,5.758999991416931,5.998600006103516,5.950492764242289,5.758999991416931,5.567507218591573,363025.0,944415000.0,-0.8561676271995746,3.024912451168735,3.024912451168735,0.24399050802657374
2023-04-04,PTC,PTC,5.800000190734863,5.909999847412109,5.699999809265137,5.730000019073486,273500,5.789999961853027,-0.059999942779541016,45.485977679566965,-0.06876008218578455,-0.08564118194341286,0.016881099757628304,-1.5463943287513544,5.758999991416931,5.992200002670288,5.950492764242289,5.758999991416931,5.567507218591573,322475.0,944141500.0,-1.0362684486156488,-1.883563880827293,2.139035342302348,0.22899178785105095
2023-04-05,PTC,PTC,5.710000038146973,5.820000171661377,5.699999809265137,5.75,69500,5.730000019073486,0.019999980926513672,46.66635589728292,-0.0626475249151266,-0.08104245053775562,0.018394925622629024,-1.7094001070560572,5.764999985694885,5.982400007247925,5.946745946437435,5.764999985694885,5.5832540249523355,287600.0,944211000.0,0.3490398055835884,-0.6908456324104324,2.495541232686073,0.21957706545179007
2023-04-06,PTC,PTC,5.730000019073486,5.849999904632568,5.730000019073486,5.840000152587891,109000,5.75,0.09000015258789062,51.731323770494015,-0.04996505305885268,-0.07482697104197503,0.024861917983122345,0.0,5.767499995231629,5.9754000091552735,5.952047862616245,5.767499995231629,5.582952127847012,274525.0,944320000.0,1.5652200450067937,1.919723091592429,3.9145955784467565,0.20256136534726318
2023-04-07,PTC,PTC,5.840000152587891,5.840000152587891,5.78000020980835,5.800000190734863,39000,5.840000152587891,-0.039999961853027344,49.482140080020585,-0.04265012131860768,-0.06839160109730157,0.025741479778693885,1.0453035193242006,5.763499999046326,5.970000009536744,5.941118801060784,5.763499999046326,5.585881197031868,253325.0,944281000.0,-0.6849308357518121,0.8695685345193614,-0.6849308357518121,0.19600262857526835
2023-04-10,PTC,PTC,5.800000190734863,5.820000171661377,5.75,5.75,15000,5.800000190734863,-0.05000019073486328,46.746153386812175,-0.04042162737767896,-0.06279760635337704,0.022375978975698083,0.17422002230999867,5.756500005722046,5.964400005340576,5.923866681534415,5.756500005722046,5.589133329909677,237575.0,944266000.0,-0.8620722256998448,-1.5410984629513866,-0.6908456324104324,0.19780249387093368
2023-04-11,PTC,PTC,5.800000190734863,5.800000190734863,5.619999885559082,5.699999809265137,33500,5.75,-0.05000019073486328,44.119054693922195,-0.04220363021901896,-0.05867881112650543,0.016475180907486467,-0.3496500290228781,5.75,5.953600006103516,5.915434135462821,5.75,5.584565864537179,222300.0,944232500.0,-0.8695685345193614,-1.7241444513996895,-0.5235638692580755,0.19696596904292255
2023-04-12,PTC,PTC,5.699999809265137,5.739999771118164,5.659999847412109,5.670000076293945,356500,5.699999809265137,-0.029999732971191406,42.57310194893565,-0.04551197433208465,-0.05604544376762128,0.010533469435536631,0.8896831272780218,5.744000005722046,5.9392000102996825,5.912010121210491,5.744000005722046,5.5759898902336005,198750.0,943876000.0,-0.5263111223693019,-1.3913030209748642,-1.3913030209748642,0.19642211501812093
2023-04-13,PTC,PTC,5.75,5.75,5.650000095367432,5.670000076293945,82000,5.670000076293945,0.0,42.573101948935644,-0.04758532684993266,-0.054353420384083556,0.006768093534150893,1.069517671151174,5.735500001907349,5.928000011444092,5.900229512167876,5.735500001907349,5.570770491646822,187625.0,943876000.0,0.0,-0.5263111223693019,-2.910960134455011,0.19318337705920965
2023-04-14,PTC,PTC,5.670000076293945,5.670000076293945,5.670000076293945,5.670000076293945,0,5.670000076293945,0.0,42.57310194893565,-0.04866746541121092,-0.053216229389509026,0.0045487639782981065,1.069517671151174,5.727999997138977,5.919200010299683,5.890169541299003,5.727999997138977,5.565830452978951,175050.0,943876000.0,0.0,0.0,-2.241381209755562,0.1930913304175424
2023-04-17,PTC,PTC,5.659999847412109,5.670000076293945,5.610000133514404,5.630000114440918,59000,5.670000076293945,-0.039999961853027344,40.22578986279818,-0.05215155992571585,-0.0530032954967504,0.0008517355710345453,0.1779400193144507,5.7170000076293945,5.901800012588501,5.874092048500012,5.7170000076293945,5.559907966758777,159975.0,943817000.0,-0.7054666898553611,-0.7054666898553611,-2.0869545314622964,0.19259546690874865
2023-04-18,PTC,PTC,5.699999809265137,6.03000020980835,5.699999809265137,5.880000114440918,1367500,5.630000114440918,0.25,56.40445717781981,-0.034343923890918227,-0.04927142117558397,0.01492749728466574,0.6849308357518121,5.719000005722046,5.892200012207031,5.8835280826806775,5.719000005722046,5.554471928763415,218650.0,945184500.0,4.440497245439683,3.7037043266538006,3.157900196473647,0.25308929512053585
2023-04-19,PTC,PTC,5.900000095367432,5.949999809265137,5.809999942779541,5.869999885559082,173500,5.880000114440918,-0.010000228881835938,55.7543835738937,-0.020798427604760583,-0.04357682246141929,0.02277839485665871,1.3816912648208648,5.725500011444092,5.881400012969971,5.903260963042743,5.725500011444092,5.5477390598454415,219400.0,945011000.0,-0.1700719164490489,4.262873290225448,3.527333449276805,0.2446584879549908
2023-04-20,PTC,PTC,5.829999923706055,5.869999885559082,5.75,5.800000190734863,356500,5.869999885559082,-0.06999969482421875,51.29764248971261,-0.015532861410929577,-0.03796803025132135,0.022435168840391775,1.2216434804252523,5.728500032424927,5.86520001411438,5.909290735349617,5.728500032424927,5.547709329500237,237225.0,944654500.0,-1.192499083286638,-1.360542893691104,2.2927709469430786,0.2490762571834839
2023-04-21,PTC,PTC,5.800000190734863,5.800000190734863,5.800000190734863,5.800000190734863,0,5.800000190734863,0.0,51.29764248971261,-0.01123040514612228,-0.03262050523028154,0.021390100084159258,0.8695685345193614,5.732500052452087,5.850000019073486,5.916018350446985,5.732500052452087,5.548981754457189,229825.0,944654500.0,0.0,-1.192499083286638,2.2927709469430786,0.2486186565063755
2023-04-24,PTC,PTC,5.800000190734863,5.800000190734863,5.800000190734863,5.800000190734863,0,5.800000190734863,0.0,51.29764248971261,-0.007731553028154536,-0.02764271478985614,0.019911161761701605,-0.6849308357518121,5.741500067710876,5.832200021743774,5.919355752966356,5.741500067710876,5.563644382455396,216075.0,944654500.0,0.0,0.0,3.019539482031201,0.23912264968616997
2023-04-25,PTC,PTC,5.800000190734863,5.800000190734863,5.800000190734863,5.800000190734863,0,5.800000190734863,0.0,51.29764248971261,-0.004902178257346179,-0.023094607483354148,0.01819242922600797,0.0,5.7510000705719,5.814000024795532,5.91932312669473,5.7510000705719,5.58267701444907,206750.0,944654500.0,0.0,0.0,-1.360542893691104,0.23886420538949757
2023-04-26,PTC,PTC,5.800000190734863,5.889999866485596,5.78000020980835,5.800000190734863,751000,5.800000190734863,0.0,51.29764248971261,-0.0026295663627546872,-0.019001599259234257,0.01637203289647957,0.8695685345193614,5.760500073432922,5.805600032806397,5.916296919388156,5.760500073432922,5.604703227477689,239075.0,944654500.0,0.0,0.0,-1.192499083286638,0.23886420538949757
2023-04-27,PTC,PTC,5.800000190734863,6.0,5.800000190734863,5.980000019073486,1385000,5.800000190734863,0.17999982833862305,62.471417211327484,0.01353989725532223,-0.012493299956322961,0.026033197211645192,4.912284546978752,5.778500080108643,5.803200035095215,5.948487720701284,5.778500080108643,5.6085124395160015,297900.0,946039500.0,3.103445214125363,3.103445214125363,3.103445214125363,0.26047204651232614
2023-04-28,PTC,PTC,5.980000019073486,6.150000095367432,5.929999828338623,5.980000019073486,1177000,5.980000019073486,0.0,62.471417211327484,0.02605397960845579,-0.0047838440433672115,0.030837823651823002,5.467371051292203,5.785500073432923,5.801400032043457,5.976395475290802,5.785500073432923,5.594604671575043,316650.0,946039500.0,0.0,3.103445214125363,3.103445214125363,0.22330214201723883
2023-05-01,PTC,PTC,5.980000019073486,5.980000019073486,5.980000019073486,5.980000019073486,0,5.980000019073486,0.0,62.471417211327484,0.03556154863602767,0.003285234492511766,0.03227631414351591,5.467371051292203,5.795000076293945,5.803000030517578,6.004812015852352,5.795000076293945,5.585188136735539,312375.0,946039500.0,0.0,0.0,3.103445214125363,0.2203472270586937
2023-05-02,PTC,PTC,5.980000019073486,6.25,5.929999828338623,6.139999866485596,1486500,5.980000019073486,0.15999984741210938,70.08991158619168,0.055368759506618126,0.01370193949533304,0.041666820011285084,8.289237810713649,5.815500068664551,5.803000030517578,6.0732207830499245,5.815500068664551,5.557779354279177,373025.0,947526000.0,2.6755827241100745,2.6755827241100745,5.862063182236797,0.23244446037158653
2023-05-03,PTC,PTC,6.150000095367432,6.199999809265137,6.099999904632568,6.150000095367432,725500,6.139999866485596,0.010000228881835938,70.49309778661829,0.07105398560370446,0.025172348717007326,0.045881636886697136,9.236233931731489,5.8355000734329225,5.8046000289916995,6.131115344926189,5.8355000734329225,5.539884801939656,405825.0,948251500.0,0.16287018077021317,2.8428106312997024,6.034480915908783,0.23254592151211645
2023-05-04,PTC,PTC,6.159999847412109,6.300000190734863,6.0,6.199999809265137,1051500,6.150000095367432,0.04999971389770508,72.48984575214632,0.08652182954507115,0.03744224488262009,0.04907958466245106,5.442171574764416,5.8535000562667845,5.808600025177002,6.1911247827197675,5.8535000562667845,5.5158753298138015,452950.0,949303000.0,0.8130034654043017,0.9771977863882869,3.6789262456513523,0.22882185610729777
2023-05-05,PTC,PTC,6.329999923706055,6.329999923706055,6.099999904632568,6.110000133514404,78500,6.199999809265137,-0.08999967575073242,64.08355618106671,0.09047504562676689,0.048048805031449454,0.04242624059531744,4.088590334486245,5.869000053405761,5.812000026702881,6.224284882469662,5.869000053405761,5.513715224341861,454925.0,949224500.0,-1.4516077180557163,-0.6504058737032841,2.173914950272184,0.23478050460137878
2023-05-08,PTC,PTC,6.190000057220459,6.190000057220459,6.050000190734863,6.119999885559082,259000,6.110000133514404,0.009999752044677734,64.5751072941326,0.09333894106041374,0.05710683223724232,0.03623210882317142,5.517235936222868,5.887500047683716,5.815000028610229,6.2550165002016,5.887500047683716,5.519983595165832,467125.0,949483500.0,0.1636620593480411,-1.2903213897927004,2.3411348835963155,0.23100843823782402
2023-05-09,PTC,PTC,6.090000152587891,6.099999904632568,5.940000057220459,6.0,1109500,6.119999885559082,-0.11999988555908203,54.87026094492062,0.08494640169960821,0.06267474612971549,0.022271655569892718,3.4482724601392922,5.902500057220459,5.817400026321411,6.26220008510361,5.902500057220459,5.542800029337308,520925.0,948374000.0,-1.960782480441495,-1.80032947808028,-2.280128168239336,0.24148468535627404
2023-05-10,PTC,PTC,5.909999847412109,6.039999961853027,5.900000095367432,6.0,185500,6.0,0.0,54.87026094492062,0.07740300018673008,0.06562039694111842,0.011782603245611659,3.4482724601392922,5.919000053405762,5.822000026702881,6.263759167787718,5.919000053405762,5.574240939023806,512375.0,948374000.0,0.0,-1.960782480441495,-2.4390259031121184,0.23990720750051533
2023-05-11,PTC,PTC,5.96999979019165,6.050000190734863,5.96999979019165,6.019999980926514,69500,6.0,0.019999980926513672,56.14425709621933,0.07220628237805204,0.06693757402850514,0.005268708349546902,3.793099706153222,5.93650004863739,5.828200025558472,6.263094767099591,5.93650004863739,5.609905330175189,511750.0,948443500.0,0.33333301544189453,0.33333301544189453,-2.9032231270335758,0.23965719420148388
2023-05-12,PTC,PTC,5.929999828338623,6.25,5.920000076293945,5.989999771118164,201500,6.019999980926514,-0.03000020980834961,53.695624722583624,0.06491873707454054,0.06653380663771223,-0.0016150695631716866,3.275854726467306,5.952500033378601,5.833800020217896,6.25455423482953,5.952500033378601,5.650445831927672,521825.0,948242000.0,-0.49834235719935,-0.1666704813639323,-1.9639993416369592,0.2411619191720086
2023-05-15,PTC,PTC,5.900000095367432,6.150000095367432,5.900000095367432,6.119999885559082,1888500,5.989999771118164,0.13000011444091797,61.52610692976385,0.0688396866403016,0.0669949826382301,0.0018447040020714983,2.3411348835963155,5.97700002193451,5.838600015640258,6.246666299863802,5.97700002193451,5.707333744005218,613300.0,950130500.0,2.1702857998048075,1.6611279891927473,0.0,0.24701908059756045
2023-05-16,PTC,PTC,6.170000076293945,6.800000190734863,6.170000076293945,6.75,15602500,6.119999885559082,0.630000114440918,79.56307653577886,0.12138357720545478,0.07787270155167504,0.04351087565377974,12.876253820577979,6.020500016212464,5.859000015258789,6.454743345013743,6.020500016212464,5.5862566874111845,1325050.0,965733000.0,10.294119709503317,12.687817327578383,12.5,0.40801158609644955
2023-05-17,PTC,PTC,6.710000038146973,6.900000095367432,6.599999904632568,6.639999866485596,3416500,6.75,-0.1100001335144043,73.11757813447583,0.15239221497808142,0.09277660423695633,0.05961561074112509,11.036786710819554,6.059000015258789,5.879200010299683,6.567284913099273,6.059000015258789,5.550715117418305,1487200.0,962316500.0,-1.6296316076208046,8.496731873370125,10.666664441426594,0.41546605504058465
2023-05-18,PTC,PTC,6.699999809265137,6.699999809265137,6.400000095367432,6.510000228881836,514000,6.639999866485596,-0.12999963760375977,66.2834423322245,0.16457972687168443,0.10713722876390194,0.057442498107782486,6.026064665177599,6.094500017166138,5.893600015640259,6.625297745197716,6.094500017166138,5.56370228913456,1495075.0,961802500.0,-1.9578259068936652,-3.5555521647135415,8.13953902836904,0.4208193060781745
2023-05-19,PTC,PTC,6.539999961853027,6.579999923706055,6.420000076293945,6.5,129500,6.510000228881836,-0.010000228881835938,65.77414721269633,0.17145505580206155,0.12000079417153386,0.05145426163052769,5.691055271628538,6.129500007629394,5.9060000133514405,6.670745099511009,6.129500007629394,5.588254915747779,1501550.0,961673000.0,-0.15361334147838557,-2.1084317665761416,8.514194463593999,0.42115027274586886
2023-05-22,PTC,PTC,6.449999809265137,6.480000019073486,6.349999904632568,6.389999866485596,179500,6.5,-0.1100001335144043,60.286890256660826,0.16611286632696842,0.12922320860262076,0.03688965772434766,3.064517146218735,6.158999991416931,5.91600001335144,6.688822156481375,6.158999991416931,5.629177826352488,1510525.0,961493500.0,-1.6923097463754508,-1.8433234743042644,4.411764476721854,0.4285837179059065
2023-05-23,PTC,PTC,6.320000171661377,6.360000133514404,6.289999961853027,6.309999942779541,253500,6.389999866485596,-0.07999992370605469,56.5893267430514,0.1536526058291683,0.13410908804793029,0.019543517781238,3.2733192290472024,6.184499979019165,5.92560001373291,6.690109541800763,6.184499979019165,5.678890416237567,1523200.0,961240000.0,-1.2519550137338806,-2.923077803391677,-6.518519366229023,0.4328755081926424
2023-05-24,PTC,PTC,6.309999942779541,6.349999904632568,6.25,6.260000228881836,281500,6.309999942779541,-0.04999971389770508,54.345848988015206,0.13815068546065756,0.13491740753047576,0.0032332779301817993,2.2875873519720566,6.207499980926514,5.935000019073486,6.680246734355948,6.207499980926514,5.734753227497079,1499725.0,960958500.0,-0.7923885000176453,-2.0344231661973042,-5.722886223563814,0.43489174690808574
2023-05-25,PTC,PTC,6.260000228881836,6.400000095367432,6.199999809265137,6.300000190734863,471500,6.260000228881836,0.039999961853027344,55.853699531057124,0.1276218196165031,0.13345828994768125,-0.005836470331178151,5.000003178914389,6.223499989509582,5.944200019836426,6.685362384567068,6.223499989509582,5.761637594452096,1454050.0,961430000.0,0.6389770030435311,-0.15847467726398848,-3.2258069241733724,0.42334079703287647
2023-05-26,PTC,PTC,6.25,6.329999923706055,6.099999904632568,6.199999809265137,854000,6.300000190734863,-0.10000038146972656,51.29269689856975,0.10994109008157071,0.12875484997445916,-0.018813759892888443,3.3333301544189453,6.234499979019165,5.951800012588501,6.682206454604288,6.234499979019165,5.786793503434041,1437900.0,960576000.0,-1.5873075943202795,-0.9584731217720183,-4.615387549767128,0.42851657788777525
2023-05-29,PTC,PTC,6.300000190734863,6.320000171661377,6.170000076293945,6.230000019073486,274500,6.199999809265137,0.03000020980834961,52.544686000567374,0.09722895587131664,0.12244967115383067,-0.02522071528251403,3.4883727377462947,6.246999979019165,5.959400014877319,6.6784528951211275,6.246999979019165,5.815547062917203,1451625.0,960850500.0,0.4838743666333342,-1.1111138022554852,-2.5039100274677613,0.428540594875854
2023-05-30,PTC,PTC,6.230000019073486,6.289999961853027,6.139999866485596,6.21999979019165,80500,6.230000019073486,-0.010000228881835938,52.06427096840027,0.08536354521605638,0.1150324459662758,-0.029668900750219426,3.8397333532877886,6.250999975204468,5.9670000076293945,6.679750958284166,6.250999975204468,5.822248992124769,1381325.0,960770000.0,-0.1605173170340239,0.3225803474481751,-1.4263098796201534,0.4188598049655483
2023-05-31,PTC,PTC,6.239999771118164,6.239999771118164,6.150000095367432,6.150000095367432,204500,6.21999979019165,-0.06999969482421875,48.707262777962036,0.06951045813304013,0.10592804839962869,-0.036417590266588556,0.4901995158388633,6.250999975204468,5.97520001411438,6.679750958284166,6.250999975204468,5.822248992124769,1355275.0,960565500.0,-1.1253970608584525,-1.2841079207244068,-1.7571905669730714,0.4210781573484913
2023-06-01,PTC,PTC,6.159999847412109,6.230000019073486,6.130000114440918,6.139999866485596,42000,6.150000095367432,-0.010000228881835938,48.228833396252575,0.05550006728103707,0.09584245217591036,-0.040342384894873295,-9.037039015028212,6.247999978065491,5.983200016021729,6.679086776906006,6.247999978065491,5.816913179224976,1304800.0,960523500.0,-0.16260534515062433,-1.286172450233953,-2.5396876096063155,0.42010039655389475
2023-06-02,PTC,PTC,6.199999809265137,6.230000019073486,6.079999923706055,6.090000152587891,96000,6.139999866485596,-0.04999971389770508,45.80618438729513,0.03990220476661843,0.08465440269405199,-0.044752197927433554,-8.283128387904739,6.246999979019165,5.9906000232696535,6.679525042833761,6.246999979019165,5.814474915204569,1305675.0,960427500.0,-0.8143276056180738,-0.975608810554926,-1.7741880655038917,0.4178168309212979
2023-06-05,PTC,PTC,6.119999885559082,6.230000019073486,6.119999885559082,6.199999809265137,66500,6.090000152587891,0.1099996566772461,51.56995997616828,0.036001832619700025,0.0749238886791816,-0.03892205605948157,-4.761911040208138,6.250999975204468,6.002200021743774,6.680045467642234,6.250999975204468,5.821954482766701,1296050.0,960494000.0,1.80623405453451,0.9771977863882869,-0.4815442972151256,0.422633149152582
2023-06-06,PTC,PTC,6.159999847412109,6.25,6.150000095367432,6.210000038146973,141000,6.199999809265137,0.010000228881835938,52.06904747014416,0.033333447257335,0.06660580039481229,-0.033272353137477284,-4.461537874661959,6.261499977111816,6.014200019836426,6.674666229044256,6.261499977111816,5.848333725179376,1247625.0,960635000.0,0.1612940191851591,1.9704414212221188,-0.1607677231829878,0.41558324730382173
2023-06-07,PTC,PTC,6.260000228881836,6.739999771118164,6.260000228881836,6.340000152587891,3196000,6.210000038146973,0.13000011444091797,58.112252688186096,0.04123334309968829,0.061531308935787496,-0.020297965836099205,-0.7824681524634237,6.278499984741211,6.028800020217895,6.673962460192511,6.278499984741211,5.883037509289911,1398150.0,963831000.0,2.093399575561182,2.258070123059369,3.0894317768154025,0.4208365141993902
2023-06-08,PTC,PTC,6.460000038146973,6.5,6.269999980926514,6.269999980926514,401500,6.340000152587891,-0.07000017166137695,54.15299458726702,0.041368765258463114,0.05749880020032262,-0.01613003494185951,-0.6339138227536568,6.290999984741211,6.041800022125244,6.667404079794298,6.290999984741211,5.914595889688123,1414750.0,963429500.0,-1.1041036273919325,0.9661826475196712,2.1172657535467874,0.42380340104207515
2023-06-09,PTC,PTC,6.28000020980835,6.389999866485596,6.199999809265137,6.230000019073486,311000,6.269999980926514,-0.039999961853027344,51.97389767362204,0.037812546172263595,0.05356154939471082,-0.015749003222447225,-0.47923656088600913,6.302999997138977,6.049600019454956,6.653404294285752,6.302999997138977,5.9525956999922025,1420225.0,963118500.0,-0.6379579262313901,-1.7350178370185674,2.2988483247591387,0.42415304592878444
2023-06-12,PTC,PTC,6.199999809265137,6.420000076293945,6.199999809265137,6.230000019073486,197500,6.230000019073486,0.0,51.97389767362203,0.03459542243040126,0.04976832400184891,-0.015172901571447656,-1.1111138022554852,6.308500003814697,6.0584000205993656,6.650153881890631,6.308500003814697,5.966846125738764,1335675.0,963118500.0,0.0,-0.6379579262313901,0.4838743666333342,0.4179284105857594
2023-06-13,PTC,PTC,6.25,6.380000114440918,6.050000190734863,6.099999904632568,317000,6.230000019073486,-0.13000011444091797,45.12905005534116,0.021310254558381203,0.04407671011315537,-0.02276645555477417,-1.6129017372408756,6.275999999046325,6.065800018310547,6.559541533161188,6.275999999046325,5.992458464931462,571400.0,962801500.0,-2.0866791981206343,-2.0866791981206343,-1.7713386930546249,0.18352091058534148
2023-06-14,PTC,PTC,6.110000133514404,6.159999847412109,6.059999942779541,6.070000171661377,681000,6.099999904632568,-0.029999732971191406,43.69881794438726,0.008265654255724009,0.0369144989416691,-0.028648844685945092,-2.5682158414488137,6.247500014305115,6.072200021743774,6.488364728563789,6.247500014305115,6.006635300046441,434625.0,962120500.0,-0.491798908855859,-2.5682158414488137,-4.258674675525107,0.17859896410202242
2023-06-15,PTC,PTC,6.059999942779541,6.170000076293945,6.050000190734863,6.059999942779541,371000,6.070000171661377,-0.010000228881835938,43.20724928568226,-0.002846408732723127,0.028962317406790655,-0.031808726139513785,-2.572344900467906,6.225,6.076600017547608,6.445859565537874,6.225,6.004140434462125,427475.0,961749500.0,-0.16474841184557734,-0.6557370898096224,-3.349282915243982,0.169521761997351
2023-06-16,PTC,PTC,6.150000095367432,6.150000095367432,5.96999979019165,6.0,859000,6.059999942779541,-0.059999942779541016,40.27956119415959,-0.016306323504003295,0.019908589224631866,-0.03621491272863516,-2.4390259031121184,6.2,6.08060001373291,6.402198444226145,6.2,5.997801555773855,463950.0,960890500.0,-0.9900980750178164,-1.1532153160090883,-3.6918140990261423,0.17081816857290258
2023-06-19,PTC,PTC,6.159999847412109,6.239999771118164,5.949999809265137,5.960000038146973,89000,6.0,-0.039999961853027344,38.41095937858565,-0.029856893874289803,0.009955492604847533,-0.03981238647913733,-2.931593359164861,6.178500008583069,6.084800014495849,6.386980749246943,6.178500008583069,5.970019267919195,459425.0,960801500.0,-0.6666660308837891,-1.6501634583630274,-4.333868059388346,0.16423102356171598
2023-06-20,PTC,PTC,5.949999809265137,6.0,5.949999809265137,5.960000038146973,197000,5.960000038146973,0.0,38.41095937858565,-0.04013318810885469,-6.224353789291079e-05,-0.040070944570961775,-2.1346487879097276,6.16100001335144,6.090000019073487,6.381420687258407,6.16100001335144,5.940579339444474,456600.0,960801500.0,0.0,-0.6666660308837891,-2.295079814333678,0.16101839862856657
2023-06-21,PTC,PTC,5.920000076293945,6.079999923706055,5.900000095367432,5.909999847412109,160500,5.960000038146973,-0.05000019073486328,35.99048136701427,-0.05171567672038169,-0.010392930174390667,-0.041322746545991024,-4.677418883459611,6.1434999942779545,6.094800014495849,6.38535905559985,6.1434999942779545,5.901640932956059,450550.0,960641000.0,-0.8389293693764618,-0.8389293693764618,-2.6359196000726803,0.16122315653872293
2023-06-22,PTC,PTC,5.949999809265137,6.050000190734863,5.860000133514404,5.949999809265137,161500,5.909999847412109,0.039999961853027344,39.28660220826886,-0.05701004347081806,-0.01971635283367615,-0.03729369063714191,-4.186799151122364,6.125999975204468,6.1004000091552735,6.3708114270733285,6.125999975204468,5.881188523335607,435050.0,960802500.0,0.6768183229402732,-0.1677890741246558,-1.8151837384993523,0.16151530649428544
2023-06-23,PTC,PTC,5.900000095367432,5.900000095367432,5.75,5.769999980926514,287000,5.949999809265137,-0.17999982833862305,31.44062659508721,-0.07486732516873396,-0.03074654730068771,-0.044120777868046246,-8.990538768815512,6.104499983787536,6.102400007247925,6.393489184443711,6.104499983787536,5.815510783131362,406700.0,960515500.0,-3.025207295945345,-2.368864130290956,-3.833333651224772,0.18351254932244837
2023-06-26,PTC,PTC,5.800000190734863,6.019999980926514,5.800000190734863,6.010000228881836,174500,5.769999980926514,0.24000024795532227,46.71960188529918,-0.06885956512173408,-0.038369150864896985,-0.030490414256837094,-4.146726520504036,6.093499994277954,6.110000009536743,6.379103713254088,6.093499994277954,5.807896275301819,401700.0,960690000.0,4.159449718347909,1.0084104460519243,0.8389293693764618,0.2425955856743364
2023-06-27,PTC,PTC,6.0,6.079999923706055,6.0,6.010000228881836,192000,6.010000228881836,0.0,46.71960188529918,-0.06336790622312449,-0.04336890193654249,-0.019999004286582002,-3.531296781992119,6.083000016212464,6.1126000118255615,6.36443246938139,6.083000016212464,5.8015675630435375,407275.0,960690000.0,0.0,4.159449718347909,0.8389293693764618,0.2426695721846811
2023-06-28,PTC,PTC,6.010000228881836,6.010000228881836,6.010000228881836,6.010000228881836,0,6.010000228881836,0.0,46.71960188529918,-0.05834318308349484,-0.04636375816593297,-0.011979424917561876,-3.531296781992119,6.076000022888183,6.115400018692017,6.357380092609202,6.076000022888183,5.794619953167165,397050.0,960690000.0,0.0,0.0,1.6920538756615207,0.24000845793566405
2023-06-29,PTC,PTC,6.010000228881836,6.010000228881836,6.010000228881836,6.010000228881836,0,6.010000228881836,0.0,46.71960188529918,-0.05374155460562413,-0.047839317453871204,-0.005902237151752927,-1.4754045435702925,6.069500041007996,6.119600019454956,6.350661178478086,6.069500041007996,5.788338903537905,394950.0,960690000.0,0.0,0.0,1.0084104460519243,0.24002546604344263
2023-06-30,PTC,PTC,6.010000228881836,6.010000228881836,6.010000228881836,6.010000228881836,0,6.010000228881836,0.0,46.71960188529918,-0.04952385075993604,-0.048176224115084175,-0.001347626644851864,-0.988466904163511,6.065500044822693,6.123800020217896,6.347707509937174,6.065500044822693,5.783292579708212,390150.0,960690000.0,0.0,0.0,4.159449718347909,0.23852978569880157
2023-07-03,PTC,PTC,6.400000095367432,6.590000152587891,6.119999885559082,6.510000228881836,2176000,6.010000228881836,0.5,68.1437561464958,-0.005768967681292203,-0.039694772828325786,0.03392580514703358,7.42574736553369,6.0810000658035275,6.138000020980835,6.422199256731035,6.0810000658035275,5.73980087487602,495625.0,962866000.0,8.319467237242108,8.319467237242108,8.319467237242108,0.37750911990517033
2023-07-04,PTC,PTC,6.5,6.5,6.300000190734863,6.309999942779541,244500,6.510000228881836,-0.20000028610229492,58.08300121480196,0.012623228063687542,-0.02923117264992312,0.04185440071361066,5.16666571299235,6.086000061035156,6.148200016021729,6.437921155426804,6.086000061035156,5.734078966643508,500800.0,962621500.0,-3.072200907382259,4.991675581907926,4.991675581907926,0.3957540540918311
2023-07-05,PTC,PTC,6.300000190734863,6.400000095367432,6.210000038146973,6.239999771118164,224500,6.309999942779541,-0.07000017166137695,55.02112827236618,0.021305154306126894,-0.01912390725871312,0.04042906156484001,4.697982066762642,6.08100004196167,6.157000007629395,6.420343069652646,6.08100004196167,5.741657014270694,352225.0,962397000.0,-1.109352968243325,-4.147472323669141,3.8269473124316287,0.3907467694567776
2023-07-06,PTC,PTC,6.25,6.699999809265137,6.25,6.440000057220459,2516000,6.239999771118164,0.20000028610229492,61.29855300888479,0.043818878267125605,-0.006535350153545375,0.05035422842067098,8.05369154364508,6.089500045776367,6.166200008392334,6.456190812479943,6.089500045776367,5.7228092790727905,457950.0,964913000.0,3.205132907664455,2.0602237023738104,7.15473896776581,0.40503044381441966
2023-07-07,PTC,PTC,6.409999847412109,6.650000095367432,6.349999904632568,6.369999885559082,1012500,6.440000057220459,-0.07000017166137695,58.23510180043566,0.05537441607250404,0.005846603091664508,0.04952781298083953,7.78341878212398,6.096500039100647,6.174000005722046,6.479467670499853,6.096500039100647,5.713532407701441,493025.0,963900500.0,-1.086959177630651,2.0833352437386847,5.990010698289511,0.4065202011676665
2023-07-10,PTC,PTC,6.349999904632568,6.699999809265137,6.349999904632568,6.400000095367432,3101500,6.369999885559082,0.03000020980834961,59.17672777141745,0.0661900317614581,0.017915288825623227,0.04827474293583488,7.563030260968577,6.105000042915345,6.182400007247924,6.507492284102911,6.105000042915345,5.702507801727778,638225.0,967002000.0,0.4709609159705119,-0.621117414559334,-1.689710132825879,0.4066466328224114
2023-07-11,PTC,PTC,6.449999809265137,6.670000076293945,6.449999809265137,6.539999961853027,1845000,6.400000095367432,0.1399998664855957,63.331508065189844,0.08507758289824707,0.031347747640148,0.05372983525809907,13.344887061903792,6.127000045776367,6.190400009155273,6.573982900881959,6.127000045776367,5.6800171906707755,714625.0,968847000.0,2.1874978812411743,2.6687610572700153,3.6450082592579522,0.40354831184868695
2023-07-12,PTC,PTC,6.440000057220459,6.670000076293945,6.340000152587891,6.420000076293945,2839000,6.539999961853027,-0.11999988555908203,57.89272042823823,0.08933333627536832,0.04294486536719207,0.04638847090817626,6.821960595638614,6.144500041007996,6.195800008773804,6.609143646631916,6.144500041007996,5.679856435384076,822525.0,966008000.0,-1.8348606461624741,0.3124996973201678,2.8846203810601496,0.41015267266437583
2023-07-13,PTC,PTC,6.420000076293945,6.550000190734863,6.349999904632568,6.389999866485596,2308000,6.420000076293945,-0.03000020980834961,56.58442058711993,0.08925639313854017,0.05220717092146168,0.03704922221707849,6.3227890704167065,6.161000037193299,6.199600009918213,6.636323723338533,6.161000037193299,5.685676351048064,919375.0,963700000.0,-0.4672929821157844,-2.293579453247137,-0.7764004703509839,0.4107587698490232
2023-07-14,PTC,PTC,6.389999866485596,6.5,6.340000152587891,6.420000076293945,615000,6.389999866485596,0.03000020980834961,57.61592414971708,0.09057212231076761,0.05988016119932288,0.030691961111444732,6.821960595638614,6.182000041007996,6.205800008773804,6.66443244946688,6.182000041007996,5.699567632549111,907175.0,964315000.0,0.4694868612704569,0.0,0.7849323647275838,0.4079535699190553
2023-07-17,PTC,PTC,6.449999809265137,6.699999809265137,6.25,6.28000020980835,5549500,6.420000076293945,-0.1399998664855957,51.47025136899815,0.07940272279943628,0.06378467351934557,0.01561804928009071,4.492511990748248,6.198000049591064,6.209000015258789,6.670556348168732,6.198000049591064,5.725443751013396,1180200.0,958765500.0,-2.180683252677047,-1.7214344127638341,-1.8749981839210066,0.41650353179669064
2023-07-18,PTC,PTC,6.289999961853027,6.369999885559082,6.269999980926514,6.309999942779541,389000,6.28000020980835,0.029999732971191406,52.6361173970623,0.07214003552416415,0.06545574592030928,0.006684289603854865,4.991675581907926,6.215500044822693,6.21520001411438,6.676732920530599,6.215500044822693,5.754267169114787,1189800.0,959154500.0,0.4777027383587767,-1.7133976979312397,-3.5168198840221203,0.41640196788917844
2023-07-19,PTC,PTC,6.300000190734863,6.349999904632568,6.099999904632568,6.130000114440918,1083500,6.309999942779541,-0.17999982833862305,45.56326170631216,0.05126882658889986,0.0626183620540274,-0.011349535465127542,-5.837175131807747,6.226500058174134,6.217800016403198,6.667086927167184,6.226500058174134,5.785913189181083,1235950.0,958071000.0,-2.8526122023914557,-2.3885364706382592,-4.517133308516015,0.4297408598805323
2023-07-20,PTC,PTC,6.099999904632568,6.199999809265137,6.050000190734863,6.130000114440918,997000,6.130000114440918,0.0,45.56326170631216,0.034332479684190176,0.05696118558005996,-0.022628705895869787,-2.8526122023914557,6.235500073432922,6.2200000190734865,6.659340806768559,6.235500073432922,5.811659340097285,1277725.0,958071000.0,0.0,-2.8526122023914557,-4.068853794635112,0.42945153216199516
2023-07-21,PTC,PTC,6.239999771118164,6.239999771118164,6.039999961853027,6.059999942779541,3498000,6.130000114440918,-0.07000017166137695,42.959696067136335,0.015087949416240143,0.048586538347296,-0.03349858893105586,-2.884612739438744,6.250000071525574,6.221400022506714,6.623658952044598,6.250000071525574,5.87634119100655,1438275.0,954573000.0,-1.1419277382470532,-1.1419277382470532,-5.6074786485395265,0.4157767556892518
2023-07-24,PTC,PTC,6.059999942779541,6.199999809265137,6.03000020980835,6.090000152587891,1636000,6.059999942779541,0.03000020980834961,44.42537924473155,0.00223156267345459,0.039315543212527726,-0.037083980539073136,-5.4347810795459885,6.2540000677108765,6.22080002784729,6.618440404437109,6.2540000677108765,5.889559730984644,1511350.0,956209000.0,0.49505297180893054,-0.6525279136422253,-3.0254785170820453,0.3899392762749511
2023-07-25,PTC,PTC,6.150000095367432,6.159999847412109,6.010000228881836,6.090000152587891,1381000,6.090000152587891,0.0,44.42537924473155,-0.007866535916175366,0.02987912738678711,-0.03774566330296247,-4.395600282599007,6.258000063896179,6.207600030899048,6.6127927110725455,6.258000063896179,5.9032074167198125,1570800.0,956209000.0,0.0,0.49505297180893054,-3.4865260251451127,0.3899392762749511
2023-07-26,PTC,PTC,6.059999942779541,6.150000095367432,6.050000190734863,6.139999866485596,1682000,6.090000152587891,0.04999971389770508,47.05501557515085,-0.011699923321724093,0.02156331724508487,-0.03326324056680896,-4.062503515742667,6.2645000457763675,6.197600030899048,6.604622249809412,6.2645000457763675,5.924377841743323,1654900.0,957891000.0,0.8210133439234504,0.8210133439234504,0.16312808903739726,0.39076502530399704
2023-07-27,PTC,PTC,6.139999866485596,6.139999866485596,6.139999866485596,6.139999866485596,0,6.139999866485596,0.0,47.05501557515084,-0.0145699570631459,0.014336662383438717,-0.028906619446584618,-6.116209444963003,6.271000027656555,6.190200023651123,6.595241631051514,6.271000027656555,5.9467584242615965,1654900.0,957891000.0,0.0,0.8210133439234504,0.16312808903739726,0.39076502530399704
2023-07-28,PTC,PTC,6.139999866485596,6.139999866485596,6.139999866485596,6.139999866485596,0,6.139999866485596,0.0,47.05501557515083,-0.016652519600576454,0.008138825986635682,-0.024791345587212136,-4.361373932724071,6.277500009536743,6.183000020980835,6.584463091320084,6.277500009536743,5.970536927753401,1654900.0,957891000.0,0.0,0.0,1.320130766690422,0.39076502530399704
2023-07-31,PTC,PTC,6.179999828338623,6.699999809265137,6.110000133514404,6.510000228881836,19492000,6.139999866485596,0.37000036239624023,63.164313977059884,0.011421313811683653,0.008795323551645275,0.002625990260038378,1.8779399828413244,6.277500009536743,6.185400028228759,6.584463091320084,6.277500009536743,5.970536927753401,2520700.0,977383000.0,6.026064665177599,6.026064665177599,6.896552804115613,0.3309592387114519
2023-08-01,PTC,PTC,6.610000133514404,6.75,6.409999847412109,6.460000038146973,7150000,6.510000228881836,-0.05000019073486328,60.48600369826848,0.029297705813246644,0.012895800003965549,0.016401905809281095,0.6230523579077277,6.285000014305115,6.188400030136108,6.602457047567417,6.285000014305115,5.967542981042812,2865975.0,970233000.0,-0.768052058017383,5.211729293481861,6.075531630353965,0.31196414656782867
2023-08-02,PTC,PTC,6.570000171661377,6.599999904632568,6.309999942779541,6.360000133514404,2771000,6.460000038146973,-0.09999990463256836,55.42424435398267,0.03499234868351753,0.017315109739875947,0.01767723894364158,1.2738840928875717,6.291000032424927,6.19040002822876,6.609410588151946,6.291000032424927,5.972589476697908,2993300.0,967462000.0,-1.5479861306820204,-2.3041488493648763,3.5830663161680496,0.31466259099863914
2023-08-03,PTC,PTC,6.46999979019165,6.5,6.21999979019165,6.25,2109000,6.360000133514404,-0.1100001335144043,50.42535131727779,0.030280250837897427,0.019908137959480245,0.010372112878417182,-0.9508707341304853,6.281500029563904,6.189400024414063,6.592442597852118,6.281500029563904,5.970557461275689,2972950.0,965353000.0,-1.7295618114023608,-3.2507745651223,1.7915331580840248,0.2987097005844423
2023-08-04,PTC,PTC,6.239999771118164,6.329999923706055,6.170000076293945,6.210000038146973,437000,6.25,-0.039999961853027344,48.70507072446498,0.023052482055043733,0.020537006778592944,0.002515475276450789,1.3050558272844506,6.2735000371932985,6.189600028991699,6.583085536098153,6.2735000371932985,5.963914538288444,2944175.0,964916000.0,-0.6399993896484375,-2.358492016014231,1.1400679671585001,0.2972344098031055
2023-08-07,PTC,PTC,6.25,6.329999923706055,6.110000133514404,6.130000114440918,918500,6.210000038146973,-0.07999992370605469,45.37122469462551,0.010745233601268112,0.01857865214312798,-0.007833418541859868,0.0,6.2600000381469725,6.1876000308990475,6.5699066706076,6.2600000381469725,5.950093405686345,2835025.0,963997500.0,-1.2882435300262283,-1.9199981689453125,-5.837175131807747,0.29922087233372735
2023-08-08,PTC,PTC,6.130000114440918,6.199999809265137,6.0,6.010000228881836,1479500,6.130000114440918,-0.11999988555908203,40.85390452929518,-0.008592290771516353,0.013144463560199113,-0.021736754331715465,-0.8250777948814915,6.233500051498413,6.1834000396728515,6.533062903356845,6.233500051498413,5.933937199639981,2816750.0,962518000.0,-1.9575837409266759,-3.2206088250655704,-6.965941278759148,0.29145276597982894
2023-08-09,PTC,PTC,6.190000057220459,6.190000057220459,6.0,6.079999923706055,556500,6.010000228881836,0.06999969482421875,44.33550280610768,-0.01806083374687706,0.006903404098783879,-0.024964237845660937,-0.16420736668760888,6.2165000438690186,6.182000036239624,6.510028509380033,6.2165000438690186,5.922971578358004,2702625.0,963074500.0,1.1647203354140676,-0.8156637814259406,-4.402518929722526,0.2913969922327342
2023-08-10,PTC,PTC,6.150000095367432,6.150000095367432,5.949999809265137,5.989999771118164,898500,6.079999923706055,-0.09000015258789062,40.994264440452206,-0.032452885757411565,-0.0009678538724552099,-0.031485031884956355,-1.6420423475232968,6.196500039100647,6.179000034332275,6.494724695359533,6.196500039100647,5.89827538284176,2632150.0,962176000.0,-1.480265686138877,-0.33278630618942545,-4.160003662109375,0.2945723628073652
2023-08-11,PTC,PTC,5.909999847412109,6.150000095367432,5.909999847412109,6.090000152587891,340500,5.989999771118164,0.10000038146972656,45.87511903667264,-0.0353816381184231,-0.007850610721648789,-0.027531027396774307,-0.8143276056180738,6.180000042915344,6.179000034332275,6.46224674475538,6.180000042915344,5.897753341075307,2618425.0,962516500.0,1.6694555140368446,0.16447745077832687,-1.9323652950393424,0.30175762429903025
2023-08-14,PTC,PTC,6.090000152587891,6.090000152587891,6.090000152587891,6.090000152587891,0,6.090000152587891,0.0,45.87511903667264,-0.037273035117866726,-0.013735095600892377,-0.02353793951697435,-0.8143276056180738,6.170500040054321,6.176800041198731,6.45136155270354,6.170500040054321,5.889638527405102,2340950.0,962516500.0,0.0,1.6694555140368446,-0.6525279136422253,0.29302201984151005
2023-08-15,PTC,PTC,6.079999923706055,6.489999771118164,6.050000190734863,6.25,2229000,6.090000152587891,0.15999984741210938,53.077413357246385,-0.025566614339622262,-0.016101399348638357,-0.009465214990983906,1.7915331580840248,6.167500042915345,6.177600040435791,6.443324231858983,6.167500042915345,5.891675853971706,2432950.0,964745500.0,2.6272552282961583,2.6272552282961583,3.9933404655263414,0.30853254529850227
2023-08-16,PTC,PTC,6.239999771118164,6.28000020980835,6.050000190734863,6.059999942779541,1249500,6.25,-0.19000005722045898,45.358571764432064,-0.031260259441607374,-0.01913317136723216,-0.012127088074375215,-6.912446548094629,6.164000034332275,6.172000036239624,6.443578738408875,6.164000034332275,5.884421330255676,2441250.0,963496000.0,-3.0400009155273438,-0.49261427022462867,-0.3289470588401375,0.3108690309142874
2023-08-17,PTC,PTC,6.050000190734863,6.159999847412109,6.0,6.010000228881836,1094000,6.059999942779541,-0.04999971389770508,43.56317525491957,-0.03935343139151026,-0.02317722337208778,-0.016176208019422482,-6.965941278759148,6.158000040054321,6.16680004119873,6.445684129518665,6.158000040054321,5.870315950589977,2446100.0,962402000.0,-0.8250777948814915,-3.839996337890625,0.3338974712504597,0.31210710724337604
2023-08-18,PTC,PTC,6.03000020980835,6.150000095367432,6.0,6.039999961853027,1527000,6.010000228881836,0.029999732971191406,44.97061628516008,-0.04285262238143517,-0.02711230317395726,-0.01574031920747791,-5.031449134334396,6.157000041007995,6.163000040054321,6.4462532144881814,6.157000041007995,5.867746867527809,2347550.0,963929000.0,0.4991635911596774,-0.3300326916726055,-0.8210211737616484,0.3101366692810983
2023-08-21,PTC,PTC,6.03000020980835,6.119999885559082,5.949999809265137,5.960000038146973,590500,6.039999961853027,-0.07999992370605469,41.96514081323546,-0.05148756510642993,-0.0319873555604518,-0.019500209545978135,-4.6399993896484375,6.150500035285949,6.157600040435791,6.451688962474921,6.150500035285949,5.849311108096978,2295275.0,963338500.0,-1.3245020564786776,-0.8319498973491029,-2.1346487879097276,0.3130066668702894
2023-08-22,PTC,PTC,6.0,6.130000114440918,6.0,6.090000152587891,997500,5.960000038146973,0.13000011444091797,48.0419554845402,-0.04729570124489779,-0.035049024697340996,-0.012246676547556797,-1.9323652950393424,6.150500035285949,6.157400045394898,6.451688962474921,6.150500035285949,5.849311108096978,2276100.0,964336000.0,2.181209959880074,0.8278177326266669,-2.55999755859375,0.32324407215984374
2023-08-23,PTC,PTC,6.03000020980835,6.150000095367432,5.949999809265137,5.96999979019165,421000,6.090000152587891,-0.12000036239624023,43.512702111313025,-0.053045173553141645,-0.03864825446850113,-0.014396919084640518,-2.610119433315219,6.142000031471253,6.155400037765503,6.453843528142994,6.142000031471253,5.830156534799511,2213050.0,963915000.0,-1.9704492510603169,0.1677810735012472,-1.485151046826747,0.3291946440917871
2023-08-24,PTC,PTC,5.96999979019165,6.039999961853027,5.949999809265137,5.96999979019165,68000,5.96999979019165,0.0,43.512702111313025,-0.056945242472100865,-0.042307652069221074,-0.014637590402879791,-0.6655646783166205,6.133500027656555,6.153600034713745,6.454700185459967,6.133500027656555,5.812299869853143,2216450.0,963915000.0,0.0,-1.9704492510603169,-0.6655646783166205,0.3291946440917871
2023-08-25,PTC,PTC,6.050000190734863,6.099999904632568,5.849999904632568,5.900000095367432,410500,5.96999979019165,-0.06999969482421875,40.90382954658198,-0.06493592463136988,-0.046833306581650844,-0.018102618049719035,-2.9605235295612378,6.121500039100647,6.151600036621094,6.459187311896315,6.121500039100647,5.78381276630498,2236975.0,963504500.0,-1.1725242426176299,-1.1725242426176299,-2.3178785988376855,0.33125148455319325
2023-08-28,PTC,PTC,5.929999828338623,5.980000019073486,5.849999904632568,5.860000133514404,199000,5.900000095367432,-0.039999961853027344,39.448325235388914,-0.0736473002073188,-0.05219610530678444,-0.021451194900534362,-2.170277839250944,6.089000034332275,6.149600038528442,6.3926549958824035,6.089000034332275,5.785345072782147,1272325.0,963305500.0,-0.6779654441774425,-1.8425403776055216,-1.677850738129515,0.23667185977133914
2023-08-29,PTC,PTC,5.889999866485596,5.960000038146973,5.769999980926514,5.789999961853027,295500,5.860000133514404,-0.07000017166137695,36.96911802041362,-0.08521722581722013,-0.05880032940887158,-0.02641689640834855,-4.926111382893495,6.055500030517578,6.146200037002563,6.333574284081525,6.055500030517578,5.777425776953631,929600.0,963010000.0,-1.1945421513053092,-1.864409012480768,-4.926111382893495,0.23776069229373056
2023-08-30,PTC,PTC,5.949999809265137,5.949999809265137,5.630000114440918,5.690000057220459,4102500,5.789999961853027,-0.09999990463256836,33.70980780667587,-0.10128804624219345,-0.06729787277553596,-0.03399017346665749,-6.568145900578594,6.022000026702881,6.141800041198731,6.306963567305375,6.022000026702881,5.737036486100387,996175.0,958907500.0,-1.727114081026081,-2.9010251266324043,-4.690112944915242,0.23885506751725433
2023-08-31,PTC,PTC,5.789999961853027,5.869999885559082,5.579999923706055,5.710000038146973,2944000,5.690000057220459,0.019999980926513672,34.94513239078698,-0.11112942506258339,-0.07606418323294545,-0.03506524182963794,-8.639999389648438,5.99500002861023,6.137000045776367,6.291115244305851,5.99500002861023,5.698884812914609,1037925.0,961851500.0,0.3514935101122578,-1.3816912648208648,-4.355104877421296,0.23657045131150095
2023-09-01,PTC,PTC,5.690000057220459,5.880000114440918,5.650000095367432,5.860000133514404,218000,5.710000038146973,0.15000009536743164,43.455849022169346,-0.10560765527645444,-0.08197287764164725,-0.02363477763480719,-3.3003269167260547,5.977500033378601,6.138800048828125,6.261225260167757,5.977500033378601,5.693774806589445,1026975.0,962069500.0,2.6269718803033517,2.9876990260873497,-0.6779654441774425,0.2601588566319908
2023-09-04,PTC,PTC,5.849999904632568,5.860000133514404,5.78000020980835,5.789999961853027,55000,5.860000133514404,-0.07000017166137695,40.77499884260158,-0.10566203560188825,-0.08671070923369545,-0.0189513263681928,-3.660570027461376,5.960500025749207,6.134400043487549,6.2464867819437595,5.960500025749207,5.674513269554654,983800.0,962014500.0,-1.1945421513053092,1.4010494425848816,-1.1945421513053092,0.2596965896485044
2023-09-05,PTC,PTC,5.789999961853027,5.809999942779541,5.639999866485596,5.699999809265137,378000,5.789999961853027,-0.09000015258789062,37.566146205757704,-0.11168001485985801,-0.09170457035892797,-0.019975444500930042,-5.629141634689367,5.945000004768372,6.128200035095215,6.252485596072622,5.945000004768372,5.637514413464121,928725.0,961636500.0,-1.5544067906882515,-2.7303808976760373,-1.5544067906882515,0.2566021543453452
2023-09-06,PTC,PTC,5.699999809265137,5.75,5.619999885559082,5.71999979019165,310500,5.699999809265137,0.019999980926513672,38.72024726338267,-0.11352680907797907,-0.0960690181027382,-0.017457790975240875,-4.026849772134245,5.9269999980926515,6.122400026321412,6.243234491608415,5.9269999980926515,5.6107655045768885,916425.0,961947000.0,0.35087687010102087,-1.208983974483035,0.5272360750352286,0.252231323628499
2023-09-07,PTC,PTC,5.75,5.769999980926514,5.650000095367432,5.690000057220459,410500,5.71999979019165,-0.029999732971191406,37.597567399094665,-0.11607311590665237,-0.10006983766352104,-0.01600327824313133,-6.568145900578594,5.912000012397766,6.1160000228881835,6.243732377535303,5.912000012397766,5.5802676472602295,892025.0,961536500.0,-0.524470875377187,-0.17543425226828097,-0.3502623606462204,0.24851741935046187
2023-09-08,PTC,PTC,5.75,5.75,5.650000095367432,5.670000076293945,747500,5.690000057220459,-0.019999980926513672,36.830865373982036,-0.11834075516648479,-0.10372402116411379,-0.014616734002370999,-5.025121012409188,5.8910000085830685,6.109200019836425,6.228414367570255,5.8910000085830685,5.553585649595882,912375.0,960789000.0,-0.3514935101122578,-0.8741209044000651,-3.2423217216978233,0.2380003986877392
2023-09-11,PTC,PTC,5.659999847412109,5.739999771118164,5.630000114440918,5.679999828338623,145500,5.670000076293945,0.009999752044677734,37.51694332781931,-0.11797108199992312,-0.10657343333127567,-0.011397648668647453,-4.857620972273396,5.870499992370606,6.092600011825562,6.206825380333861,5.870499992370606,5.534174604407351,919650.0,960934500.0,0.17636246755068516,-0.17575094518928716,-1.8998296068934675,0.23842242041649467
2023-09-12,PTC,PTC,5.639999866485596,5.699999809265137,5.559999942779541,5.619999885559082,712000,5.679999828338623,-0.059999942779541016,35.05665874029175,-0.12112337245298033,-0.1094834211556166,-0.011639951297363726,-4.745766191227699,5.83899998664856,6.078800010681152,6.142030359212836,5.83899998664856,5.535969614084284,843800.0,960222500.0,-1.056337052691263,-0.8818375672323565,-1.4035074804040835,0.21207498541445918
2023-09-13,PTC,PTC,5.610000133514404,5.679999828338623,5.579999923706055,5.619999885559082,56500,5.619999885559082,0.0,35.05665874029175,-0.12221279235263527,-0.11202929539502034,-0.010183496957614932,-4.095567277937714,5.816999983787537,6.066400012969971,6.116339693273781,5.816999983787537,5.517660274301293,784150.0,960222500.0,0.0,-1.056337052691263,-1.7482501451143904,0.19055171393020265
2023-09-14,PTC,PTC,5.699999809265137,5.699999809265137,5.630000114440918,5.650000095367432,37000,5.619999885559082,0.03000020980834961,37.43583371404013,-0.11928040895765069,-0.1134795181075464,-0.005800890850104282,-2.4179597134365136,5.798999977111817,6.05060001373291,6.092716670642044,5.798999977111817,5.505283283581589,731300.0,960259500.0,0.5338115732962362,0.5338115732962362,-0.7029870202245156,0.19233818669420194
2023-09-15,PTC,PTC,5.610000133514404,5.699999809265137,5.610000133514404,5.650000095367432,76500,5.650000095367432,0.0,37.43583371404013,-0.11562363668001208,-0.11390834182203954,-0.0017152948579725324,-0.7029870202245156,5.779499983787536,6.036200017929077,6.057195418467029,5.779499983787536,5.501804549108043,658775.0,960259500.0,0.0,0.5338115732962362,-0.35273334492768055,0.19038873608535645
2023-09-18,PTC,PTC,5.619999885559082,5.639999866485596,5.599999904632568,5.630000114440918,120500,5.650000095367432,-0.019999980926513672,36.40467949691924,-0.1130364359474525,-0.11373396064712214,0.0006975246996696466,-1.4010494425848816,5.7629999876022335,6.020800018310547,6.034688674551607,5.7629999876022335,5.49131130065286,635275.0,960139000.0,-0.3539819573261977,-0.3539819573261977,-0.8802766797323969,0.18672193663947395
2023-09-19,PTC,PTC,5.659999847412109,5.699999809265137,5.599999904632568,5.630000114440918,218500,5.630000114440918,0.0,36.40467949691924,-0.10972126231428003,-0.11293142098055373,0.0032101586662736936,-3.9249149118286613,5.739999985694885,6.002600021362305,5.969782438431942,5.739999985694885,5.510217532957828,596325.0,960139000.0,0.0,-0.3539819573261977,0.1779400193144507,0.16319232837711092
2023-09-20,PTC,PTC,5.630000114440918,5.639999866485596,5.570000171661377,5.590000152587891,288500,5.630000114440918,-0.039999961853027344,34.218449721311,-0.10906439944677349,-0.11215801667379768,0.003093617227024198,-3.454228162052162,5.721000003814697,5.986000022888184,5.932848975672854,5.721000003814697,5.50915103195654,589700.0,959850500.0,-0.7104788817042413,-0.7104788817042413,-0.5338030886491203,0.15277261785327648
2023-09-21,PTC,PTC,5.559999942779541,5.650000095367432,5.53000020980835,5.650000095367432,139500,5.590000152587891,0.059999942779541016,40.035572461193226,-0.1025205439362935,-0.11023052212629686,0.007709978190003353,-0.8771879924703228,5.705000019073486,5.97120002746582,5.883355100046262,5.705000019073486,5.52664493810071,593275.0,959990000.0,1.073344206471337,0.35523944085212067,0.0,0.16035376665687862
2023-09-22,PTC,PTC,5.650000095367432,5.690000057220459,5.619999885559082,5.639999866485596,376000,5.650000095367432,-0.010000228881835938,39.41003300400142,-0.09702300538234443,-0.10758901877750637,0.010566013395161944,-1.3986001160915125,5.692000007629394,5.955600023269653,5.846864991234096,5.692000007629394,5.537135024024693,591550.0,959614000.0,-0.17699519846088782,0.8944492403020368,-0.17699519846088782,0.15677814916669547
2023-09-25,PTC,PTC,5.699999809265137,5.760000228881836,5.650000095367432,5.739999771118164,228000,5.639999866485596,0.09999990463256836,48.13660950011383,-0.0836329414120387,-0.10279780330441284,0.019164861892374138,0.8787295851474863,5.6859999895095825,5.94480001449585,5.821553401469623,5.6859999895095825,5.550446577549542,593000.0,959842000.0,1.773047996451114,1.5929145881701006,1.9538126898984887,0.1708050046479773
2023-09-26,PTC,PTC,5.789999961853027,5.949999809265137,5.75,5.880000114440918,912000,5.739999771118164,0.1400003433227539,57.38944030927012,-0.06102095004303809,-0.09444243265213789,0.0334214826090998,3.7037043266538006,5.690499997138977,5.936200017929077,5.845211959354119,5.690499997138977,5.535788034923835,623825.0,960754000.0,2.4390304687326068,4.255323646042417,4.440497245439683,0.1877235780570136
2023-09-27,PTC,PTC,5.849999904632568,5.889999866485596,5.809999942779541,5.880000114440918,112500,5.880000114440918,0.0,57.38944030927011,-0.04260960694717664,-0.08407586751114565,0.041466260563969015,3.5211319039915216,5.7,5.931200017929077,5.876396713109084,5.7,5.523603286890916,424325.0,960754000.0,0.0,2.4390304687326068,5.187834596368872,0.1752207457922147
2023-09-28,PTC,PTC,5.880000114440918,5.880000114440918,5.880000114440918,5.880000114440918,0,5.880000114440918,0.0,57.38944030927011,-0.027699185923955483,-0.07280053119370762,0.04510134526975214,4.626338686410327,5.708500003814697,5.9262000179290775,5.9024371021458855,5.708500003814697,5.514562905483508,277125.0,960754000.0,0.0,0.0,4.0707967290490625,0.17518236925519137
2023-09-29,PTC,PTC,5.880000114440918,5.880000114440918,5.880000114440918,5.880000114440918,0,5.880000114440918,0.0,57.38944030927011,-0.01570157189238408,-0.061380739333442916,0.045679167441058835,4.626338686410327,5.709500002861023,5.922600021362305,5.9069015917749335,5.709500002861023,5.512098413947112,266225.0,960754000.0,0.0,0.0,4.255323646042417,0.14879944497120007
2023-10-02,PTC,PTC,5.900000095367432,6.0,5.829999923706055,5.849999904632568,2511500,5.880000114440918,-0.03000020980834961,54.58269739407179,-0.008515975676948173,-0.05080778660214397,0.042291810925195794,3.539819573261977,5.7125,5.9178000164031985,5.916757355234786,5.7125,5.508242644765215,389050.0,958242500.0,-0.5102076398718249,-0.5102076398718249,1.9163787090705062,0.1432635680063615
2023-10-03,PTC,PTC,5.849999904632568,5.849999904632568,5.739999771118164,5.75,590000,5.849999904632568,-0.09999990463256836,46.43114991425481,-0.010766387266006205,-0.04279950673491642,0.032033119468910215,1.7699097866309885,5.715000009536743,5.91100001335144,5.919836305314917,5.715000009536743,5.510163713758569,399650.0,957652500.0,-1.7094001070560572,-2.2108862569857046,-2.2108862569857046,0.14565911275264773
2023-10-04,PTC,PTC,5.730000019073486,5.78000020980835,5.710000038146973,5.71999979019165,688500,5.75,-0.03000020980834961,44.29397947704014,-0.014800015506920339,-0.03719960848931721,0.022399592982396868,1.598573249046368,5.715000009536743,5.9026000118255615,5.919836305314917,5.715000009536743,5.510163713758569,418550.0,956964000.0,-0.5217427792756454,-2.222224214704207,-2.72109389685753,0.14654059077096018
2023-10-05,PTC,PTC,5.710000038146973,5.929999828338623,5.710000038146973,5.809999942779541,1294500,5.71999979019165,0.09000015258789062,51.50548551289136,-0.010612105056101662,-0.0318821078026741,0.02127000274657244,3.1971549676690865,5.721000003814697,5.896000013351441,5.929745658366226,5.721000003814697,5.512254349263168,462750.0,958258500.0,1.5734292987600818,1.0434772657311482,-1.190479086717377,0.1551727577135926
2023-10-06,PTC,PTC,5.849999904632568,5.929999828338623,5.820000171661377,5.909999847412109,495500,5.809999942779541,0.09999990463256836,58.009946172532,0.0007671574051837382,-0.025352254761102533,0.02611941216628627,5.724502434513797,5.732999992370606,5.891400012969971,5.956474944770471,5.732999992370606,5.5095250399707405,450150.0,958754000.0,1.7211687713843207,3.3216794438744723,0.5101995303965031,0.16419531184509273
2023-10-09,PTC,PTC,5.800000190734863,5.96999979019165,5.800000190734863,5.809999942779541,209500,5.909999847412109,-0.09999990463256836,50.68826541527372,0.0016965910733350853,-0.01994248559421501,0.021639076667550095,2.8318556586095815,5.7394999980926515,5.877400007247925,5.964043971819477,5.7394999980926515,5.514956024365826,453350.0,958544500.0,-1.6920458073506828,0.0,-0.6837600428224228,0.1775895888361881
2023-10-10,PTC,PTC,5.789999961853027,6.130000114440918,5.789999961853027,6.090000152587891,1936500,5.809999942779541,0.2800002098083496,64.28200288615608,0.02474164454650296,-0.011005659566071416,0.035747304112574374,7.978728665869628,5.763000011444092,5.870000009536743,6.029367407309749,5.763000011444092,5.496632615578434,514575.0,960481000.0,4.819280767056182,3.0456905215420673,5.913046131963315,0.2381516554896869
2023-10-11,PTC,PTC,6.079999923706055,6.260000228881836,6.010000228881836,6.25,3045500,6.090000152587891,0.15999984741210938,69.46246469144297,0.05527845039970636,0.002251162427084138,0.05302728797262222,8.885021763380434,5.794500017166138,5.867800006866455,6.129759538369054,5.794500017166138,5.459240495963222,664025.0,963526500.0,2.6272552282961583,7.573150801271095,9.26573827357766,0.25007133867614756
2023-10-12,PTC,PTC,6.199999809265137,6.25,6.119999885559082,6.199999809265137,874000,6.25,-0.05000019073486328,66.22972237109435,0.07458472523576276,0.016717874988819863,0.057866850246942894,5.442171574764416,5.822000002861023,5.8668000030517575,6.195410984537796,5.822000002861023,5.448589021184249,705875.0,962652500.0,-0.8000030517578125,1.80623405453451,6.712562311988893,0.2545865580225812
2023-10-13,PTC,PTC,6.25,7.199999809265137,6.25,7.119999885559082,48393000,6.199999809265137,0.9200000762939453,82.43137969397134,0.16225107513662618,0.045824515018381126,0.11642656011824505,21.088431071162756,5.895499992370605,5.885,6.577524011707329,5.895499992370605,5.213475973033882,3121700.0,1011045500.0,14.838711364460341,13.919998168945312,20.47377443972036,0.5687282778636842
2023-10-16,PTC,PTC,7.440000057220459,7.449999809265137,6.75,6.949999809265137,22603000,7.119999885559082,-0.1700000762939453,75.2474430361701,0.21552526256101423,0.07976466452690775,0.13576059803410648,18.197273367331498,5.961499977111816,5.901399993896485,6.7776339112899535,5.961499977111816,5.145366042933679,4245825.0,988442500.0,-2.387641559359329,12.096774565689781,19.621340408141425,0.5806472800924808
2023-10-17,PTC,PTC,6.949999809265137,6.960000038146973,6.699999809265137,6.769999980926514,6188000,6.949999809265137,-0.17999982833862305,68.44564967898623,0.24044920927891056,0.11190157347730831,0.12854763580160225,15.136051856526514,6.018499970436096,5.916599988937378,6.89421374912653,6.018499970436096,5.142786191745662,4544300.0,982254500.0,-2.589925658683658,-4.915729076659745,11.16584255009687,0.5943758591332337
2023-10-18,PTC,PTC,6.699999809265137,6.900000095367432,6.619999885559082,6.78000020980835,3043500,6.769999980926514,0.010000228881835938,68.61538453302353,0.2580340950880178,0.1411280777994502,0.11690601728856759,15.897441373277996,6.0779999732971195,5.930599994659424,6.991998702911937,6.0779999732971195,5.164001243682302,4682050.0,985298000.0,0.14771386868552616,-2.446037469384652,8.480003356933594,0.5918980768672004
2023-10-19,PTC,PTC,6.800000190734863,6.849999904632568,6.590000152587891,6.650000095367432,1231000,6.78000020980835,-0.13000011444091797,63.810093999963904,0.25850048828689864,0.1646025598969399,0.09389792838995875,15.652175571607508,6.127999973297119,5.943800001144409,7.0527611331755695,6.127999973297119,5.203238813418669,4736625.0,984067000.0,-1.9174057583781798,-1.772524163916753,7.258069353967154,0.6010653629529852
2023-10-20,PTC,PTC,6.670000076293945,6.71999979019165,6.559999942779541,6.579999923706055,1904500,6.650000095367432,-0.07000017166137695,61.31986441255692,0.2503359622755763,0.18174924037266718,0.06858672190290913,15.03496792061228,6.1749999761581424,5.953599996566773,7.09083724726287,6.1749999761581424,5.259162705053415,4813050.0,982162500.0,-1.0526341452256662,-2.9498566358886342,-7.584269249052454,0.603907923828856
2023-10-23,PTC,PTC,6.71999979019165,6.800000190734863,6.610000133514404,6.71999979019165,1814000,6.579999923706055,0.1399998664855957,64.319026255988,0.2522545029005929,0.19585029287825234,0.056404210022340584,15.662648130367446,6.223999977111816,5.966199989318848,7.146682527981738,6.223999977111816,5.301317426241895,4892350.0,983976500.0,2.127657570043611,1.052626974742187,-3.3093528832456984,0.6047667639678471
2023-10-24,PTC,PTC,6.71999979019165,6.869999885559082,6.670000076293945,6.710000038146973,2423500,6.71999979019165,-0.009999752044677734,63.937683845534316,0.25008523681234873,0.20669728166507165,0.043387955147277085,13.53638259542714,6.2654999732971195,5.975399990081787,7.197650270204916,6.2654999732971195,5.333349676389323,4967925.0,981553000.0,-0.14880583864411917,1.9756856527089133,-0.8862620819583765,0.6027534946512769
2023-10-25,PTC,PTC,6.800000190734863,6.800000190734863,6.670000076293945,6.739999771118164,4820500,6.710000038146973,0.029999732971191406,64.61548412825191,0.24792883624732465,0.21494359258152226,0.03298524366580238,16.006881884644308,6.308499956130982,5.98899998664856,7.245106909879732,6.308499956130982,5.371893002382231,5203325.0,986373500.0,0.4470899076101363,0.2976187730795046,-0.5899769535746996,0.6022477106731468
2023-10-26,PTC,PTC,6.739999771118164,6.800000190734863,6.679999828338623,6.699999809265137,1392500,6.739999771118164,-0.039999961853027344,62.917451147656244,0.2402230686340605,0.2199994877920299,0.020223580842030603,10.016414472798202,6.349499940872192,6.002799978256226,7.278890780225414,6.349499940872192,5.420109101518971,5272950.0,984981000.0,-0.593471264263728,-0.1490347067806812,0.7518753861753509,0.603593089494245
2023-10-27,PTC,PTC,6.659999847412109,6.75,6.53000020980835,6.630000114440918,2113500,6.699999809265137,-0.06999969482421875,59.94846065225265,0.22586418024869914,0.22117242628336375,0.004691753965335388,6.0800018310546875,6.386999940872192,6.014599981307984,7.296947318026565,6.386999940872192,5.477052563717819,5378625.0,982867500.0,-1.0447715942830214,-1.6320424393574895,0.759881326969707,0.6063765041480288
2023-10-30,PTC,PTC,6.610000133514404,6.800000190734863,6.579999923706055,6.699999809265137,1071500,6.630000114440918,0.06999969482421875,61.88539030086419,0.21762440938861083,0.22046282290441319,-0.002838413515802357,8.064516377126521,6.429499936103821,6.029399976730347,7.312854186489303,6.429499936103821,5.546145685718339,5306625.0,983939000.0,1.0558023169826378,0.0,-0.2976187730795046,0.6048913044393622
2023-10-31,PTC,PTC,6.619999885559082,6.800000190734863,6.53000020980835,6.760000228881836,589000,6.699999809265137,0.06000041961669922,63.514167635638906,0.21347505646892095,0.21906526961731476,-0.005590213148393808,-5.056175034600831,6.479999947547912,6.042799978256226,7.313887511936118,6.479999947547912,5.646112383159707,5306575.0,984528000.0,0.8955286764893227,1.9607860059875786,0.7451593211714986,0.5978993430282269
2023-11-01,PTC,PTC,6.75,6.820000171661377,6.670000076293945,6.710000038146973,534000,6.760000228881836,-0.05000019073486328,61.16832494787121,0.20380275555904515,0.21601276680566087,-0.01221001124661572,-3.45323421157821,6.529499959945679,6.057599983215332,7.28751607012618,6.529499959945679,5.771483849765178,5298850.0,983994000.0,-0.7396477668926611,0.1492571517391248,-0.4450999108300335,0.5986242143635812
2023-11-02,PTC,PTC,6.71999979019165,7.099999904632568,6.710000038146973,6.800000190734863,5154000,6.710000038146973,0.09000015258789062,63.76274244614313,0.20108170285251692,0.2130265540150321,-0.011944851162515174,0.4431345626716517,6.5789999723434445,6.074199991226196,7.265068878848958,6.5789999723434445,5.892931065837931,5491825.0,989148000.0,1.341283935562316,0.5917153919925783,1.4925430495003955,0.5983161486851164
2023-11-03,PTC,PTC,6.769999980926514,6.929999828338623,6.760000228881836,6.820000171661377,768000,6.800000190734863,0.019999980926513672,64.33302622874275,0.1982537346480644,0.21007199014163855,-0.011818255493574154,0.5899699205784836,6.624499988555908,6.092599992752075,7.24092345640665,6.624499988555908,6.008076520705167,5505450.0,989916000.0,0.2941173583166078,1.6393462427577248,2.8657625028786433,0.5977130173537987
2023-11-06,PTC,PTC,6.980000019073486,7.079999923706055,6.829999923706055,6.949999809265137,980000,6.820000171661377,0.12999963760375977,67.87228840538442,0.20414912968535415,0.20888741805038166,-0.004738288365027515,4.511273828502542,6.681499981880188,6.11439998626709,7.1804367059748655,6.681499981880188,6.182563257785511,5543975.0,990896000.0,1.9061529960649748,2.205876681219082,3.731343389805563,0.5915790604350876
2023-11-07,PTC,PTC,7.0,7.03000020980835,6.730000019073486,6.760000228881836,1202000,6.949999809265137,-0.18999958038330078,58.7036150169567,0.19128488143971545,0.20536691072824842,-0.014082029288532971,2.7355669796786204,6.714999985694885,6.133799991607666,7.1295511177588935,6.714999985694885,6.300448853630877,5507250.0,989694000.0,-2.73380698701617,-0.8797645347408373,0.0,0.5869848214260452
2023-11-08,PTC,PTC,6.889999866485596,7.260000228881836,6.730000019073486,7.050000190734863,5899500,6.760000228881836,0.28999996185302734,66.20719101958093,0.2021600698687056,0.20472554255633987,-0.002565472687634268,4.910720399498725,6.754999995231628,6.1609999942779545,7.13344561967196,6.754999995231628,6.376554370791297,5649950.0,995593500.0,4.289940118848131,1.438854449124081,5.067066328687901,0.5975347139884035
2023-11-09,PTC,PTC,7.050000190734863,7.050000190734863,7.050000190734863,7.050000190734863,0,7.050000190734863,0.0,66.20719101958093,0.20837669818351223,0.20545577368177437,0.002920924501737865,5.067066328687901,6.797500014305115,6.187799997329712,7.09597863281989,6.797500014305115,6.499021395790339,5606250.0,995593500.0,0.0,4.289940118848131,3.6764704851130743,0.5956017381436841
2023-11-10,PTC,PTC,7.099999904632568,7.199999809265137,7.0,7.010000228881836,3103000,7.050000190734863,-0.039999961853027344,64.3371586249148,0.20768173254805067,0.20590096545502964,0.001780767093021024,4.005941645883452,6.792000031471252,6.210799999237061,7.068717723499824,6.792000031471252,6.51528233944268,3341750.0,992490500.0,-0.5673753300829047,-0.5673753300829047,2.7859245225528237,0.2761790584019342
2023-11-13,PTC,PTC,7.0,7.150000095367432,7.0,7.050000190734863,834000,7.010000228881836,0.039999961853027344,65.38992308498172,0.2079613805592775,0.20631304847587922,0.0016483320833982629,5.223886439305959,6.797000050544739,6.236000003814698,7.088933851158984,6.797000050544739,6.505066249930493,2253300.0,993324500.0,0.5706128466048243,0.0,1.438854449124081,0.26279962149763375
2023-11-14,PTC,PTC,7.119999885559082,7.119999885559082,6.900000095367432,6.929999828338623,1710500,7.050000190734863,-0.12000036239624023,59.696519764893246,0.19623786925943598,0.2042980126325906,-0.00806014337315461,4.524882484455325,6.805000042915344,6.260600004196167,7.102533879397271,6.805000042915344,6.507466206433417,2029425.0,991614000.0,-1.7021327538961653,-1.1412324954513409,2.5147868890665195,0.25250491705086314
2023-11-15,PTC,PTC,7.0,7.199999809265137,6.900000095367432,7.139999866485596,2643000,6.929999828338623,0.21000003814697266,65.37769967270457,0.2015685928594957,0.20375212867797163,-0.00218353581847594,6.567165220094516,6.823000025749207,6.289000005722046,7.155651329129121,6.823000025749207,6.490348722369292,2009400.0,994257000.0,3.0303036558273253,1.27659111086281,1.27659111086281,0.27271443526993905
2023-11-16,PTC,PTC,7.099999904632568,7.199999809265137,7.079999923706055,7.119999885559082,2093500,7.139999866485596,-0.019999980926513672,64.44597693142424,0.20185256765333026,0.20337221647304338,-0.0015196488197131153,5.325438527933205,6.846500015258789,6.317600002288819,7.1937766913870105,6.846500015258789,6.499223339130567,2052525.0,992163500.0,-0.2801117829202136,2.7417036353088773,0.9929034458213578,0.2612240233005325
2023-11-17,PTC,PTC,7.179999828338623,7.599999904632568,7.090000152587891,7.320000171661377,12445000,7.119999885559082,0.20000028610229492,69.17664698816004,0.21572917964351745,0.2058436091071382,0.009885570536379257,9.090911029008897,6.883500027656555,6.350600004196167,7.267017064246401,6.883500027656555,6.499982991066709,2579550.0,1004608500.0,2.8089928274850013,2.5210127246736187,4.422252962308234,0.2694632410761274
2023-11-20,PTC,PTC,7.360000133514404,7.5,7.210000038146973,7.300000190734863,6718500,7.320000171661377,-0.019999980926513672,68.19941381991298,0.22254727683093822,0.2091843426518982,0.013362934179040026,7.352940970226149,6.912500047683716,6.383000011444092,7.330156489825311,6.912500047683716,6.494843605542122,2824775.0,997890000.0,-0.273223776741721,2.528094214451622,3.54609919484188,0.2642200534536998
2023-11-21,PTC,PTC,7.289999961853027,7.599999904632568,7.059999942779541,7.210000038146973,7878500,7.300000190734863,-0.09000015258789062,63.82963552356572,0.21817344021201013,0.2109821621639206,0.007191278048089528,5.718472971688948,6.937500047683716,6.4148000144958495,7.363886401484199,6.937500047683716,6.511113693883233,3097525.0,990011500.0,-1.2328787703611095,-1.5027340291638027,4.040407168025515,0.2700947786042146
2023-11-22,PTC,PTC,7.199999809265137,7.440000057220459,7.110000133514404,7.300000190734863,1908500,7.210000038146973,0.09000015258789062,66.16437108392185,0.21943983748097828,0.21267369722733215,0.006766140253646136,5.035976850001297,6.965500068664551,6.448400020599365,7.410423540222388,6.965500068664551,6.520576597106714,2951925.0,991920000.0,1.248268406542497,0.0,2.240900941753405,0.2718751682233545
2023-11-23,PTC,PTC,7.349999904632568,7.699999809265137,7.349999904632568,7.380000114440918,7236000,7.300000190734863,0.07999992370605469,68.1333976878342,0.2243130504804416,0.21500156787795405,0.009311482602487542,9.17159562968884,6.99950008392334,6.483000020980835,7.462555186540754,6.99950008392334,6.536444981305926,3244100.0,999156000.0,1.0958893372028993,2.357837384112368,3.65168866658514,0.27018285740073467
2023-11-24,PTC,PTC,7.440000057220459,7.510000228881836,7.25,7.269999980926514,2023000,7.380000114440918,-0.1100001335144043,62.728006383974204,0.21679988134804162,0.21536123057197157,0.001438650776070055,3.120564315455976,7.031500077247619,6.5154000186920165,7.475087156139986,7.031500077247619,6.587912998355253,3239575.0,997133000.0,-1.4905166911740286,-0.4109617674589348,-0.6830626989386399,0.2739953786538356
2023-11-27,PTC,PTC,7.25,7.449999809265137,7.190000057220459,7.260000228881836,2965000,7.269999980926514,-0.009999752044677734,62.24455902888142,0.20764514033934223,0.21381801252544572,-0.00617287218610349,2.978723864758975,7.059500098228455,6.548000020980835,7.485323134560414,7.059500098228455,6.6336770618964955,3334250.0,994168000.0,-0.13754817153938054,-1.6260146842582102,-0.5479446686014496,0.2739196896178501
2023-11-28,PTC,PTC,7.340000152587891,7.449999809265137,7.25,7.260000228881836,1675500,7.260000228881836,0.0,62.244559028881426,0.19810629606940022,0.21067566923423664,-0.012569373164836417,3.5663336924009985,7.084500098228455,6.580600023269653,7.494710598091631,7.084500098228455,6.674289598365279,3388575.0,994168000.0,0.0,-0.13754817153938054,0.6934839177575612,0.27368561090120574
2023-11-29,PTC,PTC,7.25,7.449999809265137,6.800000190734863,6.940000057220459,6720000,7.260000228881836,-0.32000017166137695,48.40038954764539,0.16284814175307538,0.20111016373800442,-0.038262021984929034,-1.5602855395517135,7.096000099182129,6.6076000213623045,7.473604758456481,7.096000099182129,6.718395439907778,3697875.0,987448000.0,-4.407715724144853,-4.407715724144853,-4.9315085494287425,0.3204176192869603
2023-11-30,PTC,PTC,6.989999771118164,7.059999942779541,6.840000152587891,7.0,3493500,6.940000057220459,0.059999942779541016,50.618167311406594,0.13815473261867606,0.18851907751413877,-0.05036434489546271,1.0101035121981898,7.106000089645386,6.634600019454956,7.460484192446523,7.106000089645386,6.751515986844249,3614850.0,990941500.0,0.8645524824904915,-3.581270257368579,-5.149052961359004,0.3185834204621691
2023-12-01,PTC,PTC,7.0,7.340000152587891,6.96999979019165,7.170000076293945,8092000,7.0,0.1700000762939453,56.34353207649022,0.13079489129045907,0.17697424026940284,-0.04617934897894377,0.4201710135761686,7.123500084877014,6.665200023651123,7.452151299597188,7.123500084877014,6.79484887015684,3981050.0,999033500.0,2.428572518484933,3.314121284973068,-1.3755145102465878,0.328590240717388
2023-12-04,PTC,PTC,7.25,7.989999771118164,7.25,7.889999866485596,21755000,7.170000076293945,0.7199997901916504,71.44424704791932,0.18097397446693808,0.17777418710890988,0.0031997873580282,10.814606647511921,7.170500087738037,6.7082000255584715,7.635324845580533,7.170500087738037,6.7056753298955405,5019800.0,1020788500.0,10.041837971134393,12.714283806937082,8.677680685153236,0.4760887869956162
2023-12-05,PTC,PTC,8.0,8.470000267028809,7.949999809265137,8.069999694824219,36098500,7.889999866485596,0.17999982833862305,73.87699160197418,0.23258465016250973,0.18873627971962986,0.04384837044287987,10.245894884898874,7.236000061035156,6.752000017166138,7.812939215471759,7.236000061035156,6.659060906598554,6764625.0,1056887000.0,2.2813666842151608,12.552295801305883,11.157017085482055,0.4614840928737883
2023-12-06,PTC,PTC,8.1899995803833,8.260000228881836,8.050000190734863,8.130000114440918,6827500,8.069999694824219,0.06000041961669922,74.65218540961534,0.2751561856750451,0.2060202609107129,0.06913592476433217,11.369861671503624,7.290000057220459,6.7970000171661376,7.98394369130446,7.290000057220459,6.596056423136457,6811025.0,1063714500.0,0.743499651619332,3.0418282891837922,17.146974746525668,0.44406297992835053
2023-12-07,PTC,PTC,8.25,9.130000114440918,8.25,8.720000267028809,43233500,8.130000114440918,0.5900001525878906,80.71303511061056,0.35243980902464056,0.23530417053349845,0.11713563849114211,20.943137599066063,7.373500061035156,6.8538000202178955,8.306548832367733,7.373500061035156,6.44045128970258,8972700.0,1106948000.0,7.25707434542224,8.054530319517543,24.57143238612584,0.4990898506709671
2023-12-08,PTC,PTC,8.789999961853027,9.720000267028809,8.539999961853027,9.649999618530272,58736500,8.720000267028809,0.9299993515014631,86.28131157995378,0.4831612307542166,0.2848755825776421,0.19828564817657446,32.19177214239008,7.505500030517578,6.929200010299683,8.869479758290808,7.505500030517578,6.141520302744349,11754375.0,1165684500.0,10.665129851175388,18.696180598933246,34.58855670637869,0.598303332823916
2023-12-11,PTC,PTC,9.699999809265137,10.31999969482422,9.449999809265137,10.149999618530272,63835000,9.649999618530272,0.5,88.24608117733968,0.6199582280551175,0.35189211167313716,0.2680661163819803,37.533868037063016,7.660500001907349,7.015200004577637,9.44596715049624,7.660500001907349,5.875032853318457,14904425.0,1229519500.0,5.181347355080536,16.399074629715706,28.643850320511305,0.6092933944448359
2023-12-12,PTC,PTC,10.25,11.130000114440918,10.100000381469728,11.010000228881836,79248000,10.149999618530272,0.8600006103515643,90.71045648550131,0.7886743489536103,0.4392485591292318,0.34942578982437855,51.44429515498683,7.864500021934509,7.120400009155273,10.158459713328856,7.864500021934509,5.570540330540162,18781300.0,1308767500.0,8.472912735696173,14.093271130705984,36.43123476130016,0.6358448735675188
2023-12-13,PTC,PTC,11.350000381469728,12.010000228881836,11.300000190734863,12.010000228881836,62457500,11.010000228881836,1.0,92.6422303035139,0.9916436818632164,0.5497275836760287,0.4419160981871877,65.4269951824999,8.108000040054321,7.246200017929077,11.026908230902132,8.108000040054321,5.189091849206511,21772025.0,1371225000.0,9.08265194560817,18.325129854742734,47.72447798062223,0.6784791455847263
2023-12-14,PTC,PTC,13.010000228881836,13.010000228881836,13.010000228881836,13.010000228881836,1854500,12.010000228881836,1.0,93.9884933308271,1.21913653605891,0.683609374152605,0.5355271619063049,79.20109943144725,8.40250005722046,7.390200023651123,12.009189024888226,8.40250005722046,4.795811089552693,21760075.0,1373079500.0,8.326394512426273,18.16530389121634,49.197245762410645,0.6965840543927568
2023-12-15,PTC,PTC,14.010000228881836,14.010000228881836,14.010000228881836,14.010000228881836,706500,13.010000228881836,1.0,94.97805024092911,1.4632504641488815,0.8395375921518604,0.6237128719970211,101.87320048082225,8.737000060081481,7.552200031280518,13.085585367966388,8.737000060081481,4.388414752196575,21173150.0,1373786000.0,7.68639494548223,16.652789024852545,45.181355261189196,0.7147165074935639
2023-12-18,PTC,PTC,15.0600004196167,15.0600004196167,14.029999732971191,15.0600004196167,70521500,14.010000228881836,1.0500001907348633,95.76612824005782,1.7215932952278639,1.015948732767061,0.7056445624608028,115.14286313738143,9.125000071525573,7.73720004081726,14.249305561809717,9.125000071525573,4.0006945812414285,24363300.0,1444307500.0,7.49464791992131,15.75711110430206,48.37439394699602,0.7150741237802476
2023-12-19,PTC,PTC,15.949999809265137,16.190000534057617,14.300000190734863,15.06999969482422,74078000,15.0600004196167,0.009999275207521308,95.77293123236586,1.9051770133806247,1.193794388889774,0.7113826244908508,110.18130452536417,9.518000054359437,7.916800031661987,15.199266087511493,9.518000054359437,3.8367340212073806,27673275.0,1518385500.0,0.06639624786793867,7.566020332798989,36.87556204850973,0.7044010417051526
2023-12-20,PTC,PTC,15.100000381469728,15.5,13.9399995803833,13.9399995803833,26220000,15.06999969482422,-1.1300001144409197,80.10786947851663,1.9371565325662132,1.3424668176250618,0.5946897149411514,76.67933860932405,9.850000023841858,8.070600023269654,15.757084077501759,9.850000023841858,3.9429159701819563,28888850.0,1492165500.0,-7.498341986224574,-7.436924356087796,16.06993600932806,0.8079754646046575
2023-12-21,PTC,PTC,13.56999969482422,14.550000190734863,12.890000343322754,14.25,45165500,13.9399995803833,0.3100004196166992,81.02481559271662,1.9648652316973791,1.4669465004395252,0.4979187312578539,76.57993232811882,10.193500018119812,8.231600027084351,16.29171468174126,10.193500018119812,4.09528535449836,30785325.0,1537331000.0,2.223819432914038,-5.441272139546551,9.531127973121778,0.8046802947074604
2023-12-22,PTC,PTC,14.300000190734863,14.609999656677246,13.18000030517578,13.210000038146973,20638500,14.25,-1.0399999618530273,69.45739035410038,1.8812197399663138,1.549801148344883,0.3314185916214307,62.484623028266654,10.490500020980836,8.353400030136108,16.5677621255543,10.490500020980836,4.413237916407373,31716100.0,1516692500.0,-7.298245346337034,-5.236725711696583,-5.7102082631351445,0.8754083837002288
2023-12-25,PTC,PTC,13.210000038146973,13.210000038146973,13.210000038146973,13.210000038146973,0,13.210000038146973,0.0,69.45739035410038,1.7942471212030426,1.5986903429165151,0.1955567782865275,51.49082148650043,10.788000011444092,8.478600034713745,16.781359869023397,10.788000011444092,4.794640153864788,31567850.0,1516692500.0,0.0,-7.298245346337034,-12.284198737869703,0.8747316764987293
2023-12-26,PTC,PTC,12.899999618530272,12.899999618530272,12.210000038146973,12.210000038146973,13250000,13.210000038146973,-1.0,59.91816330764803,1.6258868401639788,1.604129642366008,0.021757197797970695,26.52850280637211,11.035500001907348,8.587400035858154,16.82063336289943,11.035500001907348,5.250366640915267,32146575.0,1503442500.0,-7.5700226882079145,-7.5700226882079145,-18.978100295911172,0.9493304946286477
2023-12-27,PTC,PTC,11.520000457763672,12.699999809265137,11.210000038146973,12.25,55426000,12.210000038146973,0.039999961853027344,60.15389871527731,1.4786428922593817,1.579032292344683,-0.10038940008530117,20.689659708320367,11.300999999046326,8.696800031661986,16.773687850166123,11.300999999046326,5.828312147926528,34581875.0,1558868500.0,0.327600014152808,-7.267222069453047,-12.123383294512493,0.9159250110689356
2023-12-28,PTC,PTC,12.600000381469728,12.850000381469728,11.649999618530272,11.920000076293944,26047500,12.25,-0.32999992370605646,57.16673164212657,1.3201054133232795,1.5272469165404023,-0.20714150321712288,8.265211884600717,11.547000002861022,8.802200031280517,16.63440909562331,11.547000002861022,6.459590910098734,35709575.0,1532821000.0,-2.6938769282127057,-2.375102055257982,-16.35087665758636,0.9356266278272021
2023-12-29,PTC,PTC,12.0600004196167,12.449999809265137,11.25,12.229999542236328,16151500,11.920000076293944,0.3099994659423846,59.21563389262391,1.2055805035958311,1.462913633951488,-0.25733313035565697,1.831801075452392,11.799999976158142,8.915200023651122,16.455871285877535,11.799999976158142,7.1441286664387516,36112550.0,1548972500.0,2.6006666439449115,-0.16326904296875,-7.418625988498587,0.9355410832213585
2024-01-01,PTC,PTC,12.3100004196167,13.100000381469728,12.3100004196167,12.9399995803833,19491500,12.229999542236328,0.7100000381469727,63.51971421071439,1.1587523807430795,1.4020813833098065,-0.24332900256672696,-0.5380526307996188,12.052499961853027,9.039600019454957,16.349445688263323,12.052499961853027,7.755554235442732,35999375.0,1568464000.0,5.805397095028385,8.557042764772248,-2.0439095910975187,0.9040192933618446
2024-01-02,PTC,PTC,13.18000030517578,13.239999771118164,12.399999618530272,12.75,27349500,12.9399995803833,-0.18999958038330078,61.6448810666155,1.0937018634832167,1.3404054793444886,-0.24670361586127187,-8.993577503905572,12.286499977111816,9.160400018692016,16.1590444967338,12.286499977111816,8.413955457489834,35561925.0,1541114500.0,-1.468312106217802,4.251843640450265,4.422604096363127,0.9158112289109714
2024-01-03,PTC,PTC,13.0,13.75,12.670000076293944,13.489999771118164,50431000,12.75,0.7399997711181641,65.87013041001406,1.0893038403804063,1.2901851515516722,-0.20088131117126595,-10.424970815097057,12.554499959945678,9.295400018692016,15.925250176236556,12.554499959945678,9.1837497436548,37742100.0,1591545500.0,5.803919773475796,4.250388010588881,10.122447111168686,0.920758979200394
2024-01-04,PTC,PTC,13.300000190734863,13.5,12.899999618530272,13.239999771118164,14653000,13.489999771118164,-0.25,63.33182363195178,1.0535013568624745,1.242848392613833,-0.18934703575135847,-12.143330861078706,12.780499935150146,9.426200017929077,15.635386721300971,12.780499935150146,9.925613148999322,36313075.0,1576892500.0,-1.853224642266083,3.843135459750306,11.073822872278225,0.9180463322877391
2024-01-05,PTC,PTC,13.289999961853027,13.75,12.699999809265137,13.18000030517578,25557791,13.239999771118164,-0.05999946594238459,62.70727597852304,1.008658982385926,1.1960105105682515,-0.18735152818232548,-5.451931837049768,12.956999969482421,9.557200021743775,15.404375416091806,12.956999969482421,10.509624522873036,34654139.55,1551334709.0,-0.45316817960426165,-2.29799459749501,7.767790666374285,0.8665474520399643
2024-01-08,PTC,PTC,13.229999542236328,13.630000114440918,12.760000228881836,12.880000114440918,17773928,13.18000030517578,-0.3000001907348615,59.54535988401997,0.9380997395050983,1.144428356355621,-0.20632861685052273,-9.614034284625136,13.093499994277954,9.68080002784729,15.15593871993685,13.093499994277954,11.031061268619057,32351085.95,1533560781.0,-2.2761774187292816,-2.7190306865605245,-0.46367440408066496,0.8673782972967247
2024-01-09,PTC,PTC,12.989999771118164,13.140000343322754,12.220000267028809,12.34000015258789,11368958,12.880000114440918,-0.5399999618530273,54.243402740177466,0.829050766051731,1.0813528382948432,-0.2523020722431122,-6.585918872420541,13.159999990463257,9.792400026321411,15.014905285840126,13.159999990463257,11.305094695086389,28957133.85,1522191823.0,-4.192546250427321,-6.373293878134595,-3.2156850777420343,0.8454519471223803
2024-01-10,PTC,PTC,12.300000190734863,12.670000076293944,11.800000190734863,12.449999809265137,13995613,12.34000015258789,0.1099996566772461,55.120046153517606,0.7429405655476824,1.013670383745411,-0.2707298181977287,-5.753218975678706,13.181999969482423,9.907200021743774,14.989302156926087,13.181999969482423,11.374697782038758,26534039.5,1536187436.0,0.8914072554057259,-3.3385116564841453,-7.709414229047266,0.7856927912844998
2024-01-11,PTC,PTC,12.5,12.729999542236328,12.300000190734863,12.460000038146973,7700601,12.449999809265137,0.010000228881835938,55.20407165033739,0.6678064886470754,0.944497604725744,-0.2766911160786686,2.047502041105159,13.154499959945678,10.020400018692017,14.989349482764773,13.154499959945678,11.319650437126583,26826344.55,1543888037.0,0.08032312477943887,0.9724463863472171,-5.891236755703642,0.7261804746036653
2024-01-12,PTC,PTC,12.649999618530272,13.149999618530272,12.470000267028809,12.640000343322754,23129261,12.460000038146973,0.18000030517578125,56.77285588417613,0.6156894272301727,0.8787359692266298,-0.26304654199645705,3.1836762720224807,13.085999965667725,10.136800022125245,14.88837733284485,13.085999965667725,11.283622598490599,27947482.6,1567017298.0,1.4446252377584305,1.5261087306701895,-4.097116459405299,0.6687595745551288
2024-01-15,PTC,PTC,12.800000190734863,12.989999771118164,12.420000076293944,12.56999969482422,8039388,12.640000343322754,-0.07000064849853338,55.952210690237024,0.562256470658868,0.8154400695130775,-0.2531835988542095,5.453016899076807,12.9614999294281,10.249200019836426,14.516813614626118,12.9614999294281,11.406186244230083,24823377.0,1558977910.0,-0.553802583838632,0.8828222820263073,-2.40683553464513,0.5997570115552973
2024-01-16,PTC,PTC,12.489999771118164,13.56999969482422,12.489999771118164,13.56999969482422,48565635,12.56999969482422,1.0,63.96557527162947,0.5937576417707078,0.7711035839646037,-0.17734594219389588,10.956665598884115,12.886499929428101,10.385400009155273,14.126385648762266,12.886499929428101,11.646614210093936,23547758.75,1607543545.0,7.955449676039025,7.357589606338507,9.967581256296661,0.6759438982153817
2024-01-17,PTC,PTC,13.5,14.399999618530272,13.420000076293944,14.020000457763672,45978785,13.56999969482422,0.45000076293945135,66.88510005376564,0.6475690743945783,0.7463966820505986,-0.09882760765602028,8.346220343141464,12.89049997329712,10.524800014495849,14.145124745212863,12.89049997329712,11.635875201381376,24535698.0,1653522330.0,3.316144237726753,11.535408099782998,12.610447169084773,0.633775366347013
2024-01-18,PTC,PTC,13.899999618530272,14.43000030517578,13.199999809265137,14.260000228881836,25690390,14.020000457763672,0.23999977111816406,68.35757072036279,0.7014946050649318,0.7374162666534653,-0.03592166158853349,11.843139050053615,12.89099998474121,10.669000015258788,14.147911939046564,12.89099998474121,11.634088030435857,23561942.5,1679212720.0,1.7118385398144729,5.084749812638469,14.446229415923467,0.6317620196515062
2024-01-19,PTC,PTC,14.350000381469728,14.390000343322754,13.710000038146973,13.829999923706056,14161766,14.260000228881836,-0.4300003051757795,62.956196050550204,0.7014476932961724,0.7302225519820067,-0.028774858685834293,2.5203866446004417,12.921999979019166,10.805400009155273,14.241084290402837,12.921999979019166,11.602915667635495,23238105.8,1665050954.0,-3.015429861669062,-1.3552106123677143,9.414553386558532,0.5817431086580821
2024-01-22,PTC,PTC,13.710000038146973,13.920000076293944,13.25,13.470000267028809,4576537,13.829999923706056,-0.35999965667724787,58.76935374146183,0.664699311824501,0.7171179039505056,-0.052418592126004526,1.7371638964252052,12.934999990463258,10.933800010681152,14.271050850132442,12.934999990463258,11.598949130794074,23466932.65,1660474417.0,-2.6030344082661276,-5.539971593078812,7.159909260579927,0.5907503285067564
2024-01-23,PTC,PTC,13.649999618530272,14.149999618530272,13.600000381469728,13.68000030517578,18157298,13.470000267028809,0.21000003814697088,60.42281855514681,0.6450850637222434,0.7027113359048531,-0.05762627218260974,3.7936266192926436,13.008500003814698,11.068800020217896,14.338340280889396,13.008500003814698,11.67865972674,23712297.55,1678631715.0,1.5590202968369529,-1.0845959461876935,0.8106161593615558,0.5164625223400537
2024-01-24,PTC,PTC,13.670000076293944,13.9399995803833,13.199999809265137,13.369999885559082,13621020,13.68000030517578,-0.31000041961669744,56.80153541912571,0.5976370003824218,0.6816964688003668,-0.08405946841794498,3.804346015251829,13.064499998092652,11.193400020599364,14.353554890031516,13.064499998092652,11.775445106153787,21622048.55,1665010695.0,-2.2660848881663394,-0.7423933146794547,-4.636237881466313,0.5265140215828293
2024-01-25,PTC,PTC,13.40999984741211,13.529999732971191,12.600000381469728,12.770000457763672,9639224,13.369999885559082,-0.5999994277954102,50.4938086866895,0.5057887114985142,0.6465149173399963,-0.1407262058414821,3.4846053473151986,13.107000017166138,11.306400032043458,14.288758013532167,13.107000017166138,11.925242020800109,20801634.75,1655371471.0,-4.487654696567864,-6.652045519822192,-10.448806081365673,0.5444439640327754
2024-01-26,PTC,PTC,12.600000381469728,13.0,12.300000190734863,12.40999984741211,11459261,12.770000457763672,-0.3600006103515625,47.1132175822039,0.39934583007710955,0.597081099887419,-0.19773526981030942,-0.3212848390829682,13.116000032424926,11.408200025558472,14.272098846039817,13.116000032424926,11.959901218810035,20567022.8,1643912210.0,-2.8191119612113713,-7.180254647450426,-10.267534953922302,0.5493557469937381
2024-01-29,PTC,PTC,12.40999984741211,12.5,11.40999984741211,11.40999984741211,15873772,12.40999984741211,-1.0,39.25188035166219,0.2316273807574678,0.5239903560614287,-0.29236297530396094,-8.426967797112601,13.039500045776368,11.490400018692016,14.424464170753403,13.039500045776368,11.654535920799333,20386136.4,1628038438.0,-8.058017826716837,-10.64996524353869,-15.293247058495352,0.5789722772071754
2024-01-30,PTC,PTC,11.5,11.84000015258789,10.40999984741211,10.529999732971191,23674665,11.40999984741211,-0.880000114440918,33.89239239464705,0.027384969674058013,0.4246692787839546,-0.3972843091098966,-16.69304235000435,12.928500032424926,11.556800012588502,14.710188067890941,12.928500032424926,11.146811996958911,20202394.65,1604363773.0,-7.712533972036029,-15.14907443639461,-23.026319458580687,0.6319115356972353
2024-01-31,PTC,PTC,10.5600004196167,10.850000381469728,10.350000381469728,10.449999809265137,6751457,10.529999732971191,-0.07999992370605469,33.445307950083844,-0.13932785309062545,0.3118698524090386,-0.45119770549966404,-16.865552402773783,12.776500034332276,11.619800004959107,14.851111456461112,12.776500034332276,10.70188861220344,18018417.5,1597612316.0,-0.759733387794508,-8.413672664199986,-21.83994092212247,0.5807616929501281
2024-02-01,PTC,PTC,10.550000190734863,10.65999984741211,10.460000038146973,10.5600004196167,2544796,10.449999809265137,0.1100006103515625,34.72043883678094,-0.2595805532561002,0.19757977127601084,-0.45716032453211103,-22.18127739793226,12.642500066757203,11.683400011062622,14.926678064050371,12.642500066757203,10.358322069464034,17413007.3,1600157112.0,1.052637438845063,0.28490681297522397,-17.30618605266672,0.5855969601991579
2024-02-02,PTC,PTC,10.539999961853027,11.09000015258789,10.529999732971191,10.90999984741211,8730405,10.5600004196167,0.34999942779541016,38.742009952550525,-0.3229172665159563,0.09348036371761742,-0.41639763023357373,-22.18259992016889,12.529000043869019,11.756200008392334,14.923642473415708,12.529000043869019,10.13435761432233,16571638.0,1608887517.0,3.314388389087907,4.401914320985243,-12.087026740075254,0.6056949870700722
2024-02-06,PTC,PTC,10.800000190734863,11.199999809265137,10.800000190734863,11.020000457763672,2842875,10.90999984741211,0.1100006103515625,39.99322302077598,-0.3600851012468773,0.002767270724718468,-0.3628523719715958,-22.720895645961857,12.436000061035156,11.83140001296997,14.916190312683423,12.436000061035156,9.955809809386889,15825085.35,1611730392.0,1.0082549210819196,4.356060794206574,-3.418049034741161,0.6068076023584658
2024-02-07,PTC,PTC,11.0600004196167,11.350000381469728,11.0600004196167,11.170000076293944,3411843,11.020000457763672,0.14999961853027166,41.74070808966957,-0.3731358842302619,-0.07241336026627761,-0.3007225239639843,-19.23354925586512,12.377500057220459,11.909600009918213,14.92159445594817,12.377500057220459,9.833405658492747,15427229.6,1615142235.0,1.3611580063465043,2.3831368700111133,6.077876159092425,0.5964269370645073
2024-02-08,PTC,PTC,11.170000076293944,11.170000076293944,11.170000076293944,11.170000076293944,0,11.170000076293944,0.0,41.74070808966957,-0.379108595864194,-0.1337524073858609,-0.2453561884783331,-17.074982517741223,12.3135000705719,11.994200010299682,14.913696722845474,12.3135000705719,9.713303418298326,14727448.95,1615142235.0,0.0,1.3611580063465043,6.889954834166055,0.5946461766569957
2024-02-09,PTC,PTC,10.989999771118164,11.1899995803833,10.260000228881836,11.0600004196167,6854953,11.170000076293944,-0.10999965667724432,40.73187772431003,-0.3882426462996271,-0.18465045516861417,-0.20359219113101296,-19.152045519822195,12.243500089645385,12.075400018692017,14.901819965954319,12.243500089645385,9.585180213336452,14685166.55,1608287282.0,-0.9847775821478841,-0.9847775821478841,4.734848296702518,0.5945321865796281
2024-02-12,PTC,PTC,11.1899995803833,11.1899995803833,10.0600004196167,10.06999969482422,9461003,11.0600004196167,-0.9900007247924787,33.00120918379156,-0.46994895279175,-0.24171015469324134,-0.22823879809850864,-24.682125796419694,12.11500005722046,12.133400011062623,14.936097381281224,12.11500005722046,9.293902733159696,14001753.65,1598826279.0,-8.951181620540922,-9.847809972752376,-7.699359893090556,0.6597536105218748
2024-02-13,PTC,PTC,9.899999618530272,10.489999771118164,9.31999969482422,9.630000114440918,11198165,10.06999969482422,-0.43999958038330256,30.25298424747723,-0.5637080032900386,-0.3061097244126008,-0.25759827887743775,-24.588881995017893,11.968000078201294,12.168200016021729,14.988607308889936,11.968000078201294,8.947392847512653,14159692.5,1587628114.0,-4.369410066709869,-12.92947785643339,-12.613432718539395,0.6697991878658539
2024-02-14,PTC,PTC,9.800000190734863,9.979999542236328,9.65999984741211,9.770000457763672,7162052,9.630000114440918,0.1400003433227539,32.18802596219669,-0.6195738074519515,-0.36880254102047094,-0.2507712664314805,-21.273162144308678,11.778000116348267,12.202200031280517,14.85190122250744,11.778000116348267,8.704099010189093,12089513.35,1594790166.0,1.453793786698016,-2.9791384920770385,-12.533568567304549,0.585959512269343
2024-02-15,PTC,PTC,9.829999923706056,10.1899995803833,9.5,9.56999969482422,10504476,9.770000457763672,-0.20000076293945135,30.87039403537925,-0.6722371187825029,-0.42948945657287735,-0.24274766220962557,-16.126206636236,11.555500078201295,12.231000022888184,14.590062321517344,11.555500078201295,8.520937834885245,10315797.9,1584285690.0,-2.0470906199448735,-0.623057309487694,-14.32408568076377,0.5569423681320786
2024-02-16,PTC,PTC,9.56999969482422,9.75,8.899999618530273,9.140000343322754,6238638,9.56999969482422,-0.4299993515014666,28.197784097025746,-0.7401386685910865,-0.49161929897651924,-0.24851936961456722,-13.20037440548186,11.29950008392334,12.239400024414062,14.235673605377405,11.29950008392334,8.363326562469274,9343210.3,1578047052.0,-4.493201308397374,-6.448312025822806,-17.35985536572417,0.5480782397266158
2024-02-19,PTC,PTC,9.020000457763672,9.699999809265137,8.75,9.630000114440918,5943195,9.140000343322754,0.48999977111816406,35.09371524725228,-0.7458149589947549,-0.5424584309801663,-0.2033565280145886,-7.8468871750331886,11.089500093460083,12.239000034332275,13.85972131937757,11.089500093460083,8.319278867542597,8932281.75,1583990247.0,5.361047622674701,0.6269636523515011,-4.369410066709869,0.6077551653816118
2024-02-20,PTC,PTC,9.710000038146973,9.880000114440918,9.300000190734863,9.479999542236328,3837468,9.630000114440918,-0.15000057220458984,34.016682885391575,-0.7537287369057477,-0.5847124921652826,-0.16901624474046506,-10.22728062940335,10.890000057220458,12.225600032806396,13.508951331915394,10.890000057220458,8.271048782525522,8895328.3,1580152779.0,-1.5576383221392964,3.7199035682964863,-1.5576383221392964,0.6068775783804277
2024-02-21,PTC,PTC,9.770000457763672,9.84000015258789,9.220000267028809,9.489999771118164,3338664,9.479999542236328,0.010000228881835938,34.1617534724362,-0.7505417499234337,-0.6178783437169129,-0.13266340620652084,-13.015582916170015,10.680500030517578,12.195200023651124,13.01459048314858,10.680500030517578,8.346409577886575,8154396.6,1583491443.0,0.10548765152658317,-1.453793786698016,-2.8659229634222476,0.5987596544803647
2024-02-22,PTC,PTC,9.489999771118164,9.850000381469728,9.449999809265137,9.550000190734863,3685279,9.489999771118164,0.06000041961669922,35.083955984380324,-0.7347052822052085,-0.641243731414572,-0.09346155079063645,-13.33938480912841,10.489500045776367,12.146000022888183,12.499626890640581,10.489500045776367,8.479373200912153,7657609.55,1587176722.0,0.632248904781898,0.7384035008299382,-0.20898124061773643,0.6042118765356598
2024-02-23,PTC,PTC,9.520000457763672,10.550000190734863,9.40999984741211,10.479999542236328,15473285,9.550000190734863,0.9299993515014648,47.38565862074249,-0.639737101027503,-0.6409424053371583,0.001205304309655264,-6.1772652582339855,10.375,12.095400009155274,12.07516098927783,10.375,8.67483901072217,7949312.6,1602650007.0,9.738212910233484,10.432031559485663,14.660822194525554,0.7148458318679757
2024-02-26,PTC,PTC,10.550000190734863,11.300000190734863,10.550000190734863,10.779999732971191,10095530,10.479999542236328,0.3000001907348633,50.63542505798333,-0.5341097404333315,-0.619575872356393,0.08546613192306152,-3.4914981258634783,10.293499994277955,12.030799999237061,11.716621506716155,10.293499994277955,8.870378481839754,7881126.05,1612745537.0,2.8625973648739893,12.879576101261636,11.941844287268092,0.7228754499429744
2024-02-27,PTC,PTC,10.8100004196167,10.859999656677246,10.5,10.529999732971191,3647356,10.779999732971191,-0.25,47.976072805841284,-0.46520956058965446,-0.5887026100030452,0.12349304941339079,-4.792049426195915,10.249499988555907,11.940199985504151,11.578583224657786,10.249499988555907,8.92041675245403,7269805.25,1609098181.0,-2.319109519412714,0.4771010774700257,11.075951913887632,0.6712268186202818
2024-02-28,PTC,PTC,10.550000190734863,11.31999969482422,10.329999923706056,11.06999969482422,11661085,10.529999732971191,0.5399999618530291,53.639832367245276,-0.36284948471713285,-0.5435319849458627,0.1806825002287299,9.93048689479087,10.27649998664856,11.86019998550415,11.650748515749214,10.27649998664856,8.902251457547905,6669126.25,1620759266.0,5.128204895981135,2.6901666886507343,16.649103917943425,0.6374443635456194
2024-02-29,PTC,PTC,11.149999618530272,11.34000015258789,10.81999969482422,10.960000038146973,5999641,11.06999969482422,-0.10999965667724787,52.38864844957678,-0.28729270860075395,-0.49228412967684104,0.2049914210760871,13.811006312571259,10.30199999809265,11.800599994659423,11.708355531790344,10.30199999809265,8.895644464394957,6631535.45,1614759625.0,-0.9936735294462404,4.083573751947765,14.764396013102187,0.6380270577030053
2024-03-01,PTC,PTC,11.100000381469728,11.550000190734863,10.699999809265137,11.390000343322754,6896425,10.960000038146973,0.43000030517578125,56.645870737597484,-0.190519794608365,-0.43193126266314585,0.24141146805478086,16.581369597293712,10.343499994277954,11.74340000152588,11.828686922372349,10.343499994277954,8.858313066183559,6849116.9,1621656050.0,3.923360435028631,2.8907015114747447,8.683214130105206,0.6504449209062719
2024-03-04,PTC,PTC,11.520000457763672,12.390000343322754,11.119999885559082,12.079999923706056,23412888,11.390000343322754,0.6899995803833026,62.44830360321635,-0.05748669267938311,-0.35704234866639334,0.2995556559870102,26.227798421345085,10.401999998092652,11.72079999923706,12.062914198889633,10.401999998092652,8.741085797295671,7583241.05,1645068938.0,6.057941699605006,10.218977022453043,12.059371270286276,0.6733096361350606
2024-03-05,PTC,PTC,12.220000267028809,12.899999618530272,12.0600004196167,12.220000267028809,24851077,12.079999923706056,0.14000034332275213,63.515281955050725,0.05856475864319677,-0.27392092720447536,0.33248568584767213,33.69802853405968,10.461999988555908,11.701000003814697,12.2947271109227,10.461999988555908,8.629272866189115,8683651.15,1669920015.0,1.1589432467463214,7.28709305257073,16.049388194815833,0.6734532939411013
2024-03-06,PTC,PTC,12.25,12.699999809265137,12.010000228881836,12.100000381469728,6968493,12.220000267028809,-0.11999988555908025,61.891989009627416,0.13924821529129439,-0.19128709870532143,0.33053531399661584,25.649015967558057,10.508500003814698,11.698800010681152,12.460193329788838,10.508500003814698,8.556806677840557,8861483.65,1662951522.0,-0.9819957687141461,0.16556670438732818,9.30443283685983,0.6750903676328872
2024-03-07,PTC,PTC,12.06999969482422,12.390000343322754,11.8100004196167,12.100000381469728,6433277,12.100000381469728,0.0,61.891989009627416,0.20087487545386118,-0.11285470387348491,0.3137295793273461,27.63714098888388,10.555000019073486,11.695800018310546,12.614397149119672,10.555000019073486,8.4956028890273,9183147.5,1662951522.0,0.0,-0.9819957687141461,10.401462950318544,0.6750903676328872
2024-03-08,PTC,PTC,12.350000381469728,12.550000190734863,12.029999732971191,12.210000038146973,6240688,12.100000381469728,0.10999965667724432,62.90001621944368,0.25564360032523936,-0.03915504303374007,0.29479864335897943,28.661752714756105,10.6125,11.701600017547607,12.791982230345216,10.6125,8.433017769654786,9152434.25,1669192210.0,0.9090880430524679,0.9090880430524679,7.199294733164195,0.6729610314266408
2024-03-11,PTC,PTC,12.399999618530272,13.210000038146973,12.3100004196167,13.199999809265137,26435903,12.210000038146973,0.9899997711181641,70.4707342268123,0.3746145932871663,0.04359888423044121,0.33101570905672506,38.219890530174006,10.769000005722045,11.721000022888184,13.217380003312993,10.769000005722045,8.320620008131097,10001179.25,1695628113.0,8.108106208232325,9.090904075341829,9.271522290005715,0.6230697433322824
2024-03-12,PTC,PTC,13.449999809265137,13.68000030517578,12.75,12.899999618530272,18051998,13.199999809265137,-0.30000019073486506,66.0708204106568,0.43962473388774903,0.12280405416190278,0.31682067972584627,23.091604790066043,10.932499980926513,11.720200023651124,13.49471019743386,10.932499980926513,8.370289764419166,10343870.9,1677576115.0,-2.272728750528418,5.651102196786033,5.5646426893802285,0.6012311161938324
2024-03-13,PTC,PTC,12.899999618530272,13.170000076293944,12.449999809265137,12.59000015258789,8779590,12.899999618530272,-0.30999946594238104,61.778456589509005,0.4608193341248512,0.19040711015449246,0.27041222397035874,16.79035681309637,11.073499965667725,11.71700002670288,13.676399459582063,11.073499965667725,8.470600471753388,10424747.8,1668796525.0,-2.403096706274942,-4.621209587056847,4.049584757605143,0.6173253413320057
2024-03-14,PTC,PTC,12.729999542236328,13.59000015258789,12.729999542236328,13.539999961853027,11250475,12.59000015258789,0.9499998092651367,68.52651606227958,0.547956748336043,0.2619170377908026,0.2860397105452404,28.584998150161596,11.271999979019165,11.718000030517578,13.994874678727768,11.271999979019165,8.549125279310562,10462047.75,1680047000.0,7.545669561170443,4.961243118204623,11.900822603183995,0.6408591948480531
2024-03-15,PTC,PTC,13.579999923706056,13.800000190734863,13.079999923706056,13.1899995803833,6334062,13.539999961853027,-0.35000038146972656,64.04055546611755,0.5820620225057898,0.32594603473380007,0.2561159877719897,19.150857669402523,11.474499940872192,11.71700002670288,14.131363815411477,11.474499940872192,8.817636066332907,10466818.95,1673712938.0,-2.5849363549172932,4.765682450544526,8.026204252044014,0.6191155924092252
2024-03-18,PTC,PTC,13.050000190734863,14.1899995803833,13.050000190734863,14.1899995803833,13816469,13.1899995803833,1.0,70.06933420612916,0.6819215732370054,0.39714114243444115,0.28478043080256427,29.470798640457215,11.702499914169312,11.737200012207031,14.473096496446995,11.702499914169312,8.931903331891629,10860482.65,1687529407.0,7.58150137841733,4.800588038120771,7.499998374418755,0.6401399425452694
2024-03-19,PTC,PTC,14.510000228881836,15.25,14.5,15.25,5139518,14.1899995803833,1.0600004196166992,74.87741182874112,0.8369463649959918,0.48510218694675133,0.3518441780492405,33.889372610424225,11.990999937057495,11.784600009918213,14.98019378877029,11.990999937057495,9.0018060853447,10925585.15,1692668925.0,7.470052508543248,15.617896020864283,18.21705775939759,0.6530763752566126
2024-03-20,PTC,PTC,16.389999389648438,16.389999389648438,16.389999389648438,16.389999389648438,1670921,15.25,1.1399993896484375,78.81833870745122,1.0398068071153475,0.5960431109804706,0.4437636961348769,35.67880375135056,12.335999917984008,11.865599994659425,15.681327344705748,12.335999917984008,8.990672491262268,10842198.0,1694339846.0,7.475405833760246,15.50387508331209,30.18267824468177,0.6696724455345654
2024-03-21,PTC,PTC,17.610000610351562,17.6200008392334,15.270000457763672,15.84000015258789,52898951,16.389999389648438,-0.5499992370605469,72.87848833307903,1.143018817704137,0.7054382523252039,0.4375805653789331,29.62356633760741,12.65049991607666,11.933400001525879,16.07475680049331,12.65049991607666,9.22624303166001,13302881.6,1641440895.0,-3.3557001680421923,3.8688534595927258,16.986707512664534,0.7014124590904357
2024-03-22,PTC,PTC,15.9399995803833,15.9399995803833,14.649999618530272,14.649999618530272,10930294,15.84000015258789,-1.190000534057619,61.99272884094797,1.1159282555602275,0.7875362529722085,0.3283920025880189,21.07437319560487,12.858999919891357,11.977199993133546,16.234258955727267,12.858999919891357,9.483740884055445,13075732.05,1630510601.0,-7.512629561832424,-10.616228407043819,11.068992301700614,0.7366795340889535
2024-03-26,PTC,PTC,15.25,16.5,15.020000457763672,16.100000381469727,28146003,14.649999618530272,1.450000762939455,68.22145389551325,1.1976559015730164,0.8695601826923701,0.32809571888064626,33.05785019747361,13.124999952316283,12.046399993896484,16.645780256825578,13.124999952316283,9.604219647806989,13978255.7,1658656604.0,9.897616387002493,1.6414155705633493,13.460189271089696,0.7906167787997871
2024-03-27,PTC,PTC,16.209999084472656,17.309999465942383,16.209999084472656,17.309999465942383,24701735,16.100000381469727,1.2099990844726562,72.3008870987547,1.3445631762523877,0.9645607814043737,0.380002394848014,41.76903695218499,13.463999938964843,12.141199989318848,17.229837268001624,13.463999938964843,9.698162609928062,15030974.65,1683358339.0,7.515522085734252,18.156996018263172,13.508193219294313,0.7940860093122527
2024-03-28,PTC,PTC,18.61000061035156,18.61000061035156,17.809999465942383,18.420000076293945,55715919,17.309999465942383,1.1100006103515625,75.41833979775595,1.5328858683368924,1.0782257987908777,0.4546600695460148,39.545457139816534,13.83149995803833,12.238199996948243,18.02402077136954,13.83149995803833,9.638979144707122,17233716.35,1739074258.0,6.412482060068812,14.409935651271283,12.385605626853236,0.8007184964351631
2024-03-29,PTC,PTC,17.8799991607666,18.600000381469727,17.190000534057617,18.270000457763672,32214179,18.420000076293945,-0.14999961853027344,74.20297418193675,1.6509975707045363,1.1927801531736095,0.4582174175309268,41.62791471342088,14.196999979019164,12.323199996948242,18.60452502143921,14.196999979019164,9.78947493659912,18544443.25,1706860079.0,-0.8143301732301239,5.545933110570579,15.340910869743743,0.7996465508724286
2024-04-01,PTC,PTC,18.489999771118164,18.489999771118164,16.899999618530273,16.940000534057617,21231631,18.270000457763672,-1.3299999237060547,64.30747751390902,1.6186235821134112,1.2779488389615699,0.3406747431518413,34.55123374701134,14.474499988555909,12.376800003051757,18.836525006756627,14.474499988555909,10.11247497035519,19261203.55,1685628448.0,-7.2796928866024375,-8.03474232413847,15.631405973764009,0.8725900872051957
2024-04-02,PTC,PTC,16.610000610351562,16.979999542236328,15.800000190734863,16.459999084472656,27131713,16.940000534057617,-0.48000144958496094,61.13858656193393,1.5365227793231213,1.3296636270338802,0.20685915228924112,21.565724747757017,14.693499946594239,12.42939998626709,18.988634334519283,14.693499946594239,10.398365558669196,19447144.8,1658496735.0,-2.833538574098184,-9.90695855468286,2.2360167358584024,0.8767948597690295
2024-04-03,PTC,PTC,16.799999237060547,17.09000015258789,16.209999084472656,16.3700008392334,10602024,16.459999084472656,-0.08999824523925781,60.53625235525317,1.4475092102310345,1.3532327436733111,0.09427646655772337,24.10918392734086,14.900999975204467,12.487399997711181,19.09272569794725,14.900999975204467,10.709274252461682,18734692.15,1647894711.0,-0.5467694425582112,-3.364815093590127,-5.430379293531708,0.8802791067148977
2024-04-04,PTC,PTC,16.5,16.690000534057617,15.800000190734863,16.190000534057617,15054641,16.3700008392334,-0.18000030517578125,59.278363634605405,1.3469144042875332,1.3519690757961558,-0.005054671508622599,14.094439836623957,15.105499982833862,12.53760000228882,19.117054352639446,15.105499982833862,11.093945613028279,19138999.55,1632840070.0,-1.0995741963823296,-1.6403315032364671,-12.10640354505904,0.880749212839245
2024-04-08,PTC,PTC,16.989999771118164,17.399999618530273,16.309999465942383,17.020000457763672,33757114,16.190000534057617,0.8299999237060547,63.08720684110234,1.3189621781113399,1.3453676962591927,-0.026405518147852858,11.606560378778177,15.351499986648559,12.61060001373291,19.18656436876715,15.351499986648559,11.516435604529969,20505191.4,1666597184.0,5.126620730864398,3.9706755357790975,-6.8418170152197435,0.8870918142469181
2024-04-09,PTC,PTC,17.0,17.200000762939453,16.420000076293945,16.719999313354492,11252126,17.020000457763672,-0.3000011444091797,60.871012007790135,1.2580996625718655,1.3279140895217274,-0.06981442694986195,2.0134224282794992,15.576999950408936,12.689599990844727,19.156133282107664,15.576999950408936,11.997866618710209,20755763.3,1655345058.0,-1.762638873915742,3.2736180470282177,-1.2987084637973645,0.8959433121029118
2024-04-15,PTC,PTC,16.489999771118164,16.899999618530273,16.260000228881836,16.59000015258789,12721103,16.719999313354492,-0.12999916076660156,59.88922417382491,1.1857077340103075,1.2994728184194435,-0.11376508440913602,4.73484843923734,15.746499967575073,12.773199996948243,19.169329292812353,15.746499967575073,12.32367064233779,20070023.3,1642623955.0,-0.7775069743141045,-2.52644120805318,0.7897999717258146,0.8671461032519505
2024-04-16,PTC,PTC,16.600000381469727,16.829999923706055,16.049999237060547,16.110000610351562,7263191,16.59000015258789,-0.4799995422363281,56.279747635325855,1.0771875104402575,1.2550157568236062,-0.1778282463833487,9.965877336778812,15.907000017166137,12.86720001220703,19.058080899821032,15.907000017166137,12.755919134511242,19530582.95,1635360764.0,-2.8933064365370273,-3.648317751518778,-1.5882725446091772,0.8707990256831757
2024-04-17,PTC,PTC,16.239999771118164,16.65999984741211,16.020000457763672,16.149999618530273,9690272,16.110000610351562,0.03999900817871094,56.514942948499495,0.9830797061823624,1.2006285466953575,-0.21754884051299506,0.3105542600986111,16.084999990463256,12.979600009918213,18.82215590424572,16.084999990463256,13.347844076680794,19576117.05,1645051036.0,0.24828681975970485,-2.652203315314503,-0.2470717369230285,0.8610453595095368
2024-04-18,PTC,PTC,16.200000762939453,16.350000381469727,14.9399995803833,15.130000114440918,24397248,16.149999618530273,-1.0199995040893555,49.24043963331192,0.8167778511676858,1.1238584075898232,-0.3070805564221375,-12.593873014211457,16.16449999809265,13.073200016021728,18.673251058764205,16.16449999809265,13.655748937421098,20233455.7,1620653788.0,-6.3157865522115735,-6.083180998025166,-11.104584562220916,0.8701601156503611
2024-04-19,PTC,PTC,14.75,15.289999961853027,14.399999618530272,14.720000267028809,10174902,15.130000114440918,-0.4099998474121094,46.64158623035745,0.6444698247823695,1.0279806910283327,-0.3835108662459632,-20.08686098773115,16.241000032424928,13.156400012969971,18.442319401589543,16.241000032424928,14.039680663260315,20425497.7,1610478886.0,-2.709846955128458,-8.854485357762513,-11.961717275480131,0.8707961371352158
2024-04-22,PTC,PTC,14.710000038146973,15.81999969482422,14.609999656677246,15.539999961853027,18991406,14.720000267028809,0.8199996948242188,52.08809242478452,0.5675393544119594,0.9358924237050581,-0.36835306929309874,-14.942531075583828,16.308500051498413,13.249000015258789,18.31958806690856,16.308500051498413,14.297412036088266,20684244.55,1629470292.0,5.570649999653386,2.709846955128458,-6.329115015535866,0.8524248543634853
2024-04-23,PTC,PTC,15.5,15.899999618530272,14.8100004196167,14.960000038146973,5612166,15.539999961853027,-0.5799999237060547,48.33029418082826,0.454530708733099,0.8396200807106663,-0.3850893719775673,-11.688314247274569,16.29400005340576,13.327800006866456,18.34108173512748,16.29400005340576,14.246918371684039,20707876.95,1623858126.0,-3.7323032505136124,1.6304331981279736,-7.138426620950288,0.8248187994321796
2024-04-24,PTC,PTC,15.100000381469728,15.149999618530272,14.449999809265137,14.59000015258789,7300282,14.960000038146973,-0.36999988555908203,46.04803759144054,0.33129567399727655,0.7379551993679884,-0.4066595253707118,-11.36086899086651,16.204000091552736,13.396200008392334,18.38706800196787,16.204000091552736,14.020932181137603,20989345.0,1616557844.0,-2.473261260799517,-6.113254900882615,-9.659439645759882,0.7801073758717131
2024-04-25,PTC,PTC,14.6899995803833,15.079999923706056,14.550000190734863,14.739999771118164,8231079,14.59000015258789,0.14999961853027344,47.13787791510917,0.24293434086481902,0.6389510276673545,-0.39601668680253543,-9.957244865917593,16.149000072479247,13.467600002288819,18.42416493973866,16.149000072479247,13.873835205219832,18755951.4,1624788923.0,1.0280988139925917,-1.4705900164961432,-2.5776625272495255,0.7740721972464538
2024-04-26,PTC,PTC,14.920000076293944,14.920000076293944,14.449999809265137,14.59000015258789,5742481,14.739999771118164,-0.14999961853027344,46.1342702597277,0.1589711121077464,0.5429550445554329,-0.38398393244768647,-9.8826456373731,16.146000099182128,13.538199996948242,18.42962973388033,16.146000099182128,13.862370464483929,18496560.75,1619046442.0,-1.0176365051523646,0.0,-0.8831529353440571,0.7260666580679211
2024-04-29,PTC,PTC,14.75,15.020000457763672,14.300000190734863,14.40999984741211,8846204,14.59000015258789,-0.18000030517578125,44.89889925935749,0.07701732036544406,0.4497674997174351,-0.37275017935199106,-15.334903291151269,16.061500072479248,13.625,18.47374324234162,16.061500072479248,13.649256902616875,17531570.8,1610200238.0,-1.2337238059853881,-2.23880548731529,-7.271558025835247,0.6271547722532965
2024-04-30,PTC,PTC,14.350000381469728,14.649999618530272,14.029999732971191,14.09000015258789,3588690,14.40999984741211,-0.31999969482421875,42.709335638192094,-0.013596222271798908,0.35709475531958834,-0.37069097759138725,-15.729660698406759,15.900500106811524,13.71420000076294,18.390458791518654,15.900500106811524,13.410541422104396,16475918.55,1606611548.0,-2.2206779889847637,-3.4270047619657693,-5.815507241581832,0.5534269917255716
2024-05-02,PTC,PTC,14.289999961853027,14.289999961853027,13.029999732971191,13.0600004196167,9256013,14.09000015258789,-1.0299997329711914,36.533625805280806,-0.16660001674287805,0.2523558009070951,-0.41895581764997314,-21.277876434621632,15.63250012397766,13.78,18.134439424667942,15.63250012397766,13.130560823287379,14152923.25,1597355535.0,-7.310147067542882,-9.368490229636306,-10.486632741397257,0.5243661965907771
2024-05-03,PTC,PTC,13.06999969482422,13.43000030517578,13.020000457763672,13.380000114440918,3861610,13.0600004196167,0.31999969482421875,39.46240329378776,-0.25904916761893837,0.1500748072018884,-0.40912397482082674,-16.945998711858948,15.388000106811523,13.856200008392333,17.756891447323063,15.388000106811523,13.019108766299983,12735294.8,1601217145.0,2.450227293588483,-5.039034992604794,-9.226592115300132,0.5437326191144352
2024-05-06,PTC,PTC,13.640000343322754,14.380000114440918,13.640000343322754,14.329999923706056,14068830,13.380000114440918,0.9499998092651385,47.24563136726988,-0.25274525069875864,0.06951079562175899,-0.32225604632051763,-11.269348221754607,15.257500076293946,13.96,17.552821325313012,15.257500076293946,12.96217882727488,12377154.75,1615285975.0,7.100147990580448,9.724345048119307,-1.782044044980471,0.5790595280565709
2024-05-07,PTC,PTC,13.899999618530272,14.239999771118164,13.649999618530272,13.84000015258789,8897338,14.329999923706056,-0.48999977111816584,44.09646639098121,-0.2840142975234432,-0.0011942230072814475,-0.28282007451616176,-8.526106755424141,15.126500129699707,14.04420000076294,17.43189224023785,15.126500129699707,12.821108019161564,11465436.0,1606388637.0,-3.419398281416327,3.4379673707961973,-3.955584322414722,0.5821933385270277
2024-05-08,PTC,PTC,14.0,14.100000381469728,13.5,13.5600004196167,4675410,13.84000015258789,-0.2799997329711914,42.35896362369458,-0.3276123693464861,-0.06647785227512237,-0.2611345170713637,-7.880433603050825,14.986000108718873,14.125800018310548,17.314689730304902,14.986000108718873,12.657310487132843,11169105.3,1601713227.0,-2.023119435579163,-5.373339205784296,-3.76153106622818,0.5837002049585799
2024-05-09,PTC,PTC,13.619999885559082,14.3100004196167,13.5,13.949999809265137,9395555,13.5600004196167,0.3899993896484375,45.57563070139649,-0.3269258661094341,-0.11856745504198472,-0.20835841106744935,-10.231661238680564,14.874000072479248,14.215000019073486,17.174163790400243,14.874000072479248,12.573836354558253,10886151.0,1611108782.0,2.8761016045710535,0.7947951984428098,6.8146964858563015,0.5985270388839571
2024-05-10,PTC,PTC,13.90999984741211,15.0,13.90999984741211,14.670000076293944,20152162,13.949999809265137,0.7200002670288068,51.01096918139202,-0.26522643781474997,-0.14789925159653777,-0.1173271862182122,-1.9385024138606224,14.756500053405762,14.317400016784667,16.823343597457672,14.756500053405762,12.689656509353854,10205903.4,1631260944.0,5.1612923073347,8.185837922773608,9.641255237813787,0.5989738406313299
2024-05-13,PTC,PTC,14.989999771118164,14.989999771118164,14.369999885559082,14.479999542236328,3330582,14.670000076293944,-0.1900005340576154,49.603142384818504,-0.2290206441432865,-0.16412353010588754,-0.06489711403739895,-0.7539452309878916,14.644500064849854,14.397400016784667,16.494762854673326,14.644500064849854,12.794237275026385,9809826.2,1627930362.0,-1.2951638246045254,3.7992812918834793,1.046752402853317,0.598074811756233
2024-05-14,PTC,PTC,14.59000015258789,14.649999618530272,14.06999969482422,14.170000076293944,2627454,14.479999542236328,-0.3099994659423846,47.309000709442635,-0.22277366183605274,-0.17585355645192058,-0.04692010538413216,-3.8670264835491297,14.523500061035156,14.465200023651123,16.13978908472414,14.523500061035156,12.90721103734617,9305143.75,1625302908.0,-2.140880357338102,-3.40831627402632,2.384392486038719,0.6004157076197685
2024-05-15,PTC,PTC,14.199999809265137,14.470000267028809,13.899999618530272,13.989999771118164,5003551,14.170000076293944,-0.18000030517577947,45.97925096540041,-0.22969956999300045,-0.18662275916013657,-0.04307681083286388,-4.112408328956062,14.417500019073486,14.534400024414062,15.864949454743792,14.417500019073486,12.97005058340318,9192161.75,1620299357.0,-1.2702914905195766,-3.383976426856207,3.1710865648602953,0.5953576806300402
2024-05-16,PTC,PTC,14.1899995803833,14.390000343322754,13.550000190734863,14.029999732971191,2527186,13.989999771118164,0.039999961853027344,46.34020026819756,-0.2293173122474279,-0.19516166977759483,-0.034155642469833075,-2.63705842099063,14.311500024795532,14.593600025177002,15.514623460802502,14.311500024795532,13.10837658878856,8834007.45,1622826543.0,0.28591824522832215,-0.9880052404302326,0.5734761634399546,0.5954333387090825
2024-05-17,PTC,PTC,13.899999618530272,14.199999809265137,13.899999618530272,13.920000076293944,1057785,14.029999732971191,-0.10999965667724787,45.44101320937767,-0.23517942124440872,-0.20316522007095764,-0.03201420117345108,-1.2065299819228419,14.251000022888183,14.652800025939941,15.401357250616782,14.251000022888183,13.100642795159585,7667034.3,1621768758.0,-0.7840317802625701,-0.500355224942407,-5.1124744110394795,0.5565353265305099
2024-05-20,PTC,PTC,13.720000267028809,14.050000190734863,13.699999809265137,13.90999984741211,1992126,13.920000076293944,-0.010000228881834161,45.35485053401747,-0.23788987337512957,-0.21011015073179204,-0.02777972264333753,6.508418074157742,14.210500001907349,14.703200016021729,15.348299649035368,14.210500001907349,13.072700354779329,7257895.5,1619776632.0,-0.07184072433206926,-0.8553092504847051,-3.9364621052756372,0.5495833882392298
2024-05-21,PTC,PTC,13.8100004196167,14.75,13.800000190734863,14.449999809265137,13482176,13.90999984741211,0.5399999618530273,50.78190794258772,-0.1942255312399812,-0.2069332268334299,0.012707695593448698,7.997008114143268,14.155999994277954,14.75060001373291,15.116227837127202,14.155999994277954,13.195772151428706,6982434.0,1633258808.0,3.8820989775459407,3.807469325189114,1.97600375062542,0.5288389288669157
2024-05-22,PTC,PTC,14.449999809265137,14.550000190734863,13.899999618530272,13.989999771118164,2896984,14.449999809265137,-0.46000003814697266,46.541550503047,-0.19449733994650487,-0.20444604945604491,0.009948709509540049,-2.3726458785629974,14.107499980926514,14.786000003814697,14.9917210953323,14.107499980926514,13.223278866520728,6846674.9,1630361824.0,-3.1833913094727313,0.5751252665968815,0.0,0.5244690636652916
2024-05-23,PTC,PTC,13.850000381469728,14.199999809265137,13.75,14.06999969482422,2130108,13.989999771118164,0.07999992370605646,47.36471535316723,-0.18611204128763958,-0.20077924782236387,0.01466720653472428,1.6618463851196066,14.08149995803833,14.825399990081786,14.936067005454504,14.08149995803833,13.226932910622157,6588166.2,1632491932.0,0.571836490456657,-2.6297586121576657,0.28510308349491437,0.5187092499790332
2024-05-24,PTC,PTC,13.9399995803833,14.15999984741211,13.850000381469728,14.010000228881836,896284,14.06999969482422,-0.05999946594238459,46.78288026186775,-0.18220771009119652,-0.19706494027613042,0.0148572301849339,3.318582561503024,14.044999980926514,14.86359998703003,14.841531702814484,14.044999980926514,13.248468259038544,6221426.45,1631595648.0,-0.42643544594003047,0.14296253102849993,0.6465528167716362,0.5169660280570145
2024-05-27,PTC,PTC,14.029999732971191,14.15999984741211,13.8100004196167,14.010000228881836,2603226,14.010000228881836,0.0,46.78288026186775,-0.17707232000747197,-0.19306641622239873,0.015994096214926756,0.43011054076752664,14.01599998474121,14.899599990844727,14.770087516144203,14.01599998474121,13.261912453338217,6064463.7,1631595648.0,0.0,-0.42643544594003047,0.7189100112630926,0.5161016358897152
2024-05-28,PTC,PTC,14.010000228881836,14.010000228881836,14.010000228881836,14.010000228881836,0,14.010000228881836,0.0,46.78288026186775,-0.1710309480614498,-0.18865932259020896,0.01762837452875915,-4.498976441579148,13.996000003814697,14.915799999237061,14.726951531385712,13.996000003814697,13.265048476243681,5622153.5,1631595648.0,0.0,0.0,-3.044979835232795,0.5145294212606836
2024-05-29,PTC,PTC,14.199999809265137,14.199999809265137,13.600000381469728,13.720000267028809,4015656,14.010000228881836,-0.28999996185302734,43.55312989921444,-0.18748250890043394,-0.18842395985225396,0.000941450951820022,-5.248613944984582,13.977500009536744,14.932200012207032,14.717111995342135,13.977500009536744,13.237888023731353,5643501.8,1627579992.0,-2.0699497295880684,-2.0699497295880684,-1.9299464510840054,0.5137291159992728
2024-05-30,PTC,PTC,13.789999961853027,13.899999618530272,13.640000343322754,13.770000457763672,1795361,13.720000267028809,0.05000019073486328,44.26754167245262,-0.194246736406253,-0.1895885151630538,-0.004658221243199201,-2.8228625008934265,14.013000011444092,14.955800018310548,14.624197031814749,14.013000011444092,13.401802991073435,5270469.2,1629375353.0,0.36443286998340035,-1.7130604368114195,-2.132190785838511,0.43704538254214914
2024-05-31,PTC,PTC,13.789999961853027,14.020000457763672,13.510000228881836,13.9399995803833,3795994,13.770000457763672,0.1699991226196289,46.735871899622126,-0.18377152325846247,-0.18842511678213555,0.0046535935236730885,-0.35739951074257215,14.04099998474121,14.963800010681153,14.576749093807168,14.04099998474121,13.505250875675253,5267188.4,1633171347.0,1.2345614885131075,1.603493506360806,-0.49964773272614027,0.4312054033859645
2024-06-03,PTC,PTC,13.8100004196167,14.350000381469728,13.800000190734863,14.079999923706056,3545557,13.9399995803833,0.14000034332275568,48.748969217884266,-0.16230206650144474,-0.18320050672599741,0.020898440224552672,0.356380553717062,14.028499984741211,14.981600017547608,14.547254321261054,14.028499984741211,13.509745648221369,4741024.75,1636716904.0,1.0043066537804455,2.251266925467701,0.49964092562907353,0.34903222944497564
2024-06-04,PTC,PTC,14.100000381469728,14.100000381469728,13.699999809265137,13.75,2583245,14.079999923706056,-0.32999992370605646,44.48142471117441,-0.1699564510871543,-0.18055169559822878,0.010595244511074492,-1.221264909211152,14.023999977111817,14.972800025939941,14.551133006617833,14.023999977111817,13.4968669476058,4425320.1,1634133659.0,-2.3437494708394557,-1.3629812489425948,-1.8558188767609107,0.3372103235139792
2024-06-05,PTC,PTC,13.93000030517578,13.93000030517578,13.550000190734863,13.649999618530272,2651723,13.75,-0.10000038146972834,43.24595911546777,-0.1819938888018946,-0.18084013423896195,-0.0011537545629326518,-1.869160544456868,14.028499937057495,14.940800018310547,14.540267674745127,14.028499937057495,13.516732199369862,4324135.75,1631481936.0,-0.7272755015980242,-3.053979456717231,-0.5102087983683123,0.33001755067838234
2024-06-06,PTC,PTC,13.729999542236328,13.729999542236328,13.010000228881836,13.229999542236328,1198962,13.649999618530272,-0.42000007629394354,38.419426545252314,-0.2228552049061019,-0.18924314837238995,-0.03361205653371194,-8.442908533788088,13.992499923706054,14.877600021362305,14.616506523467912,13.992499923706054,13.368493323944197,3914306.1,1630282974.0,-3.0769237218423156,-3.781821511008523,-3.9215751457937356,0.33013625298831495
2024-06-07,PTC,PTC,13.25,13.25,12.699999809265137,13.039999961853027,2773228,13.229999542236328,-0.18999958038330078,36.43819809295257,-0.2674860577829232,-0.20489173025449664,-0.06259432752842659,-6.79056343679416,13.91099991798401,14.821600017547608,14.586118593791571,13.91099991798401,13.235881242176447,3045359.4,1627509746.0,-1.4361268855432197,-4.468862078568501,-6.456238490830189,0.26312048509448893
2024-06-10,PTC,PTC,13.15999984741211,13.15999984741211,12.369999885559082,12.539999961853027,1330250,13.039999961853027,-0.5,31.791945381419993,-0.3392910159310567,-0.2317715873898087,-0.10751942854124802,-10.874198764439331,13.813999938964844,14.779400024414063,14.676393207934803,13.813999938964844,12.951606669994886,2945342.8,1626179496.0,-3.834355839437812,-5.215416509883468,-10.937499788335789,0.28672754435085934
2024-06-11,PTC,PTC,12.800000190734863,12.800000190734863,11.65999984741211,11.899999618530272,3991148,12.539999961853027,-0.6400003433227557,27.039292044924935,-0.44273605593119747,-0.27396448109808647,-0.168771574833111,-15.060675059817378,13.70049991607666,14.695400009155273,14.898014556282982,13.70049991607666,12.502985275870339,3013527.5,1622188348.0,-5.103671014909502,-8.742333946761436,-13.454548228870753,0.32340160575027005
2024-06-12,PTC,PTC,11.880000114440918,12.300000190734863,11.600000381469728,12.1899995803833,2140163,11.899999618530272,0.2899999618530291,31.99985845109181,-0.4956034144623356,-0.31829226777093633,-0.17731114669139925,-12.990725330229298,13.610499906539918,14.593000011444092,14.975282310857734,13.610499906539918,12.245717502222101,2870358.1,1624328511.0,2.4369745474735236,-2.7910716310561074,-10.695971274350647,0.34316939264815927
2024-06-13,PTC,PTC,12.279999732971191,13.229999542236328,12.050000190734863,13.079999923706056,5626000,12.1899995803833,0.8900003433227557,44.47645969494873,-0.4603786290639782,-0.34670954002954474,-0.11366908903443346,-6.638117701515587,13.56299991607666,14.486200008392334,14.932427183869132,13.56299991607666,12.193572648284187,3025298.8,1629954511.0,7.301069515662531,9.9159692689261,-1.1337840039329021,0.4443503540483109
2024-06-14,PTC,PTC,12.800000190734863,13.18000030517578,12.0,12.0600004196167,7152021,13.079999923706056,-1.0199995040893572,36.26425589173956,-0.5089018644306371,-0.3791480049097632,-0.12975385952087393,-12.09912401679273,13.469999933242798,14.362000007629394,14.982502278382082,13.469999933242798,11.957497588103514,3330010.6,1622802490.0,-7.798161391734573,-1.066441060226139,-7.515333934840494,0.5178787574319981
2024-06-20,PTC,PTC,12.0600004196167,12.31999969482422,12.050000190734863,12.220000267028809,1403018,12.0600004196167,0.15999984741210938,38.19212529196585,-0.5283556722385274,-0.40898953837551605,-0.11936613386301137,-11.256355404555974,13.385499954223633,14.267600002288818,14.981052667976359,13.385499954223633,11.789947240470907,3300555.2,1624205508.0,1.3266985227616985,-6.574920960959591,-2.5518317049255606,0.5223590948814978
2024-06-21,PTC,PTC,12.31999969482422,12.390000343322754,12.140000343322754,12.289999961853027,1368799,12.220000267028809,0.06999969482421875,39.060593709955,-0.5319920910508849,-0.43359004891058983,-0.09840204214029502,-11.836439513615138,13.277499961853028,14.184200019836426,14.862042102003642,13.277499961853028,11.692957821702414,2694886.35,1625574307.0,0.5728289140311008,1.9071271495332016,3.2773139144934134,0.4973590740858105
2024-06-24,PTC,PTC,12.300000190734863,12.380000114440918,12.100000381469728,12.149999618530272,966683,12.289999961853027,-0.14000034332275568,37.913185039390605,-0.5399466677523996,-0.45486137267895177,-0.08508529507344786,-13.707388605352927,13.185499954223634,14.099799995422364,14.809043611847523,13.185499954223634,11.561956296599744,2598371.3,1624607624.0,-1.139140307219717,-0.5728367182397535,-0.32813751624240306,0.4893740040209414
2024-06-25,PTC,PTC,12.029999732971191,12.170000076293944,11.850000381469728,11.9399995803833,985792,12.149999618530272,-0.21000003814697088,36.19563105487883,-0.556777787382094,-0.4752446556195803,-0.08153313176251376,-13.163639415394176,13.078999948501586,14.014799976348877,14.737317606138172,13.078999948501586,11.420682290865,2541155.5,1623621832.0,-1.728395429961121,-2.847846888170008,-8.715599005903899,0.48852304782519834
2024-06-26,PTC,PTC,12.09000015258789,12.100000381469728,11.479999542236328,11.600000381469728,2333571,11.9399995803833,-0.33999919891357244,33.54589444935064,-0.5907419592288665,-0.49834411634143755,-0.09239784288742897,-15.01830984872417,12.958499956130982,13.906399974822998,14.680974072580016,12.958499956130982,11.236025839681949,2613019.85,1621288261.0,-2.8475645800873446,-4.526742833981044,-3.814262206813347,0.4937816470320487
2024-06-27,PTC,PTC,11.699999809265137,11.949999809265137,10.850000381469728,11.010000228881836,12361457,11.600000381469728,-0.5900001525878924,29.50889726381324,-0.65768550251493,-0.530212393576136,-0.12747310893879393,-16.780040742006218,12.808499956130982,13.792199993133545,14.662874840288364,12.808499956130982,10.9541250719736,3100931.4,1608926804.0,-5.086208044703003,-7.788939566039832,-9.901800423128584,0.5141640737052752
2024-06-28,PTC,PTC,11.489999771118164,12.010000228881836,11.0,12.010000228881836,70992434,11.010000228881836,1.0,42.20431618894303,-0.6228670762858926,-0.5487433301180873,-0.07412374616780526,-7.898770981474949,12.708499956130982,13.700599994659424,14.504861976333082,12.708499956130982,10.912137935928882,6650553.1,1679919238.0,9.08265194560817,3.5344813269752695,-2.2782728546809077,0.629249765249647
2024-07-01,PTC,PTC,12.170000076293944,12.899999618530272,12.050000190734863,12.649999618530272,30206071,12.010000228881836,0.6399993896484357,48.586301776246444,-0.5374353998520309,-0.546481744064876,0.009046344212845114,0.8771902473035553,12.654999923706054,13.631399974822997,14.387105290160742,12.654999923706054,10.922894557251366,7960073.85,1710125309.0,5.3288874059249,14.895543647186576,4.115226466653031,0.6617510715249003
2024-07-02,PTC,PTC,12.770000457763672,12.93000030517578,12.479999542236328,12.630000114440918,13241410,12.649999618530272,-0.019999504089353692,48.40641976873442,-0.465972532318645,-0.5303799017156299,0.06440736939698488,6.1344581454768665,12.597999906539917,13.56099998474121,14.24872966623034,12.597999906539917,10.947270146849494,8532376.3,1696883899.0,-0.15809885132373874,5.162363644824057,5.7788991482985175,0.6612904321531267
2024-07-03,PTC,PTC,12.699999809265137,12.729999542236328,12.300000190734863,12.369999885559082,7296389,12.630000114440918,-0.26000022888183594,46.02097751232883,-0.4254136368990906,-0.5093866487523221,0.08397301185323147,1.4766227347984975,12.519499921798706,13.505799980163575,14.046181389671201,12.519499921798706,10.992818453926212,8707396.05,1689587510.0,-2.0585924507202207,-2.213436691025933,6.637926541100632,0.6611589948440445
2024-07-04,PTC,PTC,12.5,12.869999885559082,12.31999969482422,12.369999885559082,11832711,12.369999885559082,0.0,46.02097751232883,-0.38878870587922165,-0.48526706017770205,0.0964783542984804,-5.428134879880066,12.433999919891358,13.45879997253418,13.772662052021788,12.433999919891358,11.095337787760927,9121753.75,1689587510.0,0.0,-2.0585924507202207,12.352403527746032,0.6590573524678982
2024-07-05,PTC,PTC,12.34000015258789,12.699999809265137,12.31999969482422,12.43000030517578,6754595,12.369999885559082,0.06000041961669744,46.723645821768386,-0.35087696057082063,-0.45838904025632576,0.10751207968550514,3.0679923108231524,12.367999935150147,13.396599979400635,13.555045561937405,12.367999935150147,11.180954308362889,9330321.25,1696342105.0,0.4850478591090595,0.4850478591090595,3.4970863304725075,0.6565728130861954
2024-07-08,PTC,PTC,12.5600004196167,12.899999618530272,12.350000381469728,12.68000030517578,6511831,12.43000030517578,0.25,49.66383887441416,-0.29723240842810483,-0.4261577138906816,0.12892530546257674,3.764321015508587,12.319499969482422,13.350999984741211,13.355676481540508,12.319499969482422,11.283323457424336,9523326.65,1702853936.0,2.0112630238303493,2.50606647117755,0.23715958537707382,0.6620627739399444
2024-07-09,PTC,PTC,12.720000267028809,13.5600004196167,12.520000457763672,13.130000114440918,17895384,12.68000030517578,0.4499998092651385,54.52834864901981,-0.2159185163130548,-0.38410987437515626,0.16819135806210145,6.83482632380122,12.314499998092652,13.321799983978272,13.332991596733434,12.314499998092652,11.29600839945187,10358147.75,1720749320.0,3.548894309422497,5.63153493225308,3.958828150985596,0.6667770919279805
2024-07-10,PTC,PTC,13.25,13.350000381469728,12.550000190734863,12.6899995803833,11175103,13.130000114440918,-0.4400005340576172,49.49196038560962,-0.1848501988108353,-0.3442579392622921,0.15940774045145678,4.444444270018424,12.296999979019166,13.280799980163573,13.274194580542108,12.296999979019166,11.319805377496223,10778241.5,1709574217.0,-3.3511083794560395,0.07885863538536161,2.5869013563839323,0.6758232467390375
2024-07-11,PTC,PTC,12.600000381469728,12.84000015258789,12.399999618530272,12.56999969482422,5129704,12.6899995803833,-0.11999988555908025,48.18482827135737,-0.16797500988576708,-0.3090013533869871,0.14102634350122,5.276383053446433,12.298499965667725,13.240399971008301,13.277355793758545,12.298499965667725,11.319644137576905,10968214.2,1704444513.0,-0.9456256069904115,-4.265045047492314,1.6168133477399718,0.662009927934277
2024-07-12,PTC,PTC,12.68000030517578,13.0600004196167,11.920000076293944,12.949999809265137,8856632,12.56999969482422,0.3800001144409162,52.46612769296449,-0.12252606345191452,-0.2717062953999726,0.14918023194805807,11.637925718967628,12.350999975204468,13.211199970245362,13.352239047281145,12.350999975204468,11.349760903127791,11211488.4,1713301145.0,3.0230717873237793,2.0488592393947314,4.183423099940171,0.6398651637197988
2024-07-15,PTC,PTC,12.949999809265137,13.43000030517578,12.949999809265137,13.010000228881836,8852269,12.949999809265137,0.06000041961669922,53.12472168301874,-0.08073524786107455,-0.233512085892193,0.15277683803111844,18.16530389121634,12.392000007629395,13.18959997177124,13.431890551610264,12.392000007629395,11.352109463648526,11547093.7,1722153414.0,0.46332371042794646,3.500402106125655,2.6025229949825444,0.6357640310844492
2024-07-16,PTC,PTC,13.010000228881836,13.010000228881836,13.010000228881836,13.010000228881836,0,13.010000228881836,0.0,53.12472168301875,-0.047073096069265574,-0.19622428792760752,0.14915119185834194,8.326394512426273,12.388500022888184,13.188599967956543,13.419070025875467,12.388500022888184,11.357930019900902,11265793.7,1722153414.0,0.0,0.46332371042794646,-0.9139366680362873,0.5811518767441863
2024-07-17,PTC,PTC,13.010000228881836,13.010000228881836,13.010000228881836,13.010000228881836,0,13.010000228881836,0.0,53.12472168301875,-0.02016316978144772,-0.16101206429837558,0.14084889451692786,2.845854713103862,12.43600001335144,13.18119997024536,13.490122702439852,12.43600001335144,11.38187732426303,10908192.65,1722153414.0,0.0,0.0,2.5216758004720874,0.5022897041592299
2024-07-18,PTC,PTC,13.149999618530272,14.100000381469728,13.020000457763672,13.699999809265137,25028450,13.010000228881836,0.6899995803833008,60.904839259177685,0.05619258708182606,-0.11757113402233525,0.17376372110416133,8.471889826832227,12.509999990463257,13.168599967956544,13.699391627858262,12.509999990463257,11.320608353068252,12089464.25,1747181864.0,5.303609287043063,5.303609287043063,8.989659044353049,0.5307734115474599
2024-07-19,PTC,PTC,13.720000267028809,13.789999961853027,12.800000190734863,12.93000030517578,9509676,13.699999809265137,-0.7699995040893572,50.77663367120386,0.0539506402857306,-0.08326677916072209,0.1372174194464527,4.52708508324604,12.542000007629394,13.150399971008301,13.740869602271474,12.542000007629394,11.343130412987314,12496508.1,1737672188.0,-5.620434414667775,-0.6149110092131964,-0.1544363272889665,0.575248369970858
2024-07-22,PTC,PTC,12.979999542236328,12.989999771118164,12.399999618530272,12.470000267028809,2981630,12.93000030517578,-0.4600000381469709,45.86920469660505,0.014884147413411597,-0.06363659384589535,0.07852074125930694,0.8084105286570654,12.55800004005432,13.128599967956543,13.743306492579327,12.55800004005432,11.372693587529314,12597255.45,1734690558.0,-3.557618153828167,-8.978098973435715,-4.150652977347707,0.589587124370085
2024-07-23,PTC,PTC,12.420000076293944,12.899999618530272,12.420000076293944,12.600000381469728,2412593,12.470000267028809,0.13000011444091975,47.415935794843215,-0.005522744111361888,-0.052013823898988655,0.04649107978762677,1.3676594699934306,12.591000080108643,13.101599979400635,13.7400572215618,12.591000080108643,11.441942938655485,12668595.5,1737103151.0,1.0425029002176156,-2.552203526042878,-3.1514207547969098,0.5857920701661309
2024-07-24,PTC,PTC,12.600000381469728,12.880000114440918,12.40999984741211,12.520000457763672,2632938,12.600000381469728,-0.07999992370605646,46.534728436570994,-0.02782987247784874,-0.04717703361476067,0.019347161136911935,-1.261828419253256,12.63700008392334,13.058599987030028,13.688537207395754,12.63700008392334,11.585462960450926,12683563.85,1734470213.0,-0.634920010190705,0.4009638305066106,-3.766331764010106,0.5750235579540803
2024-07-25,PTC,PTC,12.600000381469728,12.6899995803833,12.359999656677246,12.40999984741211,1427639,12.520000457763672,-0.1100006103515625,45.288404279214134,-0.05376479527191336,-0.048494585946191215,-0.005270209325722142,-5.48362727154071,12.707000064849854,13.017199993133545,13.440932467038996,12.707000064849854,11.973067662660712,12136872.95,1733042574.0,-0.8785990920898965,-1.5079407008355687,-9.416058246808271,0.5396637940913916
2024-07-26,PTC,PTC,12.5,12.5,11.90999984741211,12.100000381469728,4528573,12.40999984741211,-0.30999946594238104,41.88391745116267,-0.09820077713421149,-0.05843582418379528,-0.03976495295041621,-4.649324022245173,12.711500072479248,12.975799999237061,13.428343225709279,12.711500072479248,11.994656919249218,8813679.9,1728514001.0,-2.4979812228364056,-3.354633074581885,-6.419179459522585,0.4486674014894414
2024-07-29,PTC,PTC,12.100000381469728,12.5,12.050000190734863,12.270000457763672,5845036,12.100000381469728,0.17000007629394354,44.3543266485638,-0.11833493601559297,-0.07041564655015482,-0.04791928946543815,-2.3866288332852967,12.692500114440918,12.941400012969972,13.435860074130291,12.692500114440918,11.949140154751545,7595628.15,1734359037.0,1.4049592639210682,-1.128117577516586,-1.6038476742774772,0.40745365873010264
2024-07-30,PTC,PTC,12.270000457763672,12.390000343322754,12.100000381469728,12.3100004196167,2023054,12.270000457763672,0.039999961853027344,44.94731506832323,-0.1295701354926102,-0.08224654433864591,-0.0473235911539643,-4.942080301735194,12.676500129699708,12.907000026702882,13.439051790380834,12.676500129699708,11.913948469018582,7034710.35,1736382091.0,0.325998046949688,1.7355374506315773,-2.3015869291521565,0.4077574581101318
2024-07-31,PTC,PTC,12.25,12.25,11.800000190734863,11.890000343322754,2453797,12.3100004196167,-0.4200000762939453,40.113601204940096,-0.17040033905511542,-0.09987730328193982,-0.0705230357731756,-8.608761459302004,12.65250015258789,12.866400032043456,13.48286766203254,12.65250015258789,11.822132643143242,6792580.75,1733928294.0,-3.4118607796686247,-3.096985332225299,-5.031949611872848,0.4190654835906957
2024-08-01,PTC,PTC,12.0,12.170000076293944,11.619999885559082,12.0600004196167,1813570,11.890000343322754,0.1700000762939453,42.79520167636126,-0.18688667092758848,-0.11727917681106956,-0.06960749411651893,-7.3020737321446285,12.637000179290771,12.82940004348755,13.500483699723112,12.637000179290771,11.77351665885843,6291623.7,1735741864.0,1.4297735187990537,-2.030869142795564,-2.8203016285161073,0.42286573676283945
2024-08-02,PTC,PTC,12.18000030517578,12.199999809265137,11.960000038146973,12.010000228881836,2239514,12.0600004196167,-0.05000019073486328,42.19671872377284,-0.2016621692802847,-0.1341557753049126,-0.06750639397537209,-7.68639494548223,12.616000175476074,12.780600051879883,13.520151768436532,12.616000175476074,11.711848582515616,6065869.65,1733502350.0,-0.4145952652997704,1.0092504801858324,-0.7438028905000788,0.42244028149441637
2024-08-05,PTC,PTC,12.18000030517578,12.18000030517578,11.710000038146973,11.779999732971191,2950701,12.010000228881836,-0.23000049591064453,39.46279529728363,-0.22928788795654498,-0.15318219783523906,-0.07610569012130591,-14.014599292150892,12.571000146865845,12.736400051116943,13.548362726924498,12.571000146865845,11.593637566807192,5887813.15,1730551649.0,-1.915074867005712,-2.321730322579931,-3.993485790641836,0.41892195578411
2024-08-06,PTC,PTC,11.899999618530272,12.239999771118164,11.75,11.84000015258789,5650129,11.779999732971191,0.06000041961669922,40.54499224376446,-0.2435326438963692,-0.1712522870474651,-0.0722803568489041,-8.430008715093148,12.506500148773194,12.691800060272216,13.498685795034834,12.506500148773194,11.514314502511553,5275550.4,1736201778.0,0.5093414344379252,-1.415487702365954,-3.818036157657931,0.39474960384914637
2024-08-07,PTC,PTC,11.979999542236328,12.25,11.789999961853027,12.15999984741211,2212986,11.84000015258789,0.31999969482421875,46.08110450020969,-0.22639072324904141,-0.18227997428778037,-0.04411074896126105,-2.4859696309418133,12.480000162124634,12.654800052642821,13.479831634836634,12.480000162124634,11.480168689412634,4827444.55,1738414764.0,2.7027000903735274,3.225807496220317,2.2708115752156655,0.39496743821244695
2024-08-08,PTC,PTC,12.199999809265137,12.25,11.800000190734863,11.859999656677246,2657156,12.15999984741211,-0.3000001907348633,42.1212906711899,-0.2343121314244403,-0.19268640571511236,-0.04162572570932793,-5.873021447529232,12.444500160217284,12.61180004119873,13.480636183987311,12.444500160217284,11.408364136447258,4703817.15,1735757608.0,-2.4671068626592896,0.16891472830753418,-1.6583810611990817,0.4024818683900918
2024-08-09,PTC,PTC,11.949999809265137,12.050000190734863,11.699999809265137,11.75,1519919,11.859999656677246,-0.1099996566772461,40.73894656562616,-0.24662304056831452,-0.2034737326857528,-0.043149307882561716,-6.150163175802389,12.384500169754029,12.566600036621093,13.436245129240417,12.384500169754029,11.33275521026764,4336981.5,1734237689.0,-0.9274844844984096,-3.3717093137905385,-2.1648644789912934,0.38373888447717114
2024-08-12,PTC,PTC,11.75,11.949999809265137,11.609999656677246,11.670000076293944,1384559,11.75,-0.07999992370605646,39.71804175726272,-0.2598395810699152,-0.2147469023625853,-0.045092678707329914,-5.962931347436559,12.317500162124634,12.525600032806397,13.372191483713209,12.317500162124634,11.26280884053606,3963596.0,1732853130.0,-0.6808504145196295,-1.6020201170607262,-0.9337831848108488,0.38224503347670996
2024-08-13,PTC,PTC,11.800000190734863,11.800000190734863,11.329999923706056,11.43000030517578,7758704,11.670000076293944,-0.23999977111816406,36.743234849476615,-0.2863785665541556,-0.22907323520089937,-0.057305331353256245,-5.537190538605316,12.238500165939332,12.47880002975464,13.311327727390374,12.238500165939332,11.16567260448829,4351531.2,1725094426.0,-2.0565532951939884,-2.7234016580784726,-3.462836504461503,0.3855310971294265
2024-08-15,PTC,PTC,11.5,12.56999969482422,11.399999618530272,12.56999969482422,14249013,11.43000030517578,1.139999389648441,54.26559087902608,-0.21296752333989133,-0.22585209282869775,0.012884569488806424,2.444981465919411,12.21650013923645,12.451400032043457,13.239607347275793,12.21650013923645,11.193392931197106,5063981.85,1739343439.0,9.973747674636735,7.712078942985672,3.371709313790553,0.5387976014877189
2024-08-16,PTC,PTC,12.600000381469728,13.399999618530272,12.220000267028809,12.420000076293944,21231669,12.56999969482422,-0.149999618530277,52.21603560013127,-0.1649905499540374,-0.21367978425376571,0.04868923429972832,0.8935796338556861,12.15250015258789,12.418200035095214,12.910721852358122,12.15250015258789,11.394278452817659,4874142.8,1718111770.0,-1.1933144166426695,8.661415089113063,4.721757469035119,0.5000427577159993
2024-08-19,PTC,PTC,12.479999542236328,12.579999923706056,11.880000114440918,11.960000038146973,3613704,12.420000076293944,-0.4600000381469709,46.42519947609169,-0.16221667869247014,-0.20338716314150662,0.04117048444903648,0.5887274415726113,12.104000139236451,12.382400035858154,12.771482522113844,12.104000139236451,11.436517756359057,4579344.2,1714498066.0,-3.7037039880939537,-4.8528215710969285,1.787234367208278,0.4778594447896584
2024-08-20,PTC,PTC,12.050000190734863,12.890000343322754,11.779999732971191,12.5600004196167,8449355,11.960000038146973,0.6000003814697266,53.646253047160315,-0.11033151631967009,-0.18477603377713933,0.07444451745746924,4.145936837503786,12.108500146865845,12.360600051879883,12.78748633154586,12.108500146865845,11.42951396218583,4852730.45,1722947421.0,5.016725581571887,1.1272169280415252,7.62639535136485,0.4979678810429117
2024-08-21,PTC,PTC,12.920000076293944,13.81999969482422,12.760000228881836,13.4399995803833,33657902,12.5600004196167,0.8799991607666016,61.782400704303214,0.0017759543904851682,-0.14746563614361444,0.1492415905340996,11.906738753114926,12.150500106811524,12.364800052642822,13.0313960578114,12.150500106811524,11.269604155811649,6414995.9,1756605323.0,7.006362510881643,12.374578072874593,17.585295026609447,0.5549731390711071
2024-08-22,PTC,PTC,13.489999771118164,13.489999771118164,12.859999656677246,12.960000038146973,7407687,13.4399995803833,-0.4799995422363281,56.00775444876973,0.05129864226829994,-0.10771278046123156,0.1590114227295315,10.016980746383748,12.172500085830688,12.3632000541687,13.112261938223352,12.172500085830688,11.232738233438024,6653733.35,1749197636.0,-3.5714252769540553,3.1847102322189293,3.1026281049420974,0.5716302008359572
2024-08-23,PTC,PTC,12.949999809265137,13.239999771118164,12.649999618530272,12.710000038146973,5576890,12.960000038146973,-0.25,53.21777388255333,0.06957084909828914,-0.07225605454932742,0.14182690364761658,7.347971911714247,12.187500095367431,12.36660005569458,13.152462452694449,12.187500095367431,11.222537738040414,6861195.9,1743620746.0,-1.9290123400010815,-5.4315443826487755,2.334943317806834,0.5755409620033138
2024-08-26,PTC,PTC,12.800000190734863,12.859999656677246,12.399999618530272,12.550000190734863,2463954,12.710000038146973,-0.15999984741210938,51.45127486205355,0.07033032987981258,-0.04373877766349942,0.11406910754331201,3.2072397057287283,12.21000008583069,12.379600067138671,13.187278669753068,12.21000008583069,11.23272150190831,6757964.95,1741156792.0,-1.2588500938780187,-3.163579060226078,4.933111627977073,0.5695432749850163
2024-08-27,PTC,PTC,12.630000114440918,12.989999771118164,12.380000114440918,12.829999923706056,3760812,12.550000190734863,0.2799997329711932,54.30955515825271,0.09246004047409428,-0.016499014035980683,0.10895905451007497,8.178754596191702,12.238000059127808,12.392400074005128,13.253844906332018,12.238000059127808,11.222155211923598,6653753.75,1744917604.0,2.23107353558373,0.944137570408528,2.14967750851076,0.5725276885977935
2024-08-28,PTC,PTC,12.890000343322754,12.890000343322754,12.329999923706056,12.390000343322754,5707363,12.829999923706056,-0.43999958038330256,49.388768761212866,0.07364477551910475,0.0015297438750364045,0.07211503164406835,5.4468114325340755,12.24200005531311,12.378600082397462,13.259667006794633,12.24200005531311,11.224333103831587,6837969.2,1739210241.0,-3.429458947776867,-1.2748991631906947,-7.812494567284811,0.5874801310863419
2024-08-29,PTC,PTC,12.329999923706056,12.529999732971191,12.020000457763672,12.079999923706056,4445833,12.390000343322754,-0.31000041961669744,46.21184851978852,0.033334836163074755,0.007890762332644075,0.02544407383043068,3.513280588960519,12.251500034332276,12.379000072479249,13.258826236453114,12.251500034332276,11.244173832211438,6937571.0,1734764408.0,-2.5020210736617416,-5.845674235852654,-6.790124319835565,0.5811290581141481
2024-08-30,PTC,PTC,12.109999656677246,12.489999771118164,12.020000457763672,12.220000267028809,3845740,12.079999923706056,0.14000034332275213,47.84353881835674,0.01254120922711266,0.008820851711537792,0.003720357515574868,6.911635527212525,12.25950002670288,12.379000072479249,13.262956579494967,12.25950002670288,11.256043473910795,7039179.5,1738610148.0,1.1589432467463214,-1.3720748311807927,-3.8552302883360383,0.5804115266040332
2024-09-02,PTC,PTC,12.25,12.3100004196167,11.899999618530272,11.949999809265137,1572806,12.220000267028809,-0.2700004577636719,45.007844521103564,-0.025431511746337065,0.00197037901996282,-0.027401890766299886,-4.932377888715246,12.256500005722046,12.37220006942749,13.26344998475828,12.256500005722046,11.249550026685812,7005844.1,1737037342.0,-2.2094963327633397,-1.0761598945526867,-4.7808794609635274,0.586103865908728
2024-09-03,PTC,PTC,11.8100004196167,12.100000381469728,11.8100004196167,11.960000038146973,1237071,11.949999809265137,0.010000228881835938,45.137544968831875,-0.05409466220793746,-0.009242629225617235,-0.044852032982320225,-3.7037039880939537,12.265500020980834,12.368400077819825,13.257626281163297,12.265500020980834,11.273373760798371,6920162.6,1738274413.0,0.0836839250330574,-2.1276614009850006,-6.78098122160999,0.5815477531359937
2024-09-04,PTC,PTC,11.899999618530272,12.279999732971191,11.899999618530272,11.989999771118164,1745863,11.960000038146973,0.029999732971191406,45.552414452539566,-0.07354194199402286,-0.022102491779298364,-0.0514394502147245,0.2508338869189454,12.273000001907349,12.369400081634522,13.253785852998337,12.273000001907349,11.29221415081636,6724949.3,1740020276.0,0.2508338869189454,0.33472771959388953,-3.2284145368902997,0.581400999497647
2024-09-05,PTC,PTC,11.90999984741211,12.100000381469728,11.84000015258789,11.920000076293944,10143776,11.989999771118164,-0.06999969482422053,44.70296791264201,-0.09352435119138924,-0.03638686366171654,-0.0571374875296727,-5.095543964498426,12.26100001335144,12.375800075531005,13.2534111256523,12.26100001335144,11.26858890105058,7121488.8,1729876500.0,-0.5838173157670752,-0.3344478405137742,-1.3245020564787067,0.5737265702972509
2024-09-06,PTC,PTC,11.8100004196167,12.15999984741211,11.800000190734863,11.850000381469728,1432838,11.920000076293944,-0.0699996948242152,43.82291140111631,-0.11369830156058391,-0.05184915124149002,-0.061849150319093896,-11.830351551753743,12.260500049591064,12.392600078582763,13.25377146924331,12.260500049591064,11.267228629938819,7060272.9,1728443662.0,-0.5872457581894485,-1.167634631534106,-3.0278222379208066,0.5670183772946641
2024-09-09,PTC,PTC,11.949999809265137,11.949999809265137,11.609999656677246,11.729999542236328,1438301,11.850000381469728,-0.12000083923340021,42.28601776980548,-0.13778111251164304,-0.06903554349552063,-0.06874556901612242,-9.490744539276333,12.25950002670288,12.387000064849854,13.254973362830611,12.25950002670288,11.26402669057515,7056192.0,1727005361.0,-1.0126652773872467,-1.593964201690581,-1.8410064480355628,0.5672220411811874
2024-09-10,PTC,PTC,11.699999809265137,12.020000457763672,11.699999809265137,11.970000267028809,1210475,11.729999542236328,0.24000072479248047,46.339343617429634,-0.1359338995979833,-0.08241521471601317,-0.05351868488197013,-5.822185435855047,12.274500036239624,12.373400077819824,13.241197500215021,12.274500036239624,11.307802572264228,7047487.8,1728215836.0,2.0460420644374913,1.012657229502949,0.08361395359481393,0.570808636233063
2024-09-11,PTC,PTC,12.100000381469728,12.100000381469728,11.770000457763672,11.800000190734863,921706,11.970000267028809,-0.1700000762939453,43.98301056104469,-0.1464988083916623,-0.095231933451143,-0.05126687494051929,-5.9760955267051985,12.293000030517579,12.356800079345703,13.204218907617413,12.293000030517579,11.381781153417744,6705637.9,1727294130.0,-1.4202178153847502,0.5967659951433341,-1.584650408759614,0.5679317938742319
2024-09-12,PTC,PTC,11.880000114440918,12.199999809265137,11.850000381469728,12.100000381469728,1719441,11.800000190734863,0.30000019073486506,48.91930123852348,-0.12917501734926695,-0.1020205502307678,-0.027154467118499157,-5.689786021646846,12.269500064849854,12.351400089263915,13.174863537332019,12.269500064849854,11.36413659236769,6079159.3,1729013571.0,2.5423744566582256,1.086049386306224,1.5100696646282978,0.44701725284505256
2024-09-13,PTC,PTC,12.100000381469728,12.449999809265137,11.899999618530272,11.9399995803833,2541017,12.100000381469728,-0.16000080108642756,46.562605354084035,-0.1268937632876277,-0.10699519284213978,-0.019898570445487915,-3.6319673161427195,12.24550004005432,12.3428000831604,13.15947281682429,12.24550004005432,11.331527263284352,5144626.7,1726472554.0,-1.3223206284477242,1.1864354863177238,0.7594868862140074,0.44743860697582244
2024-09-16,PTC,PTC,11.9399995803833,11.989999771118164,11.470000267028809,11.56999969482422,3264720,11.9399995803833,-0.36999988555908025,41.5747170800543,-0.15317603358834653,-0.11623136099138114,-0.03694467259696539,-4.2218562260170245,12.226000022888183,12.325600070953369,13.181326373975788,12.226000022888183,11.270673671800578,5127177.5,1723207834.0,-3.0988266211245747,-4.38017082592134,-1.364022622814217,0.4415607696620984
2024-09-17,PTC,PTC,11.56999969482422,11.56999969482422,11.56999969482422,11.56999969482422,0,11.56999969482422,0.0,41.5747170800543,-0.17202196007935555,-0.12738948080897602,-0.04463247927037953,-5.319153502462486,12.17649998664856,12.303400058746337,13.16110305064969,12.17649998664856,11.19189692264743,4704709.75,1723207834.0,0.0,-3.0988266211245747,-3.341692257989198,0.39774858601158986
2024-09-18,PTC,PTC,11.40999984741211,11.6899995803833,11.40999984741211,11.5,1270067,11.56999969482422,-0.06999969482422053,40.61998153985866,-0.190410944124336,-0.13999377347204803,-0.050417170652287985,-3.765688840565842,12.079500007629395,12.270800056457519,12.910212607213921,12.079500007629395,11.248787408044869,3085318.0,1721937767.0,-0.6050103428743782,-0.6050103428743782,-2.5423744566582105,0.2864638062309395
2024-09-19,PTC,PTC,11.5,11.68000030517578,11.020000457763672,11.130000114440918,2448560,11.5,-0.36999988555908203,35.9239787680586,-0.23216400290361427,-0.15842781935836128,-0.07373618354525299,-6.939798671059629,11.988000011444091,12.239600067138673,12.813478630779006,11.988000011444091,11.162521392109177,2837361.65,1719489207.0,-3.217390309209409,-3.8029351079424325,-8.016530879736957,0.282099240629316
2024-09-20,PTC,PTC,11.149999618530272,11.199999809265137,10.949999809265137,11.09000015258789,2185633,11.130000114440918,-0.039999961853027344,35.44687890135002,-0.26542164986820715,-0.17982658546033045,-0.0855950644078767,-7.506252174401344,11.907000017166137,12.210000076293944,12.751875684585455,11.907000017166137,11.062124349746819,2667798.8,1717303574.0,-0.3593886921989185,-3.565216064453125,-7.1189234310519405,0.27883122195840754
2024-09-23,PTC,PTC,11.050000190734863,11.609999656677246,11.050000190734863,11.489999771118164,2788590,11.09000015258789,0.39999961853027344,43.52427470856358,-0.2565446612555089,-0.19517020061936616,-0.06137446063614274,-3.6073850874459996,11.853999996185303,12.180800075531005,12.661188838781005,11.853999996185303,11.046811153589601,2684030.6,1720092164.0,3.606849531349485,3.2344982297902662,-0.6914427468986366,0.31608320854283095
2024-09-24,PTC,PTC,11.399999618530272,11.899999618530272,11.399999618530272,11.600000381469728,3246037,11.489999771118164,0.11000061035156428,45.54233141436906,-0.23789119230007216,-0.2037143989555074,-0.034176793344564776,-2.1097045734355757,11.792500019073486,12.152600078582763,12.46232728403573,11.792500019073486,11.122672754111242,2658291.85,1723338201.0,0.9573595521565396,4.598739602026312,0.2592972120727753,0.3049440050413324
2024-09-25,PTC,PTC,11.600000381469728,11.989999771118164,11.550000190734863,11.81999969482422,2677876,11.600000381469728,0.2199993133544922,49.43404338184677,-0.2030158375824911,-0.20357468668090414,0.0005588490984130556,0.7672647578870565,11.76399998664856,12.128800067901611,12.372480447942152,11.76399998664856,11.155519525354968,2506817.5,1726016077.0,1.8965457424115886,2.872062056394124,2.7826060419497436,0.2951856437578363
2024-09-26,PTC,PTC,11.899999618530272,12.199999809265137,11.5,11.600000381469728,4201557,11.81999969482422,-0.2199993133544922,45.90145692941488,-0.19092807369719367,-0.20104536408416207,0.010117290386968403,-3.0910599607774407,11.740000009536743,12.10060007095337,12.333686117135066,11.740000009536743,11.14631390193842,2494603.7,1721814520.0,-1.861246353930332,0.0,4.222823559714037,0.2894322205239123
2024-09-27,PTC,PTC,11.75,11.9399995803833,11.40999984741211,11.5600004196167,3236509,11.600000381469728,-0.03999996185302912,45.2680520473461,-0.18247266506083903,-0.1973308242794975,0.014858159218658462,-2.033896332532328,11.707000017166138,12.0578000831604,12.26034768334987,11.707000017166138,11.153652350982405,2464142.15,1718578011.0,-0.3448272460139445,-2.199655515400484,4.238054648891347,0.2850480313559888
2024-09-30,PTC,PTC,11.56999969482422,11.699999809265137,11.210000038146973,11.279999732971191,2139527,11.5600004196167,-0.2800006866455078,41.002729248676346,-0.19610483369569032,-0.19708562616273606,0.0009807924670457435,-6.776864649973965,11.67350001335144,12.024800071716308,12.245708132844946,11.67350001335144,11.101291893857933,2492478.2,1716438484.0,-2.4221511806380365,-2.7586261894414923,-1.8276766086178626,0.28706788004900113
2024-10-01,PTC,PTC,11.3100004196167,12.0,11.300000190734863,11.84000015258789,2345683,11.279999732971191,0.5600004196166992,50.9558876462235,-0.15987809663168484,-0.18964412025652583,0.029766023624840987,-0.837516175123684,11.667500019073486,12.01220006942749,12.22948431565108,11.667500019073486,11.105515722495893,2547908.8,1718784167.0,4.964542844622862,2.422142930860512,2.06896347608356,0.342106927336539
2024-10-02,PTC,PTC,11.899999618530272,12.399999618530272,11.800000190734863,11.880000114440918,6088688,11.84000015258789,0.039999961853027344,51.58419488106963,-0.12648247266868395,-0.17701179073895745,0.0505293180702735,2.6793468262179343,11.662000036239624,11.997800064086913,12.212735499499617,11.662000036239624,11.11126457297963,2765050.05,1724872855.0,0.33783751129669093,5.319152443913085,0.5076177763606087,0.34221508001269313
2024-10-03,PTC,PTC,11.989999771118164,12.1899995803833,11.899999618530272,12.09000015258789,2843550,11.880000114440918,0.21000003814697266,54.854190047912724,-0.08212427452448345,-0.15803428749606266,0.0759100129715792,4.4943860974887455,11.670500040054321,11.989200057983398,12.242825939569816,11.670500040054321,11.098174140538827,2400038.75,1727716405.0,1.7676770717510675,2.1114864592747242,4.224135819003128,0.3472571511963052
2024-10-04,PTC,PTC,12.0,12.18000030517578,11.81999969482422,11.949999809265137,2009032,12.09000015258789,-0.1400003433227539,52.317310914243826,-0.05760292986717097,-0.13794801597028433,0.08034508610311336,3.913041819696841,11.675500011444091,11.980000057220458,12.256115872606724,11.675500011444091,11.094884150281459,2428848.45,1725707373.0,-1.157984628253181,0.5892230147298528,3.373697019825618,0.3493256801670716
2024-10-07,PTC,PTC,11.949999809265137,12.109999656677246,11.859999656677246,11.90999984741211,1245315,11.949999809265137,-0.039999961853027344,51.583280446094825,-0.040925486652515275,-0.11854351010673053,0.07761802345421526,7.008083782130063,11.684500026702882,11.976200046539306,12.274182397105797,11.684500026702882,11.094817656299966,2419199.15,1724462058.0,-0.33472771959388953,-1.4888362523076708,5.585107529740816,0.3473755781442065
2024-10-08,PTC,PTC,11.949999809265137,12.300000190734863,11.899999618530272,12.050000190734863,5249009,11.90999984741211,0.1400003433227539,54.01513606163556,-0.01622460789559632,-0.09807972966450369,0.08185512176890737,8.656447474646367,11.688500022888183,11.97180004119873,12.287350702566936,11.688500022888183,11.08964934320943,2621125.85,1729711067.0,1.1754856852762614,0.8368232892538938,1.773648947978033,0.3422395480598535
2024-10-09,PTC,PTC,12.050000190734863,12.050000190734863,12.050000190734863,12.050000190734863,0,12.050000190734863,0.0,54.01513606163556,0.003312828257493905,-0.07780121808010418,0.08111404633759808,4.873807056326878,11.701000022888184,11.966600036621093,12.319756029990367,11.701000022888184,11.082244015786001,2575040.55,1729711067.0,0.0,1.1754856852762614,1.43097705939665,0.3378030183662989
2024-10-10,PTC,PTC,13.479999542236328,14.520000457763672,13.18000030517578,14.520000457763672,52237770,12.050000190734863,2.4700002670288086,77.32201593297258,0.21561924166454816,-0.01911712613117371,0.23473636779572188,25.172413623006946,11.82200002670288,12.019200038909911,13.22224980741012,11.82200002670288,10.421750245995641,5100957.0,1781948837.0,20.49792720275614,20.49792720275614,20.099257853653825,0.7971301265529804
2024-10-11,PTC,PTC,14.75,15.970000267028809,13.960000038146973,15.699999809265137,51351566,14.520000457763672,1.1799993515014648,82.01242997485849,0.4736299783093436,0.07943229475692977,0.39419768355241386,32.82572093584658,12.010000038146973,12.09200002670288,14.240477953071327,12.010000038146973,9.77952212322262,7541484.45,1833300403.0,8.12671704063572,30.29045278635535,31.38075363894592,0.8301229657774799
2024-10-14,PTC,PTC,15.789999961853027,16.600000381469727,15.210000038146973,15.369999885559082,21007202,15.699999809265137,-0.3299999237060547,77.20337464338321,0.6440528694783225,0.19235640970120832,0.4516964597771142,32.49999465613545,12.200000047683716,12.159200019836426,14.875636688602974,12.200000047683716,9.524363406764458,8428608.55,1812293201.0,-2.1019103676122963,5.8539903649997855,29.051218156806158,0.8235316274972976
2024-10-15,PTC,PTC,15.0,16.5,14.109999656677246,15.729999542236328,37868367,15.369999885559082,0.3599996566772461,78.6726079878202,0.7989533651493161,0.3136758007908299,0.48527756435848624,36.07265546066387,12.408000040054322,12.238200016021729,15.492907796519013,12.408000040054322,9.32309228358963,10322026.9,1850161568.0,2.3422228975777974,0.19108110404872414,30.5394132220096,0.8218937709869368
2024-10-16,PTC,PTC,15.800000190734863,16.350000381469727,15.399999618530272,15.56999969482422,11308243,15.729999542236328,-0.1599998474121076,76.3183642028998,0.8984457501105325,0.4306297906547704,0.4678159594557621,38.03191545575532,12.611500024795534,12.312800006866455,15.969119740300108,12.611500024795534,9.25388030929096,10823935.7,1838853325.0,-1.0171637130852738,1.301234943098788,29.21161367944088,0.8235310978235812
2024-10-17,PTC,PTC,15.520000457763672,15.699999809265137,14.75,15.130000114440918,11331562,15.56999969482422,-0.43999958038330256,70.10542782250727,0.9310572447349212,0.5307152814708006,0.40034196326412064,27.787161481868104,12.811500024795532,12.372200012207031,16.272490115822933,12.811500024795532,9.35050993376813,11268085.8,1827521763.0,-2.8259446949736757,-3.814363924069819,4.201099431447239,0.820578994944463
2024-10-18,PTC,PTC,15.09000015258789,15.489999771118164,14.75,14.880000114440918,6633627,15.130000114440918,-0.25,66.77898475217845,0.9260542021217208,0.6097830656009847,0.31627113652073613,25.252525009265813,13.001000022888183,12.432600021362305,16.480097751465507,13.001000022888183,9.52190229431086,11490485.5,1820888136.0,-1.6523463192930583,-4.431596621114079,-5.222928055962824,0.8260692815093535
2024-10-21,PTC,PTC,14.880000114440918,16.030000686645508,14.600000381469728,15.800000190734863,17522926,14.880000114440918,0.9200000762939453,72.03723348378129,0.984971434626317,0.6848207394060513,0.3001506952202657,30.686517711522438,13.216500043869019,12.513600025177002,16.83275136756447,13.216500043869019,9.600248720173568,12227202.3,1838411062.0,6.182796164101456,4.428288639961475,2.7976597812456006,0.8393327637135887
2024-10-22,PTC,PTC,15.899999618530272,16.299999237060547,15.600000381469728,15.65999984741211,12154255,15.800000190734863,-0.1400003433227539,70.21589942393122,1.008738795273672,0.7496043505795754,0.2591344446940965,31.046025919352033,13.419500017166138,12.593400020599365,17.108758682387265,13.419500017166138,9.730241351945011,12672613.2,1826256807.0,-0.8860781115993293,5.241933649007221,-0.44500760878132184,0.8441105162087852
2024-10-23,PTC,PTC,15.699999809265137,16.100000381469727,15.5600004196167,15.779999732971191,11046826,15.65999984741211,0.11999988555908203,70.89515664513678,1.025436988414933,0.8047708781466469,0.2206661102682861,32.49370222620098,13.617500019073486,12.680400009155273,17.369831721722726,13.617500019073486,9.865168316424246,13091060.7,1837303633.0,0.7662828015858033,-0.12658517419132795,1.3487478629609677,0.8445982207155435
2024-10-24,PTC,PTC,15.880000114440918,16.899999618530273,15.720000267028809,16.760000228881836,41105281,15.779999732971191,0.9800004959106445,75.7576091307432,1.105010404499506,0.8648187834172187,0.2401916210822872,39.08713662733756,13.875500011444093,12.764200019836426,17.75130052207563,13.875500011444093,9.999699500812554,14936246.9,1878408914.0,6.210396150153304,7.024268149348078,10.773298758174858,0.84958931447255
2024-10-25,PTC,PTC,17.0,17.34000015258789,16.149999618530273,16.260000228881836,19733585,16.760000228881836,-0.5,69.38813320964557,1.1148754979617816,0.9148301263261314,0.20004537163565028,34.93775909965548,14.110500001907349,12.841000022888183,17.965052842608813,14.110500001907349,10.255947161205887,15761100.7,1858675329.0,-2.9832935153447675,3.0418282891837922,9.274194246152184,0.8642075818147946
2024-10-28,PTC,PTC,16.0,16.540000915527344,15.449999809265137,15.579999923706056,10312776,16.260000228881836,-0.6800003051757795,61.78045196366438,1.0556543873217716,0.9429949785252595,0.11265940879651215,7.300271573859458,14.325500011444092,12.913400020599365,17.990316852535848,14.325500011444092,10.660683170352337,16169763.15,1848362553.0,-4.182043638400008,-7.040574517071499,-1.3924067365379857,0.8778945592061284
2024-10-29,PTC,PTC,15.699999809265137,15.9399995803833,14.970000267028809,15.010000228881836,6169955,15.579999923706056,-0.5699996948242205,56.21652640980675,0.9517557707110402,0.9447471369624156,0.007008633748624593,-4.3949018392733175,14.48400001525879,12.962400016784668,17.965834914128067,14.48400001525879,11.002165116389513,16360976.75,1842192598.0,-3.658534644515153,-7.687576767555554,-4.15070003105836,0.8894514031073454
2024-10-30,PTC,PTC,15.010000228881836,15.59000015258789,14.859999656677246,15.079999923706056,6726259,15.010000228881836,0.06999969482422053,56.7318790100157,0.8650915222901929,0.9288160140279711,-0.06372449173777817,-1.8867922186876247,14.644000005722045,12.995200023651122,17.909367824694808,14.644000005722045,11.378632186749284,16392855.3,1848918857.0,0.46635372256376795,-3.209242634457367,-4.43599379664459,0.8892728772320626
2024-10-31,PTC,PTC,15.300000190734863,15.600000381469728,14.510000228881836,14.640000343322754,10098500,15.079999923706056,-0.43999958038330256,52.54521391678857,0.7522339078866995,0.8934995927997168,-0.14126568491301728,-6.929429311086994,14.77150001525879,13.028800029754638,17.808099703499828,14.77150001525879,11.734900327017751,16755602.8,1838820357.0,-2.9177691154468413,-2.4650225177687757,-12.649163822240117,0.9017273247069048
2024-11-01,PTC,PTC,14.899999618530272,15.100000381469728,14.510000228881836,14.979999542236328,6699501,14.640000343322754,0.3399991989135742,55.2908786368307,0.6823626770521489,0.8512722096502033,-0.1689095325980544,-3.789339525703525,14.923000001907349,13.074200019836425,17.653838224397354,14.923000001907349,12.192161779417344,16990126.25,1845519858.0,2.3223988452202904,-0.6631325064698825,-7.872082832888931,0.898612968685043
2024-11-04,PTC,PTC,15.149999618530272,15.300000190734863,14.81999969482422,15.199999809265137,5793295,14.979999542236328,0.2200002670288086,57.02359533686326,0.6373939257390351,0.8084965528679697,-0.17110262712893465,0.46265495237774074,15.0875,13.127200012207032,17.42170206641413,15.0875,12.75329793358587,17217525.25,1851313153.0,1.4686266605583973,3.8251328743840936,-2.4390251367249562,0.8966020233804995
2024-11-05,PTC,PTC,15.489999771118164,16.719999313354492,15.210000038146973,16.5,27225611,15.199999809265137,1.3000001907348633,65.52578365813957,0.6986019685496139,0.7865176360042987,-0.08791566745468482,10.887095921369554,15.309999990463258,13.20060001373291,17.238129591705604,15.309999990463258,13.381870389220909,18316355.35,1878538764.0,8.552632941103395,10.146865849214537,9.926713846753625,0.9320543562621852
2024-11-06,PTC,PTC,16.700000762939453,17.06999969482422,16.010000228881836,16.170000076293945,10111353,16.5,-0.3299999237060547,62.16381686792951,0.7122709316121245,0.7716682951258639,-0.059397363513739365,2.341771399319668,15.51599998474121,13.276200008392333,16.72319589669126,15.51599998474121,14.30880407279116,18821923.0,1868427411.0,-1.9999995376124526,6.381580784215184,7.22811775930043,0.939666398113736
2024-11-07,PTC,PTC,16.170000076293945,16.549999237060547,16.010000228881836,16.110000610351562,3179161,16.170000076293945,-0.05999946594238281,61.545521658967694,0.7100769033196901,0.7593500167646292,-0.04927311344493912,2.8735681182897195,15.595499992370605,13.356800022125244,16.733984304992745,15.595499992370605,14.457015679748467,16368992.55,1865248250.0,-0.3710542093957385,-2.363632664535985,10.040985195053427,0.6225300277969356
2024-11-08,PTC,PTC,16.100000381469727,16.700000762939453,16.100000381469727,16.280000686645508,4696552,16.110000610351562,0.1700000762939453,62.67820154159393,0.7138271504494096,0.7502454435015854,-0.03641829305217581,3.1685739045330896,15.624500036239624,13.438000030517578,16.803035876817876,15.624500036239624,14.445964195661372,14036241.85,1869944802.0,1.0552456229251221,0.6802758802260557,8.678245554973532,0.5560725575948531
2024-11-11,PTC,PTC,16.350000381469727,16.700000762939453,15.949999809265137,16.09000015258789,6589635,16.280000686645508,-0.1900005340576172,60.53216621107716,0.6934738581567075,0.7388911264326098,-0.04541726827590231,-3.997613765776453,15.660500049591064,13.520800037384033,16.850236594346672,15.660500049591064,14.470763504835457,13315363.5,1863355167.0,-1.1670793983041703,-0.12414932964571386,5.855265490070964,0.5518279189347517
2024-11-12,PTC,PTC,16.110000610351562,16.75,15.5,16.0,13276673,16.09000015258789,-0.09000015258789062,59.49306043514789,0.662445211189242,0.7236019433839362,-0.0611567321946942,-1.599017375288903,15.674000072479249,13.601600036621093,16.87314731269389,15.674000072479249,14.474852832264604,12085778.8,1850078494.0,-0.5593545788339545,-1.7199058650850827,-3.0303030303030303,0.5470743013317713
2024-11-13,PTC,PTC,16.100000381469727,16.299999237060547,15.93000030517578,16.06999969482422,6255526,16.0,0.06999969482421875,60.067230516099464,0.636169805759808,0.7061155158591106,-0.06994571009930262,3.145056312693516,15.699000072479247,13.683200035095215,16.909809424675526,15.699000072479247,14.48819072028297,11833142.95,1856334020.0,0.4374980926513672,-0.1243036517961439,-0.6184315460599922,0.5454269801469023
2024-11-14,PTC,PTC,16.290000915527344,16.649999618530273,16.170000076293945,16.260000228881836,8173592,16.06999969482422,0.1900005340576172,61.65596842506608,0.6234906013081822,0.6895905329489249,-0.06609993164074268,8.32778135202679,15.755500078201294,13.770000038146973,16.9599564373585,15.755500078201294,14.551043719044086,11675244.45,1864507612.0,1.1823306637573368,1.6250014305114746,0.9310962932794082,0.5342501792520001
2024-11-15,PTC,PTC,16.399999618530273,16.399999618530273,16.040000915527344,16.139999389648438,3013713,16.260000228881836,-0.12000083923339844,60.0314821797144,0.5968787291487381,0.6710481721888876,-0.0741694430401495,7.0291742128993056,15.81850004196167,13.855800018310546,16.960322818382206,15.81850004196167,14.676677265541134,11494248.75,1861493899.0,-0.7380125310222744,0.43559238427841446,-0.8599587904926407,0.5305341650592558
2024-11-18,PTC,PTC,16.209999084472656,17.559999465942383,16.209999084472656,17.18000030517578,38829416,16.139999389648438,1.0400009155273438,67.92020389277582,0.6521899709559289,0.667276531942296,-0.01508656098636707,17.34972610852097,15.887500047683716,13.964800033569336,17.1812890288524,15.887500047683716,14.59371106651503,12559573.25,1900323315.0,6.443624255614033,5.658056970133337,6.774394917656832,0.5343335644891749
2024-11-19,PTC,PTC,17.299999237060547,18.799999237060547,17.299999237060547,18.559999465942383,40072992,17.18000030517578,1.3799991607666016,74.97763606604619,0.7981780282625355,0.6934568312063439,0.10472119705619154,23.89853159616055,16.03250002861023,14.096600017547608,17.786951453872003,16.03250002861023,14.278048603348456,13955510.1,1940396307.0,8.03259101427869,14.993805252843059,15.999996662139893,0.5946462864181985
2024-11-20,PTC,PTC,18.649999618530277,19.34000015258789,18.0,18.299999237060547,25801714,18.559999465942383,-0.26000022888183594,71.77386808149232,0.8827193309336874,0.7313093311518126,0.15140999978187475,20.394733333521557,16.158500003814698,14.226599998474121,18.178466155334597,16.158500003814698,14.138533852294799,14693254.5,1914594593.0,-1.4008633424744252,6.519202048834341,13.876786462880645,0.6003284377041029
2024-11-21,PTC,PTC,18.25,18.6200008392334,17.799999237060547,18.459999084472656,8112657,18.299999237060547,0.15999984741210938,72.55115944023666,0.9516594353165111,0.7753793519847523,0.17628008333175882,11.87878233013731,16.243499946594238,14.35379997253418,18.499338973380738,16.243499946594238,13.987660919807736,13043623.3,1922707250.0,0.8743161425279354,-0.5387951742845002,13.530128072711037,0.565531567461093
2024-11-22,PTC,PTC,18.799999237060547,19.0,17.100000381469727,17.5,14315204,18.459999084472656,-0.9599990844726562,61.591668636653516,0.9182460922930815,0.8039527000464182,0.11429339224666335,8.225107714476163,16.305499935150145,14.464999980926514,18.63035358299198,16.305499935150145,13.980646287308312,12772704.25,1908392046.0,-5.200428667844002,-4.371580712639677,8.426274236564183,0.5888616198277669
2024-11-25,PTC,PTC,17.600000381469727,18.25,17.0,17.809999465942383,7265227,17.5,0.3099994659423828,63.50862009531872,0.906332506383599,0.8244286613138544,0.08190384506974457,10.552444389719499,16.416999912261964,14.589799976348877,18.808300372024014,16.416999912261964,14.025699452499913,12620326.8,1915657273.0,1.771425519670759,-3.5211248687277057,3.667049764701128,0.5644024909664037
2024-11-26,PTC,PTC,17.610000610351562,17.950000762939453,16.260000228881836,16.399999618530273,11147251,17.809999465942383,-1.4099998474121094,51.03259748450502,0.7741913044514597,0.8143811899413755,-0.040189885489915866,0.7370941451077506,16.486499881744386,14.686399974822997,18.784601888452507,16.486499881744386,14.188397875036266,12869191.6,1904510022.0,-7.916899998275782,-6.285716465541295,-11.637930547227176,0.625273956502201
2024-11-27,PTC,PTC,16.889999389648438,17.959999084472656,16.889999389648438,17.700000762939453,10754379,16.399999618530273,1.3000011444091797,59.024914431365254,0.7655429748056228,0.804613546914225,-0.03907057210860221,10.006218738864415,16.617499923706056,14.810399990081788,18.876384976800338,16.617499923706056,14.358614870611774,13070597.6,1915264401.0,7.926836430778421,-0.617623280748983,-3.2786803231444783,0.6783064923895686
2024-11-28,PTC,PTC,18.200000762939453,19.46999931335449,17.899999618530273,19.46999931335449,27953239,17.700000762939453,1.7699985504150355,66.93745236747762,0.891239547055747,0.8219387469425296,0.06930080011321749,21.687495708465555,16.85899987220764,14.977199974060058,19.25623387785462,16.85899987220764,14.461765866560663,13963334.55,1943217640.0,9.99999137921557,18.71951076971635,5.471290785335838,0.7347676861715213
2024-11-29,PTC,PTC,19.5,20.899999618530277,19.36000061035156,20.34000015258789,32551968,19.46999931335449,0.870000839233402,70.00362212784262,1.0489649677939177,0.8673439911128072,0.18162097668111044,26.57125413100625,17.12699990272522,15.162199974060059,19.819961960210787,17.12699990272522,14.434037845239656,15255957.9,1975769608.0,4.468417410968616,14.915250146068415,16.22857230050223,0.7417309216369649
2024-12-02,PTC,PTC,20.540000915527344,21.0,20.200000762939453,20.690000534057617,15441100,20.34000015258789,0.35000038146972656,71.16227772928795,1.1885052570046675,0.9315762442911792,0.2569290127134882,27.24477394106668,17.401499938964843,15.346199989318848,20.37229996572669,17.401499938964843,14.430699912202996,15738348.15,1991210708.0,1.7207491585254264,6.266056824492688,16.170697105424335,0.7417063026353282
2024-12-03,PTC,PTC,20.899999618530277,20.899999618530277,19.25,20.06999969482422,15497211,20.690000534057617,-0.6200008392333984,66.27838716073578,1.2348287185613671,0.9922267391452169,0.24260197941615025,24.349445190786867,17.579999923706055,15.515599975585937,20.745364946684557,17.579999923706055,14.414634900727552,15151928.15,1975713497.0,-2.996620701931935,-1.3274358689192012,22.37804976621604,0.7119667833945414
2024-12-04,PTC,PTC,20.5,22.07999992370605,20.399999618530277,22.07999992370605,33454232,20.06999969482422,2.0100002288818324,72.79659088220015,1.4173918053492258,1.0772597523860188,0.34013205296320703,28.52153394347762,17.87549991607666,15.720799980163575,21.549255780863987,17.87549991607666,14.20174405128933,16319072.1,2009167729.0,10.014948975809821,6.718218239580849,24.745756903793534,0.7685603850576469
2024-12-05,PTC,PTC,22.6200008392334,23.209999084472656,21.600000381469727,22.34000015258789,30418566,22.07999992370605,0.2600002288818395,73.50988036159771,1.5650137086368474,1.1748105436361846,0.39020316500066277,20.366383595979155,18.186999893188478,15.935599975585937,22.264729397659558,18.186999893188478,14.109270388717398,17681042.35,2039586295.0,1.1775372725553857,11.310416005382772,14.740631435281387,0.7650398006107253
2024-12-06,PTC,PTC,22.600000381469727,24.56999969482422,22.59000015258789,24.56999969482422,40087220,22.34000015258789,2.229999542236328,78.67468278499828,1.8407286822897468,1.3079941713668972,0.5327345109228496,34.2622990118266,18.601499843597413,16.19579996109009,23.47143459721648,18.601499843597413,13.731565089978346,19450575.75,2079673515.0,9.982092779789003,11.277172915407464,20.79645777042012,0.8179807580694556
2024-12-09,PTC,PTC,25.6299991607666,26.75,25.299999237060547,25.59000015258789,30144153,24.56999969482422,1.0200004577636719,80.54329570526372,2.117135280132395,1.4698223931199967,0.6473128870123981,38.62405970600793,19.07649984359741,16.481999969482423,24.70857457148133,19.07649984359741,13.444425115713495,20628301.65,2109817668.0,4.15140606606739,14.547896051037029,23.68293616263774,0.8106744655989421
2024-12-10,PTC,PTC,25.709999084472656,26.40999984741211,23.229999542236328,25.270000457763672,17912322,25.59000015258789,-0.31999969482421875,78.22741229057182,2.284039216973195,1.6326657578906365,0.6513734590825584,44.40000261579241,19.539999866485594,16.75059997558594,25.614436646318758,19.539999866485594,13.465563086652429,20860084.1,2091905346.0,-1.250487272044262,2.849005989556082,25.909321584496404,0.8144606308651158
2024-12-11,PTC,PTC,25.200000762939453,27.549999237060547,25.0,27.38999938964844,26667303,25.270000457763672,2.119998931884769,81.93361605728116,2.5578921966202053,1.8177110456365506,0.7401811509836547,53.7900067994143,20.105999851226805,17.060799961090087,26.887455789929483,20.105999851226805,13.324543912524126,21880672.95,2118572649.0,8.389390160194653,7.033994631995023,24.048910707836292,0.8372010563844515
2024-12-12,PTC,PTC,28.0,28.3799991607666,26.75,27.209999084472656,21921751,27.38999938964844,-0.1800003051757848,80.67788671971446,2.7289406070803928,1.9999569579253191,0.7289836491550736,65.91463242308994,20.653499794006347,17.36319993972778,27.880986149575335,20.653499794006347,13.426013438437359,22568080.9,2096650898.0,-0.6571752799812499,7.677081881939424,21.79945791683721,0.8445217108825382
2024-12-13,PTC,PTC,27.209999084472656,27.75,26.5,26.59000015258789,12599666,27.209999084472656,-0.6199989318847656,76.33801242884118,2.7823952519677313,2.156444616733802,0.6259506352339295,50.225983087314106,21.17599983215332,17.65599994659424,28.539263984683892,21.17599983215332,13.81273567962275,23047378.55,2084051232.0,-2.2785702048721017,-2.920771284729914,8.221410186623626,0.8546454509403626
2024-12-16,PTC,PTC,27.0,27.06999969482422,25.850000381469727,26.040000915527344,13178614,26.59000015258789,-0.5499992370605469,72.60675271642835,2.7486928807382505,2.2748942695346916,0.4737986112035588,33.74423129879869,21.618999862670897,17.93859996795654,29.035899398381442,21.618999862670897,14.202100326960352,21764838.45,2070872618.0,-2.06844390336349,-4.299883161749057,1.7585023847447887,0.8581023605333417
2024-12-17,PTC,PTC,26.100000381469727,27.450000762939453,25.549999237060547,26.6200008392334,21469414,26.040000915527344,0.5799999237060547,74.04736345604903,2.7372315538228946,2.3673617263923323,0.3698698274305623,30.875126054738466,22.02199993133545,18.229999980926515,29.612905018025938,22.02199993133545,14.431094844644964,20834659.55,2092342032.0,2.2273421786256837,0.11282695176136723,5.342304539036792,0.8303948401587514
2024-12-18,PTC,PTC,26.950000762939453,27.350000381469727,25.0,25.46999931335449,13341956,26.6200008392334,-1.1500015258789098,66.57172786784244,2.6053203462968995,2.414953450373246,0.19036689592365352,23.10294178788715,22.380499935150148,18.498399963378905,29.90825497454584,22.380499935150148,14.852744895754453,20211671.65,2079000076.0,-4.320065701064897,-2.1889461679433735,-7.009858047019827,0.8521827532092568
2024-12-19,PTC,PTC,25.11000061035156,26.299999237060547,23.020000457763672,23.450000762939453,8972090,25.46999931335449,-2.0199985504150355,55.896844482341756,2.3111413637713767,2.394191033052872,-0.08304966928149549,16.841061880966997,22.630000019073485,18.676999969482424,29.938210325519005,22.630000019073485,15.321789712627965,20254643.3,2070027986.0,-7.930893619443112,-11.908339505466504,-13.818443395975121,0.9195352060093548
2024-12-20,PTC,PTC,23.799999237060547,25.799999237060547,23.530000686645508,25.799999237060547,11733925,23.450000762939453,2.3499984741210938,63.274837532451336,2.2417857273776036,2.3637099719178187,-0.12192424454021511,16.847823035363973,23.044999980926512,18.87899995803833,30.063542346088244,23.044999980926512,16.02645761576478,20125579.35,2081761911.0,10.021315128633377,1.2956416670691935,-2.9710451710939774,0.9341159905618592
2024-12-23,PTC,PTC,27.3700008392334,28.3799991607666,26.200000762939453,28.309999465942383,33030118,25.799999237060547,2.510000228881836,69.2012575358005,2.362127788605221,2.3633935352552995,-0.001265746650078281,26.72336290321341,23.569999980926514,19.137799949645995,30.510153014432497,23.569999980926514,16.629846947420532,21413823.9,2114792029.0,9.728683345371316,20.724940489911223,8.717352037654752,0.9720913654351733
2024-12-24,PTC,PTC,28.899999618530277,28.979999542236328,26.520000457763672,26.8799991607666,13581854,28.309999465942383,-1.4300003051757812,62.96694753638837,2.315419945694263,2.353798817343092,-0.03837887164882936,9.4017073448682,24.09399995803833,19.3607999420166,30.298291502713496,24.09399995803833,17.889708413363167,21535554.05,2101210175.0,-5.051219823921602,4.186046339701758,0.976702905095365,0.935935785446567
2024-12-26,PTC,PTC,26.940000534057617,26.940000534057617,25.920000076293945,26.34000015258789,8541449,26.8799991607666,-0.5399990081787109,60.74157872133396,2.2093620858301755,2.324911471040509,-0.11554938521033353,2.930832338913266,24.52599992752075,19.576199951171876,30.01803571454223,24.52599992752075,19.033964140499272,21424907.55,2092668726.0,-2.008924944338839,-6.958669553224292,3.415786661514518,0.9282363262884373
2024-12-27,PTC,PTC,26.5,28.200000762939453,26.100000381469727,27.0,9259550,26.34000015258789,0.6599998474121094,62.48664075469154,2.1537399659486773,2.2906771700221427,-0.13693720407346532,6.846060589226552,24.902499961853028,19.813599948883056,29.949524302242033,24.902499961853028,19.855475621464024,20490223.1,2101928276.0,2.5056941670035062,0.44643170751489,15.138589004529972,0.8812790263471543
2024-12-30,PTC,PTC,27.739999771118164,28.13999938964844,27.100000381469727,27.299999237060547,12466282,27.0,0.2999992370605469,63.28551150315758,2.109548899870294,2.2544515159917733,-0.14490261612147926,-0.32858763999063145,25.25049991607666,20.06199993133545,29.918502502364642,25.25049991607666,20.582497329788676,19485938.8,2114394558.0,1.111108285409433,3.6446434279095357,5.813953660298242,0.8757927038788208
2024-12-31,PTC,PTC,27.600000381469727,28.020000457763672,26.850000381469727,27.270000457763672,9538657,27.299999237060547,-0.029998779296875,63.140711639952855,2.048492761433401,2.2132597650800987,-0.1647670036466975,0.22051222091093461,25.579499912261962,20.291399936676026,29.80022787557121,25.579499912261962,21.358771948952715,19190816.65,2104855901.0,-0.10988564152101066,1.000001695421007,-3.673610129982005,0.8779308868683395
2025-01-01,PTC,PTC,27.270000457763672,27.270000457763672,27.270000457763672,27.270000457763672,0,27.270000457763672,0.0,63.140711639952855,1.977312108681609,2.1660702338004008,-0.18875812511879175,2.5573535211491896,25.939499950408937,20.523599948883056,29.327723688293048,25.939499950408937,22.551276212524826,18415956.1,2104855901.0,0.0,-0.10988564152101066,1.4508977275799428,0.8637595251523795
2025-01-02,PTC,PTC,27.450000762939453,28.239999771118164,27.239999771118164,27.38999938964844,9496539,27.270000457763672,0.11999893188476918,63.52785192335519,1.9085828840414507,2.114572763848611,-0.20598987980716021,5.184325755211895,26.204999923706055,20.7557999420166,29.11880333130042,26.204999923706055,23.29119651611169,17218071.45,2114352440.0,0.4400400801995803,0.4400400801995803,3.9863296544339186,0.8061897917213898
2025-01-03,PTC,PTC,27.399999618530277,27.399999618530277,26.5,26.6299991607666,5327608,27.38999938964844,-0.7600002288818395,59.28108352833218,1.77235816973689,2.046129845026267,-0.27377167528937685,0.0375594335762277,26.41949987411499,20.953199920654296,28.697582422513758,26.41949987411499,24.141417325716223,15963523.55,2109024832.0,-2.774736202327438,-2.3469060735379057,-1.3703734786422164,0.8184681803564499
2025-01-06,PTC,PTC,26.950000762939453,26.950000762939453,24.700000762939453,24.96999931335449,7609746,26.6299991607666,-1.659999847412113,51.22609918869256,1.5130099508188266,1.9395058661847788,-0.4264959153659522,-1.9630938888083866,26.439499855041504,21.12739990234375,28.655389194857463,26.439499855041504,24.223610515225545,14339649.85,2101415086.0,-6.23357078380143,-8.835341840893024,-8.534798493851294,0.7842680467926059
2025-01-07,PTC,PTC,25.100000381469727,25.600000381469727,24.149999618530277,25.170000076293945,8581023,24.96999931335449,0.20000076293945668,52.07109462900461,1.3085290999828203,1.8133105129443872,-0.5047814129615669,7.334751630681358,26.418499851226805,21.319199905395507,28.67585957493476,26.418499851226805,24.161140127518852,13261493.35,2109996109.0,0.8009642308339673,-5.482535225249429,-7.7007713466021,0.7707489487800177
2025-01-08,PTC,PTC,25.5,26.059999465942383,24.520000457763672,24.729999542236328,7906801,25.170000076293945,-0.4400005340576172,50.01804329964564,1.098311534930268,1.6703107173415632,-0.5719991824112953,-4.147285761494179,26.39149980545044,21.513599891662597,28.718542146357468,26.39149980545044,24.064457464543413,12761217.3,2102089308.0,-1.7481149492408077,-0.9611524938641208,-9.314267960726104,0.7720442407595154
2025-01-09,PTC,PTC,24.799999237060547,25.100000381469727,23.799999237060547,24.06999969482422,3844268,24.729999542236328,-0.6599998474121094,47.023093083296125,0.8684452322045928,1.5099376203141692,-0.6414923881095764,-14.977039389276522,26.225499820709228,21.69339988708496,28.72025601439099,26.225499820709228,23.730743627027465,11620065.55,2098245040.0,-2.668822723934534,-4.370283584169506,-12.121211277131158,0.7100029387809936
2025-01-10,PTC,PTC,23.90999984741211,24.790000915527344,23.5,24.020000457763672,4605538,24.06999969482422,-0.049999237060546875,46.79450059663243,0.6744651956915604,1.3428431353896475,-0.6683779396980871,-10.639876459435738,26.065999889373778,21.88099988937378,28.699759431240302,26.065999889373778,23.432240347507253,10754254.9,2093639502.0,-0.2077242945345705,-2.871003225293433,-9.800971780908593,0.710092834891049
2025-01-13,PTC,PTC,24.149999618530277,24.57999992370605,23.65999984741211,24.34000015258789,2037936,24.020000457763672,0.31999969482421875,48.519405600082074,0.5403273627320964,1.1823399808581372,-0.6420126181260408,-7.593014382741001,25.95349988937378,22.06819990158081,28.683475717541615,25.95349988937378,23.223524061205946,10226168.4,2095677438.0,1.3322218514812285,1.1217302085040333,-2.5230243415732136,0.7098557162990377
2025-01-14,PTC,PTC,24.600000381469727,24.899999618530277,24.11000061035156,24.440000534057617,2289583,24.34000015258789,0.10000038146972656,49.07502355384241,0.43705328058500825,1.0332826408035114,-0.5962293602185031,-9.481479503490307,25.873499870300293,22.25299991607666,28.68534870640682,25.873499870300293,23.061651034193765,9681716.85,2097967021.0,0.41084790814635336,1.748543165236261,-2.900276281380981,0.7073357264861595
2025-01-15,PTC,PTC,24.600000381469727,25.799999237060547,24.25,24.790000915527344,10473018,24.440000534057617,0.35000038146972656,51.06568663098268,0.37908013234672566,0.9024421391121543,-0.5233620067654287,-9.194133302853016,25.78199987411499,22.418799934387206,28.61061706347123,25.78199987411499,22.95338268475875,9131897.05,2108440039.0,1.4320800892863903,1.8488116685225569,0.24262585686077096,0.7042371461047411
2025-01-16,PTC,PTC,24.799999237060547,25.8799991607666,24.520000457763672,24.989999771118164,6654785,24.790000915527344,0.1999988555908203,52.21516471142613,0.34529389776446706,0.7910124908426169,-0.44571859307814987,-8.360838461212419,25.757999897003174,22.59519992828369,28.605843293563655,25.757999897003174,22.910156500442692,8797538.5,2115094824.0,0.8067722799701471,2.250405994443872,3.8221856583229337,0.6884049307945154
2025-01-17,PTC,PTC,24.809999465942383,25.75,24.809999465942383,25.040000915527344,4294754,24.989999771118164,0.05000114440917969,52.51547925974121,0.3188769232410458,0.6965853773223027,-0.377708454081257,-8.17748259920346,25.83749990463257,22.773799934387206,28.496576300048737,25.83749990463257,23.1784235092164,8563671.7,2119389578.0,0.20008461331387362,1.0084711204807226,4.2464631070978625,0.6215316247372611
2025-01-20,PTC,PTC,25.5,26.049999237060547,25.25,25.350000381469727,6068725,25.040000915527344,0.3099994659423828,54.42776290557483,0.31927524050452405,0.6211233499587471,-0.301848109454223,-7.44797025789528,25.814999961853026,22.95519992828369,28.48301278832919,25.814999961853026,23.14698713537686,8280411.7,2125458303.0,1.2380169912460013,1.4405786860695695,4.149548983361243,0.5092395825575257
2025-01-21,PTC,PTC,25.600000381469727,25.700000762939453,24.649999618530277,24.770000457763672,3193609,25.350000381469727,-0.5799999237060547,50.34278977220941,0.26968104797366976,0.5508348895617317,-0.2811538415880619,-6.984599179947498,25.638000011444092,23.128799934387207,28.068174832527934,25.638000011444092,23.20782519036025,6788586.25,2122264694.0,-2.2879681064226784,-1.0782765490884794,1.3502451575080505,0.3604030293233052
2025-01-22,PTC,PTC,24.850000381469727,25.440000534057617,24.450000762939453,24.559999465942383,1326631,24.770000457763672,-0.21000099182128906,48.91140321088551,0.21099969495692505,0.48286785064077037,-0.2718681556838453,-1.6419697985046766,25.52200002670288,23.299999923706054,27.923872728087844,25.52200002670288,23.120127325317917,6175825.1,2120938063.0,-0.8478037462266916,-3.116374373330647,-0.9277992783005441,0.32089660801446895
2025-01-23,PTC,PTC,24.5,25.149999618530277,24.489999771118164,24.899999618530277,2124371,24.559999465942383,0.3400001525878942,51.32448827904631,0.1897422402931923,0.4242427285712548,-0.23450048827806247,-1.072707417343097,25.45,23.476599922180174,27.83489962162337,25.45,23.065100378376627,5854971.2,2123062434.0,1.3843654722361705,0.5248250236743917,-0.36014467151737817,0.3213643381386131
2025-01-24,PTC,PTC,24.950000762939453,25.38999938964844,24.649999618530277,24.700000762939453,3130530,24.899999618530277,-0.19999885559082387,49.833403658718446,0.1549709099506238,0.3703883648471286,-0.21541745489650482,-0.12130521573864217,25.335000038146973,23.645399932861327,27.625129591175483,25.335000038146973,23.044870485118462,5548520.2,2119931904.0,-0.8032082676900411,0.5700378666180821,-1.3578280357691839,0.304611284552917
2025-01-27,PTC,PTC,24.709999084472656,26.600000381469727,24.709999084472656,25.530000686645508,18282383,24.700000762939453,0.8299999237060547,55.598546534642615,0.19217318453683419,0.3347453287850698,-0.1425721442482356,6.065646075331001,25.246500110626222,23.83319995880127,27.34574569760413,25.246500110626222,23.147254523648314,5839325.25,2138214287.0,3.360323473962839,2.530124810308799,0.7100603647617985,0.3291425769259972
2025-01-28,PTC,PTC,25.600000381469727,26.299999237060547,24.63999938964844,25.040000915527344,6265707,25.530000686645508,-0.48999977111816406,51.81293423414623,0.18004195713441717,0.3038046544549393,-0.12376269732052214,4.2464631070978625,25.135000133514403,23.9903999710083,27.006216767202766,25.135000133514403,23.26378349982604,5675677.75,2131948580.0,-1.9193096668206442,1.3765187938699825,1.0900300879043605,0.33388820288951293
2025-01-29,PTC,PTC,25.32999992370605,25.32999992370605,23.950000762939453,24.06999969482422,4671729,25.040000915527344,-0.970001220703125,45.24532248996118,0.09110665928857742,0.26126505542166695,-0.17015839613308953,-1.1092870011135343,24.97500009536743,24.100599975585936,26.609876226785815,24.97500009536743,23.340123963949047,5909264.2,2127276851.0,-3.873806650308969,-5.718765971616293,-1.9951131179691273,0.3552957994468662
2025-01-30,PTC,PTC,24.209999084472656,24.790000915527344,23.90999984741211,24.13999938964844,4256003,24.06999969482422,0.0699996948242223,45.779446108010795,0.025973775842189184,0.2142067995057714,-0.18823302366358222,-1.2275005640491647,24.812500095367433,24.217399978637694,26.029292636722378,24.812500095367433,23.59570755401249,5647237.4,2131532854.0,0.2908171820179722,-3.59425516362825,-3.052209801305591,0.3547566547818395
2025-01-31,PTC,PTC,24.200000762939453,24.940000534057617,24.049999237060547,24.309999465942383,5532379,24.13999938964844,0.17000007629394176,47.128350199718845,-0.01179099884412338,0.16900723983579247,-0.18079823867991585,-1.9362703987812666,24.69650011062622,24.33439998626709,25.58061233521949,24.69650011062622,23.81238788603295,5657475.95,2137065233.0,0.7042256859660075,0.9970908772789527,-1.578952570650276,0.34796988088831704
2025-02-03,PTC,PTC,24.21999931335449,24.450000762939453,23.25,23.450000762939453,2279033,24.309999465942383,-0.8599987030029297,41.50322343406164,-0.10984830006190549,0.11323613185625289,-0.22308443191815838,-6.162461073563285,24.62050018310547,24.45340000152588,25.654276861848327,24.62050018310547,23.586723504362613,5390940.3,2134786200.0,-3.5376335742325433,-2.858320812571639,-8.147277194528561,0.29790630009220737
2025-02-04,PTC,PTC,23.489999771118164,23.899999618530277,22.059999465942383,22.51000022888184,4129510,23.450000762939453,-0.9400005340576136,36.390491881182164,-0.26040778606833115,0.03850734827133608,-0.2989151343396672,-10.103836238586744,24.487500190734863,24.547400016784668,25.85438504839188,24.487500190734863,23.120615333077847,5168364.65,2130656690.0,-4.008530931662898,-7.404357369823439,-10.103836238586744,0.3223196216763579
2025-02-06,PTC,PTC,22.350000381469727,23.200000762939453,21.700000762939453,22.51000022888184,3234056,22.51000022888184,0.0,36.390491881182164,-0.37539988722928186,-0.04427409882878751,-0.33112578840049434,-11.20315625187865,24.37650022506714,24.6696000289917,25.997419901184937,24.37650022506714,22.755580548949343,4934727.4,2130656690.0,0.0,-4.008530931662898,-6.481094664400127,0.31957009748020376
2025-02-07,PTC,PTC,22.600000381469727,22.84000015258789,22.1200008392334,22.420000076293945,1285057,22.51000022888184,-0.09000015258789418,35.89942218729645,-0.4683948517386973,-0.12909824941076947,-0.33929660232792785,-9.487284368350364,24.294000244140626,24.764000015258787,26.133787597589567,24.294000244140626,22.454212890691686,4806766.85,2129371633.0,-0.39982297500120834,-0.39982297500120834,-7.125100898271169,0.30863537751084114
2025-02-10,PTC,PTC,22.420000076293945,22.700000762939453,21.950000762939453,22.350000381469727,3574549,22.420000076293945,-0.06999969482421875,35.49818704436717,-0.5415003425883071,-0.211578668046277,-0.32992167454203014,-8.998367803457349,24.210500240325928,24.821600036621092,26.24403476883143,24.210500240325928,22.176965711820426,4755217.4,2125797084.0,-0.3122198688047007,-0.7107945170379092,-8.06252212065475,0.3085999257854814
2025-02-11,PTC,PTC,22.59000015258789,22.8700008392334,22.399999618530277,22.68000030517578,5334349,22.350000381469727,0.3299999237060547,38.961696189692894,-0.5662809999943477,-0.28251913443589116,-0.2837618655584565,-8.915660029578472,24.12750024795532,24.868400039672853,26.27129803756598,24.12750024795532,21.983702458344663,4920038.05,2131131433.0,1.476509700553097,1.1596798750984407,-3.2835839348056055,0.30967848020092903
2025-02-12,PTC,PTC,23.059999465942383,24.950000762939453,23.059999465942383,24.770000457763672,30235783,22.68000030517578,2.0900001525878906,55.32376309287116,-0.4125190413454085,-0.3085191158177947,-0.10399992552761383,0.2833995654334075,24.144000244140624,24.95000003814697,26.30295138648146,24.144000244140624,21.985049101799788,6317348.05,2161367216.0,9.215168097290254,10.827740648722115,10.039983144834004,0.4593189934781224
2025-02-13,PTC,PTC,24.5,24.700000762939453,24.239999771118164,24.38999938964844,5758181,24.770000457763672,-0.3800010681152308,52.56475161586542,-0.3176626741470798,-0.3103478274836517,-0.007314846663428132,-4.4653398603055665,24.12400016784668,25.036400032043456,26.26509095318035,24.12400016784668,21.98290938251301,6081606.2,2155609035.0,-1.5341181311772116,7.539678401514053,8.351839811864757,0.46002735580211834
2025-02-14,PTC,PTC,24.5,24.700000762939453,23.899999618530277,23.950000762939453,2389493,24.38999938964844,-0.4399986267089879,49.4873299726996,-0.27482452563347337,-0.30324316711361604,0.02841864148014267,-4.353035593988257,24.072000217437743,25.073800048828126,26.174706338538016,24.072000217437743,21.96929409633747,5868341.6,2153219542.0,-1.8040124547757528,-3.3104549037955544,6.824267089380041,0.4629607198169074
2025-02-17,PTC,PTC,23.940000534057617,24.200000762939453,23.200000762939453,23.309999465942383,2479739,23.950000762939453,-0.6400012969970703,45.33019442386967,-0.28918420475638484,-0.30043137464216985,0.011247169885785002,-3.157458406803632,23.985500144958497,25.093200035095215,26.06271976660531,23.985500144958497,21.908280523311685,5777590.85,2150739803.0,-2.6722391507703698,-4.428044078444831,4.295297843791477,0.47104748486693376
2025-02-18,PTC,PTC,23.489999771118164,23.549999237060547,22.3799991607666,23.07999992370605,19754534,23.309999465942383,-0.22999954223633168,43.902866250028985,-0.3154866609455347,-0.3034424319028428,-0.012044229042691867,-4.391050094213888,23.87200012207031,25.063400039672853,25.882285312362878,23.87200012207031,21.861714931777744,6461881.3,2130985269.0,-0.986699045499241,-3.632571238075503,1.763666724638387,0.467918591762799
2025-02-19,PTC,PTC,23.200000762939453,23.600000381469727,23.1200008392334,23.489999771118164,2958563,23.07999992370605,0.4099998474121129,47.10050355095041,-0.299792168297941,-0.30271237918186245,0.00292021088392147,-3.373096309496078,23.808000087738037,25.021400032043456,25.779028174926218,23.808000087738037,21.836972000549856,6450129.0,2133943832.0,1.7764291541049433,0.7722020990981784,-5.167544057288528,0.4687291515340856
2025-02-20,PTC,PTC,23.520000457763672,25.600000381469727,23.299999237060547,24.989999771118164,10386079,23.489999771118164,1.5,56.802103759448165,-0.1644213587501362,-0.2750541750955172,0.11063281634538102,6.567159735928607,23.829500102996825,25.015800018310546,25.843968602619686,23.829500102996825,21.815031603373964,6903101.4,2144329911.0,6.385696103089393,8.27556262446216,2.4600262258488375,0.5231408232656066
2025-02-21,PTC,PTC,25.479999542236328,26.200000762939453,24.649999618530277,24.850000381469727,10080321,24.989999771118164,-0.1399993896484375,55.77398547761577,-0.06765590248093645,-0.23357452057260109,0.16591861809166464,10.39538040335295,23.8270001411438,24.96500003814697,25.83599163756505,23.8270001411438,21.818008644722546,7300898.9,2134249590.0,-0.5602216523836858,5.789700398480779,3.757827097537904,0.521543052829086
2025-02-24,PTC,PTC,24.84000015258789,25.149999618530277,24.100000381469727,24.809999465942383,4287117,24.850000381469727,-0.04000091552734375,55.46507917399838,0.005737540394250118,-0.18571210837923086,0.19144964877348097,10.217677537423969,23.832500076293947,24.917000045776366,25.852128757979195,23.832500076293947,21.8128713946087,7358728.25,2129962473.0,-0.16096947651224922,-0.7202893430347848,6.43500658243948,0.5206636016297286
2025-02-25,PTC,PTC,25.01000022888184,25.299999237060547,24.25,24.81999969482422,3282660,24.809999465942383,0.010000228881835938,55.53138830776285,0.06397187953325201,-0.1357753107967343,0.1997471903299863,10.704726183600426,23.797000026702882,24.881600036621094,25.7133132172628,23.797000026702882,21.880686836142964,6608742.1,2133245133.0,0.040307251499798,-0.1207271073841869,7.5389938339253195,0.50598342108729
2025-02-26,PTC,PTC,24.739999771118164,24.75,24.299999237060547,24.440000534057617,809365,24.81999969482422,-0.37999916076660156,52.342187125479605,0.07855472638119565,-0.09290930336114832,0.17146402974234398,9.351230948169018,23.767000007629395,24.8496000289917,25.619089330270356,23.767000007629395,21.914910684988435,6335925.0,2132435768.0,-1.5310200057973562,-1.491329866381807,4.044277446556277,0.504310582584351
2025-02-27,PTC,PTC,24.649999618530277,24.68000030517578,23.799999237060547,23.940000534057617,1169117,24.440000534057617,-0.5,48.403158494728046,0.049198783297605075,-0.06448768602939764,0.11368646932700271,5.555556489980701,23.760500049591066,24.796000022888183,25.60902099251628,23.760500049591066,21.91197910666585,6160794.4,2131266651.0,-2.045826469206661,-3.5455244624765654,-4.201677657772804,0.49001766199454955
2025-02-28,PTC,PTC,24.100000381469727,24.100000381469727,23.15999984741211,23.46999931335449,945528,23.940000534057617,-0.47000122070312855,44.976750961122626,-0.011854531975512117,-0.05396105521862054,0.04210652324310842,-5.248288737926621,23.727000045776368,24.756000022888184,25.570841395647292,23.727000045776368,21.883158695905443,5995270.65,2130321123.0,-1.9632464921397708,-3.9689083449544653,-5.553324132519064,0.4948541898756968
2025-03-03,PTC,PTC,23.649999618530277,23.649999618530277,23.149999618530277,23.229999542236328,267062,23.46999931335449,-0.2399997711181605,43.29150041207365,-0.07869851249834525,-0.058908546674565486,-0.019789965823779766,-4.756047053877492,23.673000049591064,24.75159999847412,25.50818930249865,23.673000049591064,21.837810796683478,5732004.8,2130054061.0,-1.0225810743062103,-2.9657517793753794,-6.368399668347352,0.49494719117476427
2025-03-04,PTC,PTC,23.38999938964844,24.0,22.899999618530277,23.739999771118164,1892861,23.229999542236328,0.5100002288818359,47.7700770443533,-0.08948852442169297,-0.06502454222399098,-0.02446398219770199,-0.8768308356225498,23.6875,24.710400009155272,25.519850999531016,23.6875,21.855149000468984,5712696.2,2131946922.0,2.1954379635460755,1.1504067561265094,-4.351329319038106,0.48513792598731
2025-03-05,PTC,PTC,23.81999969482422,23.959999084472656,22.959999084472656,23.020000457763672,1422376,23.739999771118164,-0.7199993133544922,42.64914958880827,-0.15435826788368345,-0.08289128735592949,-0.07146698052775396,-1.2440970176872836,23.71300001144409,24.604600028991698,25.48970413320085,23.71300001144409,21.936295889687333,5577339.5,2130524546.0,-3.0328530762263775,-0.9039995204943507,-5.810147484715262,0.47530361021240514
2025-03-06,PTC,PTC,23.0,23.5,23.0,23.34000015258789,558731,23.020000457763672,0.31999969482421875,45.44815838690579,-0.177896031204007,-0.10189223612554499,-0.076003795078462,1.1265174598843333,23.754500007629396,24.533800048828127,25.449799622289365,23.754500007629396,22.059200392969426,5443573.25,2131083277.0,1.390094215729246,-1.6849183756813206,-2.5062672016909593,0.47726663297678146
2025-03-07,PTC,PTC,23.5,23.780000686645508,23.0,23.530000686645508,1705734,23.34000015258789,0.1900005340576172,47.09904724403122,-0.17915325580418084,-0.11734444006127216,-0.06180881574290868,0.1702891269353113,23.810000038146974,24.477600059509278,25.39011319412853,23.810000038146974,22.229886882165417,5464607.1,2132789011.0,0.8140554105204251,2.215465763424146,0.255651363640553,0.4771116990945195
2025-03-10,PTC,PTC,23.88999938964844,23.88999938964844,22.899999618530277,23.059999465942383,1121767,23.530000686645508,-0.470001220703125,43.585249170166264,-0.21558960315893572,-0.1369934726808049,-0.07859613047813083,-7.72309052762118,23.845499992370605,24.398800048828125,25.315573063086937,23.845499992370605,22.375426921654274,5341968.0,2131667244.0,-1.9974551933178437,-1.199660174871344,-0.7318126545153586,0.48360782838725996
2025-03-11,PTC,PTC,23.01000022888184,23.239999771118164,22.71999931335449,22.959999084472656,929732,23.059999465942383,-0.10000038146972656,42.852710875052885,-0.24965697578307555,-0.159526173301259,-0.09013080248181654,-7.6056389053676465,23.85949993133545,24.31200004577637,25.28757171407585,23.85949993133545,22.43142814859505,5121737.15,2130737512.0,-0.43365300861094314,-2.4224461773873087,-3.285596858321998,0.48166529364610716
2025-03-12,PTC,PTC,23.13999938964844,23.489999771118164,23.0,23.11000061035156,977386,22.959999084472656,0.1500015258789027,44.363247555729885,-0.261536909811273,-0.1799283206032618,-0.08160858920801117,-6.852071310700655,23.776499938964843,24.228800048828123,25.17439729819599,23.776499938964843,22.378602579733695,3658817.3,2131714898.0,0.6533167763945837,0.21683063992704543,0.3909650338757219,0.3426801085437253
2025-03-13,PTC,PTC,23.450000762939453,23.850000381469727,23.21999931335449,23.700000762939453,2099113,23.11000061035156,0.5900001525878942,49.96531046866171,-0.2207985335891891,-0.18810236320044726,-0.03269617038874184,-4.5124856795156285,23.742000007629393,24.157400054931642,25.109881313706037,23.742000007629393,22.37411870155275,3475863.9,2133814011.0,2.5530079489639568,3.223003954591809,1.5424190574036754,0.3540663340564745
2025-03-14,PTC,PTC,23.799999237060547,24.5,23.799999237060547,24.34000015258789,3192358,23.700000762939453,0.6399993896484375,55.23122211456961,-0.13531069739093837,-0.1775440300385455,0.04223333264760712,-0.4091668546830598,23.761499977111818,24.09640007019043,25.152785365645954,23.761499977111818,22.37021458857768,3516007.15,2137006369.0,2.7004192786745715,5.3223691464784455,3.4424115695079407,0.3616740452601141
2025-03-17,PTC,PTC,24.899999618530277,25.200000762939453,24.25,24.959999084472656,2581704,24.34000015258789,0.6199989318847656,59.660463300540684,-0.017332441445478963,-0.1455017123199322,0.12816927087445323,4.260645478950448,23.84399995803833,24.06300006866455,25.315903763916726,23.84399995803833,22.372096152159937,3521105.4,2139588073.0,2.547242925217672,5.316448442919495,8.239374078635205,0.3559227698337789
2025-03-18,PTC,PTC,25.600000381469727,25.600000381469727,24.549999237060547,24.770000457763672,2609517,24.959999084472656,-0.18999862670898438,57.77407415363767,0.06014160015831749,-0.10437304982428226,0.16451464998259974,5.538990977598705,23.92849998474121,24.059000091552733,25.409740904633985,23.92849998474121,22.44725906484844,2663854.55,2136978556.0,-0.7612124746718458,1.766640519638873,7.883281556901628,0.35487454656108264
2025-03-19,PTC,PTC,24.770000457763672,25.059999465942383,24.200000762939453,24.520000457763672,1906951,24.770000457763672,-0.25,55.296555260283554,0.10021224129908646,-0.06345599159960852,0.16366823289869498,5.553168062624751,23.980000019073486,24.04600009918213,25.468651825214057,23.980000019073486,22.491348212932916,2611273.95,2135071605.0,-1.009285407266282,-1.7628150755129746,6.101254046616243,0.3540837916030094
2025-03-20,PTC,PTC,24.450000762939453,24.75,24.059999465942383,24.25,2665333,24.520000457763672,-0.2700004577636719,52.669597122372735,0.10892610036213668,-0.028979573207259482,0.13790567356939615,2.148273941865395,23.943000030517577,24.036400108337403,25.361065462691677,23.943000030517577,22.524934598343478,2225236.65,2132406272.0,-1.1011437713011245,-2.0993154951706425,2.3206718116254264,0.27186555800262774
2025-03-21,PTC,PTC,24.34000015258789,24.600000381469727,24.0,24.309999465942383,1024582,24.25,0.05999946594238281,53.201648046129115,0.11929815702104918,0.0006759728384022508,0.11862218418264693,5.60381834286041,23.915999984741212,24.041200103759767,25.280919828671912,23.915999984741212,22.551080140810512,1772449.7,2133430854.0,0.2474204781129188,-0.8564477483718694,-0.1232567233255258,0.27170667535390614
2025-03-24,PTC,PTC,24.309999465942383,24.309999465942383,24.0,24.07999992370605,649302,24.309999465942383,-0.22999954223633168,50.8422457582234,0.10771734725039295,0.022084247720800393,0.08563309952959255,3.170521706428142,23.879500007629396,24.042400093078612,25.181344472241804,23.879500007629396,22.577655543016988,1590558.95,2132781552.0,-0.9461108485771647,-0.7010312424492736,-3.525637792647368,0.27338025903462304
2025-03-25,PTC,PTC,23.899999618530277,24.100000381469727,23.51000022888184,23.690000534057617,1423612,24.07999992370605,-0.38999938964843395,47.033306388001336,0.06630545270313704,0.03092848871726772,0.035376963985869314,0.6799823320996228,23.823000049591066,24.029400100708006,25.0488463335412,23.823000049591066,22.597153765640932,1497606.55,2131357940.0,-1.6195987993525327,-2.550386447985597,-4.3601126513808754,0.2782729792832352
2025-03-26,PTC,PTC,24.0,24.100000381469727,23.75,23.770000457763672,606567,23.690000534057617,0.07999992370605469,47.89561737058948,0.039486378778523346,0.03264006672951885,0.006846312049004495,3.0789289170188354,23.789500045776368,24.01600009918213,24.98047444871783,23.789500045776368,22.598525642834908,1487466.65,2131964507.0,0.33769490039075284,-1.2873732015139832,-3.0587275122278004,0.2744594260151843
2025-03-27,PTC,PTC,23.979999542236328,23.979999542236328,23.0,23.200000762939453,2460695,23.770000457763672,-0.5699996948242188,42.576922730579476,-0.027445764524781424,0.020622900478658796,-0.04806866500344022,1.0453035193242006,23.75250005722046,23.984200096130373,24.969482880229712,23.75250005722046,22.535517234211206,1552045.55,2129503812.0,-2.397979317825581,-2.06838227130355,-4.32989376107442,0.2779906536547235
2025-03-28,PTC,PTC,23.200000762939453,23.200000762939453,23.200000762939453,23.200000762939453,0,23.200000762939453,0.0,42.576922730579476,-0.07957270569375297,0.0005837792441764425,-0.0801564849379294,0.38944245006891437,23.739000129699708,23.9484001159668,24.975019035930334,23.739000129699708,22.50298122346908,1504769.15,2129503812.0,0.0,-2.397979317825581,-4.566016978149285,0.2695409242868545
2025-03-31,PTC,PTC,23.200000762939453,23.200000762939453,23.200000762939453,23.200000762939453,0,23.200000762939453,0.0,42.576922730579476,-0.11950609030541415,-0.02343419466574168,-0.09607189563967247,-2.1097045734355757,23.737500190734863,23.91160011291504,24.97618979729494,23.737500190734863,22.498810584174787,1491416.05,2129503812.0,0.0,0.0,-3.6544815762240295,0.2670502892886302
2025-04-03,PTC,PTC,23.209999084472656,23.690000534057617,22.979999542236328,23.200000762939453,4766679,23.200000762939453,0.0,42.576922730579476,-0.14943103733385854,-0.04863356319936506,-0.10079747413449348,-4.683645778561057,23.710500240325928,23.868600120544432,24.972286039328896,23.710500240325928,22.44871444132296,1635106.95,2129503812.0,0.0,0.0,-2.06838227130355,0.25425191433985594
2025-04-04,PTC,PTC,23.200000762939453,24.350000381469727,22.979999542236328,24.049999237060547,8859232,23.200000762939453,0.8499984741210938,53.03724577331991,-0.10336744476433779,-0.05958033951235961,-0.04378710525197818,-3.645832855731995,23.762000179290773,23.85420009613037,24.988713023223827,23.762000179290773,22.53528733535772,2006949.75,2138363044.0,3.6637864058992315,3.6637864058992315,1.1779502478108823,0.26286900155908466
2025-04-07,PTC,PTC,23.88999938964844,23.88999938964844,21.649999618530277,22.700000762939453,7438695,24.049999237060547,-1.3499984741210938,40.43792104376118,-0.1737919448774825,-0.0824226605853842,-0.09136928429209831,-8.356881940126964,23.73000020980835,23.81700012207031,25.034017862565825,23.73000020980835,22.425982557050872,2350947.95,2130924349.0,-5.6132994467657795,-2.1551723429195686,-2.1551723429195686,0.3307357574198232
2025-04-08,PTC,PTC,23.0,23.399999618530277,22.75,22.940000534057617,3126192,22.700000762939453,0.23999977111816406,43.029009901499215,-0.20784201940824332,-0.10750653234995602,-0.10033548705828729,-6.443718981276714,23.700500202178954,23.777800140380858,25.0494872961251,23.700500202178954,22.35151310823281,2421970.85,2134050541.0,1.057267678642519,-4.615379368879334,-1.120690604877781,0.331756056565542
2025-04-09,PTC,PTC,23.149999618530277,24.0,22.75,22.989999771118164,14141745,22.940000534057617,0.049999237060546875,43.57967214218123,-0.22816231507955465,-0.13163768889587577,-0.09652462618367888,-5.195877232502416,23.697000217437743,23.743600120544432,25.05332761346852,23.697000217437743,22.340672821406965,3072969.75,2148192286.0,0.21795656450101672,1.2775286274534847,-0.9051766591178414,0.3242385542037465
2025-04-10,PTC,PTC,23.649999618530277,23.989999771118164,23.25,23.559999465942383,5023600,22.989999771118164,0.5699996948242188,49.56464939029941,-0.19601257318272758,-0.14451266575324612,-0.05149990742948146,-3.085150211750225,23.72700023651123,23.70420009613037,25.040558083921525,23.72700023651123,22.413442389100936,3277663.15,2153215886.0,2.4793375402304134,2.7026979836565004,1.5517184963976598,0.3353125216058719
2025-04-11,PTC,PTC,23.520000457763672,23.690000534057617,23.0,23.09000015258789,2531255,23.559999465942383,-0.4699993133544922,45.29776427854798,-0.20608309016155246,-0.1568267506349074,-0.04925633952664507,-4.11129474358318,23.726000213623045,23.665200080871582,25.04156477965657,23.726000213623045,22.41043564758952,3355356.6,2150684631.0,-1.994903752158012,0.4349733904536826,-3.9916803115457804,0.3431302663065652
2025-04-14,PTC,PTC,23.15999984741211,23.549999237060547,23.01000022888184,23.36000061035156,3759670,23.09000015258789,0.2700004577636683,48.0638196981414,-0.19008607304231617,-0.16347861511638917,-0.026607457925927003,-1.3929924705220593,23.709000205993654,23.651000099182127,25.03472724292453,23.709000205993654,22.38327316906278,3438384.45,2154444301.0,1.1693393502789002,-0.8488915964532856,2.9074882168710623,0.3329360437003609
2025-04-15,PTC,PTC,23.739999771118164,23.989999771118164,23.200000762939453,23.26000022888184,4554657,23.36000061035156,-0.10000038146971946,47.11360021137994,-0.1833638128747772,-0.16745565466806678,-0.015908158206710432,-2.145562553892413,23.65500020980835,23.633400115966797,24.960332826683366,23.65500020980835,22.349667592933333,3506499.4,2149889644.0,-0.42808381359975695,0.7362497841945468,1.3949419676304642,0.3167712749914197
2025-04-16,PTC,PTC,23.530000686645508,23.530000686645508,22.43000030517578,22.6200008392334,5212928,23.26000022888184,-0.639999389648441,41.463751367754874,-0.22706155108726733,-0.1793768339519069,-0.04768471713536043,-2.499999588933498,23.538000297546386,23.599600143432617,24.768140635115856,23.538000297546386,22.307859959976916,3638060.6,2144676716.0,-2.7515020780341897,-3.1678071566070214,-1.6093907593230479,0.31144816767179206
2025-04-17,PTC,PTC,22.850000381469727,22.850000381469727,22.200000762939453,22.38999938964844,6263965,22.6200008392334,-0.23000144958495738,39.62470663497095,-0.27705776872961607,-0.19891302090744875,-0.07814474782216732,-3.491385114887317,23.419000244140626,23.578400115966797,24.607079310585934,23.419000244140626,22.23092117769532,3820783.0,2138412751.0,-1.0168056633580222,-3.740330312435346,-4.966044579013078,0.31189422729776933
2025-04-18,PTC,PTC,22.690000534057617,23.0,21.950000762939453,22.86000061035156,7355492,22.38999938964844,0.4700012207031179,44.99365904050179,-0.2755782661570798,-0.21424606995737497,-0.06133219619970484,-1.4655178508917255,23.33600025177002,23.58540012359619,24.428296290214227,23.33600025177002,22.243704213325813,4093210.05,2145768243.0,2.099156916102523,1.0610069063387984,-0.9961002196466149,0.3242407501826217
2025-04-21,PTC,PTC,22.61000061035156,22.979999542236328,22.540000915527344,22.63999938964844,2719081,22.86000061035156,-0.2200012207031179,43.06325617548542,-0.2888285735861764,-0.22916257068313528,-0.05966600290304114,-2.413798943427533,23.25550022125244,23.588000106811524,24.300457241889347,23.25550022125244,22.210543200615533,4095897.45,2143049162.0,-0.9623850167505946,1.1165699277132737,-3.0821969259027435,0.32384014282023643
2025-04-22,PTC,PTC,22.59000015258789,22.82999992370605,22.100000381469727,22.229999542236328,1382577,22.63999938964844,-0.4099998474121129,39.64917325845762,-0.32862491539869865,-0.24905503962624798,-0.07956987577245067,-7.5675665387117235,23.15150022506714,23.58420009613037,24.168208544531918,23.15150022506714,22.13479190560236,4113797.2,2141666585.0,-1.8109534384509518,-2.7559101106495647,-4.428205831943905,0.3272563694844581
2025-04-23,PTC,PTC,22.25,22.299999237060547,21.31999969482422,21.549999237060547,12064366,22.229999542236328,-0.6800003051757812,34.731091668558236,-0.4103044107883562,-0.2813049138586696,-0.1289994969296866,-5.066085846818232,23.025000190734865,23.56820007324219,24.175990943189323,23.025000190734865,21.874009438280407,4684550.4,2129602219.0,-3.058930810519367,-4.814488436277382,-4.7303340516105585,0.34005466847378707
2025-04-24,PTC,PTC,21.190000534057617,21.899999618530277,20.799999237060547,21.200000762939453,7587039,21.549999237060547,-0.34999847412109375,32.4967804975619,-0.4975425898891963,-0.324552449064775,-0.17299014082442132,-7.585003184873046,22.900500202178954,23.538600082397462,24.267101529709972,22.900500202178954,21.533898874647935,4992721.75,2122015180.0,-1.6241229072490402,-4.633372921757863,-5.314866722413398,0.34007390585733177
2025-04-25,PTC,PTC,21.200000762939453,21.549999237060547,20.600000381469727,21.299999237060547,2472323,21.200000762939453,0.09999847412109375,33.807015185884694,-0.5522445033301722,-0.3700908599178544,-0.18215364341231777,-7.351024579742398,22.777000141143798,23.4692000579834,24.25466711368885,22.777000141143798,21.299333168598746,5086009.55,2124487503.0,0.4716908986904612,-1.1600928484956197,-6.824152806822786,0.3405611717695697
2025-04-28,PTC,PTC,21.5,21.5,20.0,20.280000686645508,4309329,21.299999237060547,-1.019998550415039,27.865668017131398,-0.6701761488987437,-0.4301079177140323,-0.24006823118471138,-13.92189666234221,22.631000137329103,23.38700008392334,24.466405167389492,22.631000137329103,20.795595107268714,5178441.25,2120178174.0,-4.788725760329188,-4.339622845213445,-10.424022820786744,0.3675071708069025
2025-04-29,PTC,PTC,20.790000915527344,20.790000915527344,20.0,20.57999992370605,1431813,20.280000686645508,0.2999992370605433,31.669306303177024,-0.7310038392066254,-0.49028710201255093,-0.24071673719407444,-10.870507632285669,22.500000095367433,23.319600067138673,24.528273935501602,22.500000095367433,20.471726255233264,5250031.9,2121609987.0,1.4792861287134693,-3.380278587530398,-7.42240059607436,0.37463050127231107
2025-04-30,PTC,PTC,20.38999938964844,20.799999237060547,19.25,19.459999084472656,3995728,20.57999992370605,-1.1200008392333949,26.129746307091736,-0.8596751297376137,-0.5641647075575635,-0.2955104221800502,-16.69521157525436,22.313000011444093,23.24260005950928,24.723207460218802,22.313000011444093,19.902792562669383,5449818.3,2117614259.0,-5.4421809688311455,-4.043400268289079,-9.698376921487863,0.4116171670208404
2025-05-02,PTC,PTC,20.0,21.0,19.86000061035156,20.729999542236328,1945231,19.459999084472656,1.2700004577636719,39.13144073672744,-0.8493785244945649,-0.6212074709449639,-0.228171053549601,-10.877044977428765,22.189499950408937,23.195600051879882,24.660693976528304,22.189499950408937,19.71830592428957,5308745.9,2119559490.0,6.526210264711775,0.7288611228685807,-2.216986810324802,0.48752687741268774
2025-05-05,PTC,PTC,20.75,21.01000022888184,20.100000381469727,20.850000381469727,697595,20.729999542236328,0.12000083923339844,40.20241515507545,-0.8220591397699089,-0.6613778047099529,-0.16068133505995597,-7.824935420398764,22.029500007629395,23.142800064086913,24.40605662596461,22.029500007629395,19.65294338929418,4900664.05,2120257085.0,0.5788752623409508,7.142864143843498,-2.1126707591982115,0.46418369777397744
2025-05-06,PTC,PTC,21.0,21.06999969482422,20.299999237060547,20.38999938964844,882820,20.850000381469727,-0.4600009918212855,37.480055684390734,-0.8279821039084752,-0.6946986645496573,-0.1332834393588178,-8.93255942170619,21.913999938964842,23.05080005645752,24.37633461017617,21.913999938964842,19.451665267753516,4572870.3,2119374265.0,-2.206239728561865,-1.640135842237497,0.5423998978233171,0.43060712697819425
2025-05-07,PTC,PTC,18.549999237060547,20.100000381469727,18.450000762939453,19.350000381469727,7395176,20.38999938964844,-1.0399990081787145,32.1752015897562,-0.9061497932289235,-0.7369888902855106,-0.1691609029434129,-15.354331299940647,21.73449993133545,22.94080005645752,24.397173641484315,21.73449993133545,19.071826221186583,4786319.5,2111979089.0,-5.10053476856257,-7.194244472691297,-5.976674182683019,0.4558049766201052
2025-05-08,PTC,PTC,19.399999618530277,19.75,17.420000076293945,17.43000030517578,6294169,19.350000381469727,-1.9200000762939453,25.109385813573496,-1.1102281907401412,-0.8116367503764368,-0.29859144036370444,-23.01236406770752,21.45649995803833,22.793200073242186,24.671054231561065,21.45649995803833,18.241945684515592,4393940.7,2105684920.0,-9.922480818825246,-14.516916003319679,-10.431648894149399,0.5565251789286265
2025-05-09,PTC,PTC,16.559999465942383,17.899999618530273,16.559999465942383,17.540000915527344,3988612,17.43000030517578,0.1100006103515625,26.110542480711302,-1.2486915225429378,-0.8990477048097371,-0.34964381773320075,-21.097610091255866,21.15550003051758,22.64760009765625,24.655445640189633,21.15550003051758,17.655554420845526,4342191.3,2109673532.0,0.631099302499141,-9.354002223564322,-15.388319812595864,0.5435264171834031
2025-05-12,PTC,PTC,19.290000915527344,19.290000915527344,19.200000762939453,19.290000915527344,2289568,17.540000915527344,1.75,39.880114283904064,-1.2033429474876556,-0.9599067533453208,-0.24343619414233475,-10.487231561691091,20.96550006866455,22.544600105285646,24.435718871149007,20.96550006866455,17.495281266180093,4330106.95,2111963100.0,9.977194462121188,10.67125976927976,-7.482011690171575,0.6762892602086344
2025-05-13,PTC,PTC,20.0,20.399999618530277,18.0,20.1299991607666,6740833,19.290000915527344,0.8399982452392578,45.16261658162168,-1.0870917201461943,-0.9853437467054956,-0.10174797344069864,-5.047177187103516,20.803999996185304,22.468400077819823,24.101344111044927,20.803999996185304,17.50665588132568,4479165.1,2118703933.0,4.354578565950754,14.766237799602697,-1.27513603072414,0.697758097102972
2025-05-14,PTC,PTC,20.1299991607666,20.799999237060547,19.899999618530277,20.049999237060547,4120073,20.1299991607666,-0.07999992370605469,44.75924971305069,-0.9900049493891636,-0.9862759872422293,-0.0037289621469343004,-5.868544811142929,20.64349994659424,22.400000076293946,23.744116054790457,20.64349994659424,17.542883838398023,4457435.9,2114583860.0,-0.39741642842178876,3.939856326919342,3.6175650738548044,0.6977718673590526
2025-05-15,PTC,PTC,20.100000381469727,22.059999465942383,20.100000381469727,22.059999465942383,13505155,20.049999237060547,2.010000228881836,55.51071728199938,-0.7423158093195568,-0.9374839516576949,0.19516814233813817,8.77711399915787,20.615499877929686,22.376600074768067,23.650380651525893,20.615499877929686,17.58061910433348,4872047.25,2128089015.0,10.024939178883052,9.58768199522509,26.56339116294644,0.788214228467372
2025-05-16,PTC,PTC,22.61000061035156,23.57999992370605,22.600000381469727,22.71999931335449,15675499,22.059999465942383,0.6599998474121058,58.37548724886415,-0.4871483663453162,-0.8474168345952192,0.360268468249903,10.398442165120601,20.63199987411499,22.356200065612793,23.710772889503954,20.63199987411499,17.553226858726024,5342623.95,2143764514.0,2.991839815912304,13.316709116670172,29.532486473484354,0.7942396160837754
2025-05-19,PTC,PTC,22.989999771118164,22.989999771118164,21.899999618530277,22.030000686645508,2448066,22.71999931335449,-0.6899986267089808,54.42948226772528,-0.33672193120159477,-0.7452778539164944,0.4085559227148996,13.206586449551704,20.590499877929688,22.33640007019043,23.56337654890228,20.590499877929688,17.617623206957095,5097252.65,2141316448.0,-3.0369658783546245,-0.1359872167866051,14.204249046523485,0.79878563115754
2025-05-20,PTC,PTC,21.899999618530277,22.299999237060547,21.5,22.0,2333684,22.030000686645508,-0.030000686645507812,54.257748171885964,-0.21742239227494053,-0.6397067615881836,0.4222843693132431,6.126389222421881,20.558499908447267,22.30960006713867,23.45118549230421,20.558499908447267,17.665814324590325,5077982.8,2138982764.0,-0.1361810517949466,-3.1690111580737743,9.289622042697513,0.798093680467697
2025-05-21,PTC,PTC,22.0,23.479999542236328,22.0,23.170000076293945,7949261,22.0,1.1700000762939453,59.609989305187646,-0.028143005066510796,-0.5173940102838491,0.48925100521733833,11.127096654089753,20.605499935150146,22.302400054931642,23.63962459047403,20.605499935150146,17.571375279826263,5406317.0,2146932025.0,5.3181821649724785,5.1747587567689015,15.561102034689203,0.8168280057212627
2025-05-22,PTC,PTC,23.450000762939453,24.0,22.61000061035156,22.739999771118164,12884902,23.170000076293945,-0.43000030517578125,56.97156965350314,0.0861715104823837,-0.3966809061306026,0.4828524166129863,11.525259695018761,20.664999961853027,22.296000061035155,23.82132325825163,20.664999961853027,17.508676665454423,5447343.8,2134047123.0,-1.855849390418129,3.3636353232643823,3.082503724560867,0.8113014958919174
2025-05-23,PTC,PTC,22.989999771118164,23.709999084472656,22.920000076293945,23.190000534057617,10229271,22.739999771118164,0.4500007629394531,59.015982167485376,0.21064965035794359,-0.27521479483289335,0.48586444519083694,19.844961637650492,20.764499950408936,22.300600090026855,24.111539070747465,20.764499950408936,17.417460830070407,5579455.4,2144276394.0,1.9788951955531435,0.08632049071132744,2.0686674071634705,0.8095038770642846
2025-05-26,PTC,PTC,23.309999465942383,24.36000061035156,23.299999237060547,24.06999969482422,26781205,23.190000534057617,0.8799991607666016,62.74388265792552,0.37597405595855093,-0.1449770246746045,0.5209510806331554,38.09523392651182,20.90299997329712,22.31980007171631,24.558381315478243,20.90299997329712,17.247618631115998,6794899.5,2171057599.0,3.7947354053494093,5.848724437522966,9.26009507305803,0.8175104209924475
2025-05-27,PTC,PTC,24.18000030517578,24.88999938964844,24.149999618530277,24.280000686645508,20008328,24.06999969482422,0.21000099182128906,63.59489496159301,0.517969335409628,-0.012387752657758003,0.530357088067386,38.426450509198986,21.10299997329712,22.33140007019043,25.041597540998087,21.10299997329712,17.164402405596153,7579849.45,2191065927.0,0.8724594702277693,4.700302403991236,10.363639484752309,0.7910139335416725
2025-05-28,PTC,PTC,24.280000686645508,24.280000686645508,24.280000686645508,24.280000686645508,0,24.280000686645508,0.0,63.59489496159301,0.6233164137783085,0.1147530806294553,0.5085633331488532,25.868323143009807,21.28800001144409,22.33020008087158,25.463616461361042,21.28800001144409,17.11238356152714,7508258.8,2191065927.0,0.0,0.8724594702277693,4.790680218802605,0.7916211338220601
2025-05-29,PTC,PTC,24.51000022888184,26.709999084472656,24.51000022888184,26.229999542236328,65676043,24.280000686645508,1.9499988555908203,70.78222733819514,0.8543054418490144,0.2626635528733671,0.5916418889756472,30.303033461415318,21.626500034332274,22.355600090026854,26.25160423602198,21.626500034332274,17.00139583264257,10592274.55,2256741970.0,8.03129654219227,8.03129654219227,15.347404600904069,0.7918505170693416
2025-05-30,PTC,PTC,26.229999542236328,27.43000030517578,24.90999984741211,25.399999618530277,22174138,26.229999542236328,-0.8299999237060511,64.90823197102182,0.9593332569153361,0.40199749368176096,0.5573357632335751,26.683294688514277,21.86000003814697,22.36820007324219,26.75801656704177,21.86000003814697,16.96198350925217,11603719.9,2234567832.0,-3.1643154334393353,4.612845552763066,9.529965647163227,0.7869337712241616
2025-06-02,PTC,PTC,25.280000686645508,25.31999969482422,24.56999969482422,24.729999542236328,4963824,25.399999618530277,-0.6700000762939489,60.54067933170004,0.9772401343493691,0.5170460218152826,0.4601941125340865,12.1033551266221,22.053999996185304,22.372400054931642,27.08901980547909,22.053999996185304,17.01898018689152,11817031.35,2229604008.0,-2.6377956155761435,-5.718642875249217,2.7420018935605945,0.7981614569492144
2025-06-03,PTC,PTC,24.61000061035156,26.75,24.450000762939453,25.75,16944155,24.729999542236328,1.0200004577636719,64.46126161190537,1.0615006573531964,0.6259369489228654,0.435563708430331,13.336271030890924,22.32200002670288,22.40240005493164,27.550953911461004,22.32200002670288,17.093046141944757,12620098.1,2246548163.0,4.124547014332187,1.3779542784496117,6.054362733865249,0.7963184625323766
2025-06-04,PTC,PTC,25.989999771118164,26.979999542236328,25.770000457763672,26.1200008392334,9612830,25.75,0.37000083923339844,65.7891214086952,1.1449355995046986,0.7297366790392321,0.41519892046546647,18.565592488007642,22.660500049591064,22.43860008239746,27.9554765553431,22.660500049591064,17.36552354383903,12730980.8,2256160993.0,1.4368964630423242,5.620708947539967,7.578254120890235,0.7596778056866319
2025-06-05,PTC,PTC,26.0,26.5,25.59000015258789,26.020000457763672,5432264,26.1200008392334,-0.10000038146972656,65.08135421607213,1.189279918628607,0.8216453269571071,0.3676345916714998,18.272729353471238,23.090000057220458,22.477400093078614,27.976359098218357,23.090000057220458,18.20364101622256,12687885.55,2250728729.0,-0.3828498401865346,1.048545467043386,-0.8006065121522761,0.632226480163518
2025-06-06,PTC,PTC,26.020000457763672,26.020000457763672,26.020000457763672,26.020000457763672,0,26.020000457763672,0.0,65.08135421607213,1.2104695712911706,0.8994101758239199,0.3110593954672507,12.300390039211367,23.514000034332277,22.524000091552736,27.80843436338011,23.514000034332277,19.219565705284445,12488454.95,2250728729.0,0.0,-0.3828498401865346,2.4409482226176116,0.634558868714582
2025-06-09,PTC,PTC,26.020000457763672,26.020000457763672,26.020000457763672,26.020000457763672,0,26.020000457763672,0.0,65.08135421607213,1.2132766259835925,0.9621834658558545,0.2510931601277381,14.423925768070598,23.85050001144409,22.569000091552734,27.791472756860465,23.85050001144409,19.909527266027716,12373976.55,2250728729.0,0.0,0.0,5.216340232130426,0.5645179386110036
2025-06-10,PTC,PTC,26.0,26.399999618530277,25.75,25.799999237060547,2313047,26.020000457763672,-0.220001220703125,63.212745047773815,1.1840994161738863,1.0065666559194608,0.17753276025442544,11.25484537686749,24.13400001525879,22.621000061035158,27.750467904266777,24.13400001525879,20.5175321262508,12152587.25,2248415682.0,-0.8455081354062102,-0.8455081354062102,0.19417179440989077,0.5606108757093184
2025-06-11,PTC,PTC,26.11000061035156,26.200000762939453,25.5,25.51000022888184,3738940,25.799999237060547,-0.2899990081787074,60.7371894136614,1.1246119444036111,1.0301757136162908,0.09443623078732033,5.982553187847628,24.407000064849854,22.667200050354005,27.51380833237781,24.407000064849854,21.300191797321897,12133530.6,2244676742.0,-1.1240271967223037,-1.9600315907360486,-2.3353774531098446,0.5641211809843696
2025-06-12,PTC,PTC,25.950000762939453,26.38999938964844,25.299999237060547,25.5,8631513,25.51000022888184,-0.01000022888183949,60.6489851275127,1.0643911212607833,1.0370187951451895,0.027372326115593815,5.024708726740344,24.579000091552736,22.713200035095216,27.514904167009796,24.579000091552736,21.643096016095676,11889848.5,2236045229.0,-0.03920121047477475,-1.1627877749298976,-1.9984644451015665,0.4605599036399242
2025-06-13,PTC,PTC,25.5,25.940000534057617,24.25,24.43000030517578,3767758,25.5,-1.0699996948242188,51.95496824747332,0.9197236503080823,1.0135597661777682,-0.09383611586968588,0.617790833147613,24.664500141143797,22.73780002593994,27.46911635054807,24.664500141143797,21.859883931739525,11294461.45,2232277471.0,-4.19607723460478,-4.233633532011133,-6.1106845680837685,0.4845418361984098
2025-06-16,PTC,PTC,24.43000030517578,24.43000030517578,24.43000030517578,24.43000030517578,0,24.43000030517578,0.0,51.95496824747332,0.7958990089598572,0.9700276147341861,-0.17412860577432887,-6.862368541646882,24.784500122070312,22.745400047302248,27.305539810629174,24.784500122070312,22.26346043351145,11172058.15,2232277471.0,0.0,-4.19607723460478,-6.1106845680837685,0.46760908976967314
2025-06-17,PTC,PTC,24.700000762939453,24.899999618530277,24.290000915527344,24.530000686645508,1267200,24.43000030517578,0.10000038146972656,52.690051929532515,0.6977925652976111,0.9155806048468712,-0.21778803954926007,-3.4251926966568593,24.911000156402586,22.782000045776368,27.07192486771062,24.911000156402586,22.750075445094552,11118733.95,2233544671.0,0.4093343439236074,0.4093343439236074,-4.922475147172651,0.4669342615394171
2025-06-18,PTC,PTC,24.299999237060547,24.299999237060547,23.100000381469727,23.559999465942383,3398859,24.530000686645508,-0.970001220703125,45.429328095796656,0.5355974757021826,0.8395839790179335,-0.30398650331575083,-4.7310962311006275,24.93050012588501,22.794400024414063,27.031482139295953,24.93050012588501,22.82951811247407,10891213.85,2230145812.0,-3.9543464881809314,-3.5611986425111852,-7.64406407465144,0.4582220234586791
2025-06-19,PTC,PTC,24.0,24.799999237060547,23.299999237060547,23.600000381469727,3189779,23.559999465942383,0.04000091552734375,45.76125560959082,0.4056088320931046,0.7527889496329677,-0.3471801175398631,-8.349513081670965,24.973500156402586,22.806600036621095,26.914853643094286,24.973500156402586,23.032146669710887,10406457.7,2233335591.0,0.16978317671512622,-3.791277126551762,-7.450978896197151,0.4522253248872581
2025-06-20,PTC,PTC,24.200000762939453,24.520000457763672,23.280000686645508,23.43000030517578,1796923,23.600000381469727,-0.1700000762939453,44.52182899583551,0.28558229517829403,0.659347618742033,-0.3737653235637389,-10.298623459525764,24.985500144958497,22.804000053405762,26.882905262464384,24.985500144958497,23.08809502745261,9984840.3,2231538668.0,-0.720339294686733,-0.5517791329092532,-4.093327824429614,0.44846465404600333
2025-06-23,PTC,PTC,22.399999618530277,23.1200008392334,21.209999084472656,21.559999465942383,3707381,23.43000030517578,-1.8700008392333984,33.70698684182243,0.03911605491954262,0.5353013059775349,-0.49618525105799227,-17.140664540190446,24.860000133514404,22.77340003967285,27.27406432509096,24.860000133514404,22.445935941937847,8831149.1,2227831287.0,-7.981224135196907,-8.644071536240796,-11.747854291370414,0.5099835860035555
2025-06-24,PTC,PTC,23.030000686645508,23.71999931335449,22.56999969482422,23.71999931335449,7418434,21.559999465942383,2.159999847412106,49.09014895149268,0.01787763736029646,0.43181657225408726,-0.4139389348937908,-8.839358585495045,24.832000064849854,22.78060001373291,27.287032514402384,24.832000064849854,22.376967615297325,8201654.4,2235249721.0,10.018552416126846,1.2377251574966708,-3.3020845928145275,0.6314924635907418
2025-06-25,PTC,PTC,24.0,24.799999237060547,23.5,24.15999984741211,6890401,23.71999931335449,0.44000053405762074,51.55619008060189,0.03613387546678837,0.3526800328966275,-0.31654615742983916,-7.148349645000056,24.826000022888184,22.798600006103516,27.287291362529487,24.826000022888184,22.36470868324688,8546174.45,2242140122.0,1.8549770100958565,12.05937127028626,2.5466909807747187,0.6350816778677113
2025-06-26,PTC,PTC,24.200000762939453,24.299999237060547,23.5,23.63999938964844,7065779,24.15999984741211,-0.5200004577636683,48.56231888873528,0.00854389586575266,0.28385280549045255,-0.2753089096246999,-8.372092679403503,24.69650001525879,22.818999977111815,27.118993916853988,24.69650001525879,22.27400611366359,5615661.25,2235074343.0,-2.15231978910533,-0.337267816281121,0.16948732005157488,0.5642660130502807
2025-06-27,PTC,PTC,23.799999237060547,25.100000381469727,23.75,24.290000915527344,6340441,23.63999938964844,0.6500015258789027,52.29173825731056,0.03868242222148055,0.23481872883665816,-0.1961363066151776,-4.782435524925007,24.641000080108643,22.857000007629395,27.046432060604328,24.641000080108643,22.23556809961296,4823976.4,2241414784.0,2.749583513794537,0.5380838946038297,3.6705104530518713,0.5657095936450758
2025-06-30,PTC,PTC,24.65999984741211,25.899999618530277,24.100000381469727,25.440000534057617,12734582,24.290000915527344,1.1499996185302734,58.082353797977085,0.15359226375364088,0.21857343582005473,-0.06498117206641385,-0.235292023303462,24.676500129699708,22.908600006103516,27.10827509598046,24.676500129699708,22.244725163418956,5212514.3,2254149366.0,4.7344568760190455,7.614218235544314,17.996294824795072,0.5831993576429261
2025-07-01,PTC,PTC,25.200000762939453,25.84000015258789,24.88999938964844,25.540000915527344,7655781,25.440000534057617,0.10000038146972656,58.55344846081538,0.24984824109689185,0.22482839687542217,0.02501984422146969,4.543596383485905,24.666000175476075,22.966600036621095,27.080007183546293,24.666000175476075,22.251993167405857,4748095.6,2261805147.0,0.39308325224227797,5.146150485325587,7.672856892319488,0.5646858939052953
2025-07-02,PTC,PTC,25.690000534057617,25.690000534057617,24.899999618530277,24.959999084472656,3102252,25.540000915527344,-0.5800018310546875,54.712733305745736,0.2761472426224607,0.2350921660248299,0.0410550765976308,2.1694587502096288,24.608000087738038,23.02120002746582,26.92885877370297,24.608000087738038,22.287141401773106,4422566.7,2258702895.0,-2.2709546212352274,-1.8867981112750467,3.3112551411966935,0.5676640669073854
2025-07-03,PTC,PTC,24.959999084472656,25.15999984741211,24.549999237060547,24.68000030517578,2547157,24.959999084472656,-0.279998779296875,52.90848460617972,0.27126881136528525,0.242327495092921,0.028941316272364237,0.6114945549591257,24.541000080108642,23.083800048828124,26.765598821310796,24.541000080108642,22.316401338906488,4278311.35,2256155738.0,-1.1217900223043646,-3.367269301187515,4.399327167422598,0.5686421329969658
2025-07-04,PTC,PTC,24.600000381469727,25.5,24.5,24.68000030517578,4073992,24.68000030517578,0.0,52.908484606179734,0.2643552961482314,0.2467330553039831,0.017622240844248294,4.753823703826638,24.47400007247925,23.153400039672853,26.589063183742176,24.47400007247925,22.358936961216322,4482010.95,2256155738.0,0.0,-1.1217900223043646,1.6055964386527917,0.5686421329969658
2025-07-07,PTC,PTC,24.76000022888184,24.809999465942383,23.899999618530277,24.01000022888184,4963184,24.68000030517578,-0.6700000762939418,48.472486344373735,0.20247882889606217,0.23788221002239893,-0.03540338112633676,1.7372874609529119,24.373500061035156,23.20760005950928,26.366765588519527,24.373500061035156,22.380234533550784,4730170.15,2251192554.0,-2.714749060004802,-2.714749060004802,-5.621070263978081,0.5754757034964056
2025-07-08,PTC,PTC,25.489999771118164,26.049999237060547,25.0,25.440000534057617,18707984,24.01000022888184,1.4300003051757777,56.79807748758188,0.2657667626139819,0.24345912054071553,0.02230764207326638,8.57874606360043,24.35550012588501,23.31080005645752,26.300442493098856,24.35550012588501,22.41055775867116,5549917.0,2269900538.0,5.955852942706839,3.079417420924634,-0.39154415773309603,0.6167086461365499
2025-07-09,PTC,PTC,25.5,25.700000762939453,24.600000381469727,24.899999618530277,4860625,25.440000534057617,-0.5400009155273402,53.29609226585752,0.2692456489023165,0.24861642621303573,0.020629222689280774,15.491652297413003,24.325000095367432,23.397200050354005,26.211980865548703,24.325000095367432,22.43801932518616,5606001.25,2265039913.0,-2.1226450636446246,3.706786260575914,-0.24038248454786312,0.6201330388712408
2025-07-10,PTC,PTC,25.100000381469727,25.13999938964844,24.420000076293945,24.59000015258789,3010110,24.899999618530277,-0.30999946594238637,51.3391392925474,0.24417364345302062,0.24772786966103272,-0.003554226208012101,3.6677945380191765,24.279500102996828,23.499800071716308,26.08950174863358,24.279500102996828,22.469498457360075,5324931.1,2262029803.0,-1.2449777939421676,-3.341196397900207,-0.3646683609198181,0.6215820717794985
2025-07-11,PTC,PTC,24.5,24.700000762939453,23.950000762939453,24.26000022888184,2830505,24.59000015258789,-0.32999992370605113,49.26535208860945,0.19542294847826724,0.23726688542447963,-0.041843936946212384,0.4139088663133482,24.27100009918213,23.57040008544922,26.07962203632389,24.27100009918213,22.462378162040373,5278068.45,2259199298.0,-1.342008628134642,-2.570278712663745,-1.701783108186839,0.6047236341097506
2025-07-14,PTC,PTC,23.82999992370605,24.270000457763672,23.76000022888184,24.020000457763672,3056979,24.26000022888184,-0.23999977111816762,47.754534964325124,0.13585563650311272,0.21698463564020626,-0.08112899913709354,1.607449568216262,24.250500106811526,23.633800086975096,26.06082738111519,24.250500106811526,22.440172832507862,5430917.4,2256142319.0,-0.9892818172047865,-2.3180141979959727,0.04165026566639938,0.6058138678110736
2025-07-15,PTC,PTC,24.020000457763672,24.32999992370605,23.600000381469727,23.690000534057617,2579978,24.020000457763672,-0.3299999237060547,45.680167506033946,0.061313097463369104,0.18585032800483883,-0.12453723054146973,-2.470153803436777,24.20850009918213,23.699800109863283,26.030463307229926,24.20850009918213,22.386536891134337,5496556.3,2253562341.0,-1.3738547769235914,-2.3495452986254732,-6.878930673201834,0.6074561054814818
2025-07-16,PTC,PTC,23.399999618530277,23.399999618530277,21.51000022888184,21.90999984741211,16597824,23.690000534057617,-1.7800006866455078,36.476257607830185,-0.1397822582399293,0.12072381075588523,-0.2605060689958145,-13.875788571308185,24.126000118255618,23.75100009918213,26.203158479476222,24.126000118255618,22.048841757035014,6156504.55,2236964517.0,-7.513721597796138,-8.784348751623668,-12.008031393273782,0.6490798921608505
2025-07-17,PTC,PTC,22.299999237060547,23.790000915527344,22.0,23.559999465942383,14491830,21.90999984741211,1.6499996185302734,47.113679427293576,-0.16411873820174705,0.06375530096435877,-0.22787403916610582,-7.752550425247619,24.12400007247925,23.87360008239746,26.203366807314097,24.12400007247925,22.044633337644406,6721607.1,2251456347.0,7.530806161667602,-0.5487592451859173,-4.188697357682241,0.7059955819657848
2025-07-18,PTC,PTC,23.8799991607666,23.8799991607666,22.600000381469727,22.799999237060547,3314715,23.559999465942383,-0.7600002288818359,43.50034952962284,-0.2419422807811884,0.0026157846152493336,-0.24455806539643773,-8.653845859937638,24.09250001907349,23.978800048828123,26.234284127958073,24.09250001907349,21.950715910188908,6797496.7,2248141632.0,-3.225807496220317,4.062069355758391,-6.018140882303632,0.715323768987374
2025-07-21,PTC,PTC,22.799999237060547,23.299999237060547,22.75,23.049999237060547,4148359,22.799999237060547,0.25,44.99477917268866,-0.28021494484450216,-0.05395036127670097,-0.2262645835678012,-6.604542333710578,24.167000007629397,24.05400001525879,26.022383634641493,24.167000007629397,22.311616380617302,6819545.6,2252289991.0,1.0964912647612477,-2.164686928873138,-4.038306420554643,0.6513940571461603
2025-07-22,PTC,PTC,22.799999237060547,24.75,22.799999237060547,23.959999084472656,24901859,23.049999237060547,0.9099998474121094,50.162207958519275,-0.23441473718209238,-0.09004323645777926,-0.14437150072431312,-2.9173468873585446,24.178999996185304,24.13060001373291,26.02529299243911,24.178999996185304,22.3327069999315,7693716.85,2277191850.0,3.947938731160484,5.087718799247033,1.139715256767847,0.562201348393317
2025-07-23,PTC,PTC,24.09000015258789,24.170000076293945,23.34000015258789,23.86000061035156,5188988,23.959999084472656,-0.0999984741210973,49.61066119581995,-0.20383707683878427,-0.11280200453398026,-0.09103507230480401,-0.6247380970444335,24.164000034332275,24.20680004119873,26.01580935204079,24.164000034332275,22.31219071662376,7608646.2,2272002862.0,-0.4173559179553625,3.514105857273371,8.900049185394098,0.5586193175164691
2025-07-24,PTC,PTC,24.059999465942383,24.100000381469727,23.350000381469727,23.5,4085539,23.86000061035156,-0.36000061035155895,47.582298297249245,-0.20627528820083185,-0.1314966612673506,-0.07477862693348125,-7.625788102718219,24.157000064849854,24.23560005187988,26.018184107163915,24.157000064849854,22.295816022535792,7459634.2,2267917323.0,-1.5088038606142125,-1.9198626963669623,-0.2546666693652358,0.5557969288993122
2025-07-25,PTC,PTC,23.649999618530277,24.049999237060547,23.399999618530277,23.8700008392334,5046570,23.5,0.37000083923339844,49.85169818633993,-0.17631911575987402,-0.1404611521658553,-0.035857963594018716,-4.13654134568888,24.136000061035155,24.25860008239746,26.000340667650214,24.136000061035155,22.271659454420096,7394940.65,2272963893.0,1.5744716563123338,0.04191210656340442,4.692989640252286,0.5496971382802569
